player_name,Pitches,Average Pitch Speed,Average Effective Pitch Speed,Average Spin Rate,Average Horizontal Break,Average Vertical Break,Corner %,BAA,SLGA,BABIPA,wOBAA,mlb_id,salary,yearID
Aaron Loup,186,86.9258064516129,85.52540540540541,2205.1945945945945,1.0354838709677419,0.38225806451612904,0.005376344086021506,0.21621621621621623,0.40540540540540543,0.25,0.3611627906976744,571901,1050000,2016
Aaron Nola,1867,85.24949116229244,84.89763948497854,2136.7661637931033,-0.5524370648098554,0.21156936261381895,5.356186395286556e-4,0.2703296703296703,0.4043956043956044,0.345565749235474,0.32660606060606057,605400,517500,2016
Aaron Sanchez,2747,92.1192937750273,91.56796045404614,2343.064801178203,-0.9372770294867128,0.8446669093556607,3.6403349108117945e-4,0.22418879056047197,0.3333333333333333,0.26796116504854367,0.28543741588156124,592717,517800,2016
Adam Conley,2191,89.09087174806025,88.06919022520364,2263.858333333333,1.1663167503423095,1.1472843450479233,4.5641259698767686e-4,0.24742268041237114,0.3835051546391753,0.30337078651685395,0.3333272727272727,543045,512500,2016
Adam Ottavino,343,88.88775510204081,89.54053254437869,2404.203761755486,-0.08425655976676384,0.39387755102040817,0.0029154518950437317,0.2,0.32857142857142857,0.2682926829268293,0.27565789473684216,493603,1300000,2016
Adam Wainwright,3040,84.75822368421052,84.50775862068966,2339.7332883187037,-0.07411184210526316,0.40901315789473686,3.289473684210526e-4,0.2825788751714678,0.4224965706447188,0.3327433628318584,0.33390920554854986,425794,19500000,2016
Adam Warren,1044,88.81973180076628,88.33251473477407,2147.768218623482,-0.3414750957854406,0.9594827586206897,9.578544061302681e-4,0.23943661971830985,0.4084507042253521,0.2608695652173913,0.31728813559322033,476589,1700000,2016
Addison Reed,1067,91.11302717900656,91.71062030075188,2104.097609561753,-0.25941893158388,1.269353327085286,9.372071227741331e-4,0.19291338582677164,0.25984251968503935,0.2727272727272727,0.21243346007604563,592665,5300000,2016
AJ Ramos,1054,86.44193548387096,85.42480544747082,2351.868686868687,-0.23548387096774193,0.6565464895635673,9.487666034155598e-4,0.2186046511627907,0.2651162790697674,0.3108108108108108,0.28792156862745094,573109,3400000,2016
Alex Cobb,386,87.00751295336788,84.9154046997389,2053.8376963350784,-0.7336787564766839,0.9178756476683938,0.0025906735751295338,0.3368421052631579,0.5894736842105263,0.36,0.41504854368932037,502171,4000000,2016
Alex Colome,773,92.2849935316947,91.5229274611399,2117.0637393767706,0.10892626131953428,1.2865459249676585,0.00129366106080207,0.2127659574468085,0.2925531914893617,0.3050847457627119,0.25507462686567167,517008,521700,2016
Alex Wilson,972,89.80154320987654,89.7904860392968,2280.760339342524,-0.3830246913580247,1.1561728395061728,0.00102880658436214,0.2629310344827586,0.4051724137931034,0.296875,0.30561752988047813,543935,522500,2016
Alex Wood,985,87.53086294416244,86.69722792607803,1912.2183544303798,0.716243654822335,0.814010152284264,0.0010152284263959391,0.2445414847161572,0.34934497816593885,0.31875,0.3043700787401575,622072,530000,2016
Alexi Ogando,623,90.94012841091492,89.71610305958131,2263.683185840708,-0.5070626003210272,1.2208667736757624,0.0016051364365971107,0.2711864406779661,0.3898305084745763,0.32967032967032966,0.3387943262411348,468396,2000000,2016
Alfredo Simon,1070,88.7207476635514,87.78016997167138,2054.564375605034,-0.6776635514018692,0.855981308411215,9.345794392523365e-4,0.35294117647058826,0.5966386554621849,0.37037037037037035,0.46335740072202164,430580,2000000,2016
Andrew Cashner,2038,91.31403336604514,90.0304583538689,2142.27065382666,-0.6712463199214916,1.1080471050049068,4.906771344455348e-4,0.275626423690205,0.5079726651480638,0.3128834355828221,0.3819718309859156,488768,7150000,2016
Andrew Chafin,351,90.43618233618234,90.71509971509971,2146,0.7698005698005698,1.0344729344729344,0.002849002849002849,0.25882352941176473,0.35294117647058826,0.375,0.3229166666666667,605177,519700,2016
Andrew Faulkner,123,89.59268292682927,89.1364406779661,1857.0530973451328,0.8121951219512196,0.8853658536585366,0.008130081300813009,0.2857142857142857,0.6071428571428571,0.20833333333333334,0.4135483870967742,605226,508500,2016
Andrew Miller,985,88.65065989847716,89.12935779816513,2367.4701754385965,-0.17451776649746192,0.5520812182741117,0.0010152284263959391,0.16740088105726872,0.3039647577092511,0.26956521739130435,0.22857142857142856,453192,9000000,2016
Anibal Sanchez,2204,88.05149727767694,87.72312243969048,2187.8652130822597,-0.39342105263157895,1.2205989110707804,4.5372050816696913e-4,0.2896281800391389,0.4794520547945205,0.3324396782841823,0.3667491166077739,434671,16800000,2016
Anthony DeSclafani,1649,90.31910248635536,90.50385793018984,2044.4800257731958,-0.45524560339599757,0.7713159490600364,6.064281382656155e-4,0.2619047619047619,0.41534391534391535,0.3028169014084507,0.32839024390243904,543101,540000,2016
Antonio Bastardo,1108,89.01209386281589,88.48783524904215,2373.50525210084,0.48772563176895306,1.5616425992779783,9.025270758122744e-4,0.24675324675324675,0.43722943722943725,0.2974683544303797,0.3487547169811321,455374,5375000,2016
Arodys Vizcaino,661,92.79712556732224,91.404,2396.8992932862193,-0.729803328290469,0.8580937972768532,0.0015128593040847202,0.2222222222222222,0.3055555555555556,0.31868131868131866,0.2844171779141104,527055,897500,2016
Aroldis Chapman,815,98.7079754601227,99.24556962025316,2532.998347107438,0.35828220858895704,1.5671165644171778,0.001226993865030675,0.15204678362573099,0.22807017543859648,0.25,0.20459459459459461,547973,9468443,2016
Arquimedes Caminero,939,96.20319488817891,95.97755102040816,2219.9364358683315,-0.6806176783812566,0.9338658146964857,0.0010649627263045794,0.28717948717948716,0.4717948717948718,0.3333333333333333,0.4004273504273504,491708,532500,2016
Bartolo Colon,2462,87.75432750914263,85.86450144807613,2133.001259445844,-1.1217797643234457,1.012027631044291,4.0617384240454913e-4,0.26120556414219476,0.42040185471406494,0.2813102119460501,0.31345132743362836,112526,7250000,2016
Blaine Hardy,380,84,83.77195767195767,2097.9438502673797,0.36236842105263156,1.076578947368421,0.002631578947368421,0.25,0.39285714285714285,0.2835820895522388,0.32191489361702125,543278,520500,2016
Blake Treinen,870,93.11436781609196,91.2170616113744,2380.3715775749674,-1.0052873563218392,0.4560919540229885,0.0011494252873563218,0.2233502538071066,0.3248730964467005,0.2857142857142857,0.27894495412844034,595014,524900,2016
Blake Wood,1122,93.34322638146168,92.99990974729242,2155.4621435594886,-0.6066844919786096,0.8605169340463458,8.9126559714795e-4,0.24279835390946503,0.3868312757201646,0.3132530120481928,0.32404332129963903,502028,600000,2016
Bo Schultz,238,94.52436974789916,94.01218487394958,2363.285087719298,-0.8865546218487395,1.1945378151260504,0.004201680672268907,0.26666666666666666,0.43333333333333335,0.28,0.31,544759,513300,2016
Brad Boxberger,310,87.4216129032258,86.33006535947712,2003,-0.5619354838709677,1.2525806451612904,0.0032258064516129032,0.2923076923076923,0.4307692307692308,0.32,0.387948717948718,502202,519200,2016
Brad Brach,1199,91.71818181818182,90.56951423785594,2225.812621359223,-0.7135946622185154,0.9698915763135947,8.340283569641367e-4,0.19844357976653695,0.311284046692607,0.2631578947368421,0.255354609929078,542960,1250000,2016
Brad Ziegler,878,80.48781321184511,79.70686498855835,1969.700477326969,-0.6816628701594533,-0.529498861047836,0.0011389521640091116,0.2557077625570776,0.3333333333333333,0.313953488372093,0.29345991561181434,446899,5500000,2016
Brandon Finnegan,2496,89.64579326923077,88.56450964630226,2114.7014787430685,0.6100961538461539,1.0599759615384616,0.00040064102564102563,0.24181818181818182,0.4163636363636364,0.2639225181598063,0.335,605232,511500,2016
Brandon Maurer,1096,91.05209854014599,90.24793767186068,2386.681863230922,-0.6105839416058394,1.051551094890511,9.124087591240876e-4,0.23265306122448978,0.39183673469387753,0.29411764705882354,0.30095057034220535,543506,526400,2016
Brett Anderson,120,87.72666666666667,86.76916666666666,2077.883333333333,0.6383333333333333,0.735,0.008333333333333333,0.34375,0.5,0.35714285714285715,0.3661764705882353,474463,15800000,2016
Brett Cecil,485,88.16412371134021,86.29791231732777,2211.6573875802997,0.3785567010309278,0.5758762886597938,0.002061855670103093,0.28225806451612906,0.4435483870967742,0.3614457831325301,0.3437121212121212,446399,3800000,2016
Brett Oberholtzer,1104,85.76005434782608,84.77540983606558,1988.2722914669223,0.8019927536231884,1.1623188405797102,9.057971014492754e-4,0.2923076923076923,0.5461538461538461,0.30456852791878175,0.3916724738675958,519085,518000,2016
Brian Matusz,205,86.49170731707318,84.98872549019607,2362.4656084656085,0.26195121951219513,1.4502439024390243,0.004878048780487805,0.4146341463414634,0.8780487804878049,0.3333333333333333,0.5844230769230769,451085,3900000,2016
Bryan Mitchell,361,91.50692520775623,90.6421052631579,2385.075418994413,-0.4343490304709141,0.9493074792243767,0.002770083102493075,0.2727272727272727,0.38636363636363635,0.2948717948717949,0.3312121212121212,571951,516650,2016
Bryan Morris,282,90.85780141843972,91.4846975088968,2058.1458333333335,-0.6801418439716312,0.7244680851063829,0.0035460992907801418,0.23809523809523808,0.4444444444444444,0.2391304347826087,0.3587671232876712,457768,1350000,2016
Bryan Shaw,1080,91.67361111111111,90.80418215613383,2490.6295585412668,0.4249074074074074,0.7462962962962963,9.25925925925926e-4,0.2374429223744292,0.3972602739726027,0.29333333333333333,0.3202032520325203,543766,2750000,2016
Buck Farmer,505,90.0839603960396,89.63445544554456,2235.702083333333,-0.8023762376237624,1.0461386138613862,0.0019801980198019802,0.23148148148148148,0.4166666666666667,0.2692307692307692,0.34565891472868215,571656,509500,2016
Bud Norris,1901,90.40105207785376,90.01768743400211,2366.6184767277855,-0.38453445554971066,0.9692793266701736,5.260389268805891e-4,0.2649164677804296,0.41766109785202865,0.31511254019292606,0.33426724137931035,502032,2500000,2016
Buddy Baumann,156,87.71282051282051,88.09679487179487,2316.9423076923076,0.5923076923076923,1.3333333333333333,0.00641025641025641,0.125,0.125,0.17391304347826086,0.17555555555555558,571473,520000,2016
Caleb Cotham,431,89.35359628770301,88.64685314685315,2396.4391534391534,-0.06658932714617169,0.9556844547563805,0.002320185614849188,0.32323232323232326,0.47474747474747475,0.37662337662337664,0.39929824561403504,571584,509675,2016
Cam Bedrosian,664,92.00753012048193,91.54104134762635,2451.1601307189544,-0.11295180722891567,1.1349397590361445,0.0015060240963855422,0.20408163265306123,0.24489795918367346,0.30526315789473685,0.2532317073170732,592135,510500,2016
Carlos Carrasco,1858,91.16905274488697,91.24797843665768,2226.464812712826,-0.7560818083961248,0.8207212055974166,5.382131324004305e-4,0.23503325942350334,0.42350332594235035,0.2724458204334365,0.31523517382413085,471911,4500000,2016
Carlos Martinez,2642,92.29928084784254,90.69578907435509,2088.9251728344857,-0.8367146101438304,0.6405374716124148,3.785011355034065e-4,0.24044585987261147,0.34235668789808915,0.28874734607218683,0.3090870185449358,593372,539000,2016
Carlos Rodon,2364,91.18142978003384,90.20099137931034,2122.913402061856,0.5313874788494077,0.9870135363790186,4.2301184433164127e-4,0.28442028985507245,0.4528985507246377,0.3488372093023256,0.3542269736842105,607074,518000,2016
Carlos Torres,1147,90.21194420226678,90.03689407540395,2342.462857142857,0.056408020924149954,0.8168265039232782,8.718395815170009e-4,0.21568627450980393,0.35294117647058826,0.27071823204419887,0.29852112676056336,448614,1050000,2016
Casey Fien,632,90.83069620253164,90.27895569620253,2511.265270506108,-0.2995253164556962,1.2031645569620253,0.0015822784810126582,0.29605263157894735,0.618421052631579,0.3047619047619048,0.4029113924050633,502272,2275000,2016
Chad Bettis,2768,88.43327312138729,88.0495475931958,1942.2389580973952,-0.22485549132947977,0.7647760115606936,3.61271676300578e-4,0.27958579881656803,0.4334319526627219,0.32509505703422054,0.34105769230769234,518452,512500,2016
Charlie Morton,276,89.97826086956522,87.6677536231884,2349.565055762082,-0.9152173913043479,0.16884057971014493,0.0036231884057971015,0.24193548387096775,0.3225806451612903,0.3333333333333333,0.2977142857142857,450203,8000000,2016
Chase Anderson,2311,87.12792207792208,86.06953498478923,2180.192102928128,-0.7391774891774892,1.1545887445887446,4.3271311120726956e-4,0.26522593320235754,0.48526522593320237,0.28865979381443296,0.3598581560283688,502624,520200,2016
Chase Whitley,238,85.99411764705883,85.89621848739496,2009.7149122807018,-0.5794117647058824,1.1285714285714286,0.004201680672268907,0.22413793103448276,0.3448275862068966,0.2682926829268293,0.2695081967213115,595032,524525,2016
Chasen Shreve,503,86.94353876739562,86.09900398406374,1863.0993377483444,0.6023856858846919,1.0968190854870776,0.0019880715705765406,0.21428571428571427,0.5,0.2222222222222222,0.3441463414634146,592741,533400,2016
Chris Archer,2922,91.6564681724846,90.77223942208462,2161.098445595855,-0.16064339493497604,1.0648528405201916,3.4223134839151266e-4,0.24174174174174173,0.4144144144144144,0.29977628635346754,0.3168673050615595,502042,2916667,2016
Chris Bassitt,503,87.36003976143141,86.92651821862349,2195.277777777778,-0.5248508946322068,0.6747514910536779,0.0019880715705765406,0.29411764705882354,0.48739495798319327,0.32967032967032966,0.37518796992481207,605135,510000,2016
Chris Hatcher,770,92.48922077922077,91.07503250975293,2240.8043775649794,-0.5033766233766234,1.2942857142857143,0.0012987012987012987,0.25316455696202533,0.47468354430379744,0.29906542056074764,0.35534090909090915,501822,1065000,2016
Chris Heston,110,81.60272727272728,81.67798165137614,2097.935185185185,-0.23272727272727273,0.5036363636363637,0.00909090909090909,0.4090909090909091,0.6363636363636364,0.47368421052631576,0.48615384615384616,518790,530000,2016
Chris Narveson,130,85.04307692307692,82.23571428571428,2216.55,0.5284615384615384,1.2384615384615385,0.007692307692307693,0.29411764705882354,0.5882352941176471,0.28,0.41694444444444445,429780,1200000,2016
Chris Rusin,1054,86.83377609108159,85.30143403441683,2199.454274353877,0.7144212523719166,0.6882352941176471,9.487666034155598e-4,0.24907063197026022,0.379182156133829,0.3076923076923077,0.30282229965156793,543734,512500,2016
Chris Sale,3077,88.60257161458334,87.30953326713009,2215.5657104736492,0.8724934895833333,0.5070963541666667,3.2499187520311994e-4,0.22830440587449932,0.3818424566088118,0.2783109404990403,0.3058044554455446,519242,9150000,2016
Chris Tillman,2761,88.0511046722202,88.21838955386289,2164.777129521587,-0.38511408909815287,1.0631293009779066,3.621876131836291e-4,0.2408026755852843,0.40635451505016723,0.2822222222222222,0.3244610778443114,501957,6225000,2016
Christian Bergman,425,87.04117647058824,85.66039119804401,2096.810344827586,-0.6865882352941176,0.9910588235294118,0.002352941176470588,0.3523809523809524,0.6190476190476191,0.3974358974358974,0.4271171171171171,548357,512500,2016
Clay Buchholz,2009,87.03822797411648,86.88639082751745,2251.9103343465044,-0.3343454454952713,0.8177202588352415,4.977600796416127e-4,0.2515991471215352,0.44989339019189767,0.25675675675675674,0.3415047619047619,453329,13000000,2016
Clayton Kershaw,2062,88.69704027171277,88.1839512195122,2329.9233759022763,-0.2079573022804464,1.1082969432314411,4.8496605237633366e-4,0.1844106463878327,0.26806083650190116,0.2564841498559078,0.21020408163265308,477132,33000000,2016
Clayton Richard,800,89.421,87.78657465495608,2085.959442332066,1.32625,0.57475,0.00125,0.33497536945812806,0.4187192118226601,0.375,0.36572687224669603,453385,2000000,2016
Cody Allen,959,91.05354906054279,91.13493723849372,2532.5993657505287,-0.23789144050104385,0.9913361169102296,0.0010427528675703858,0.1724137931034483,0.32019704433497537,0.22950819672131148,0.2496846846846847,592102,4150000,2016
Cody Anderson,996,90.6980923694779,89.63540772532188,2410.2162162162163,-1.0330321285140562,1.136144578313253,0.001004016064257028,0.3333333333333333,0.5686274509803921,0.38095238095238093,0.40292134831460674,594736,511400,2016
Cole Hamels,2785,88.87719928186715,88.81320685881066,2000.5935554741852,0.6548294434470378,0.989407540394973,3.590664272890485e-4,0.24454828660436137,0.3894080996884735,0.2973568281938326,0.3270914127423823,430935,22500000,2016
Colin Rea,1761,88.68290743895514,88.6491168091168,2059.842074927954,-0.4184554230550823,0.9923906871095968,5.678591709256105e-4,0.25888324873096447,0.4263959390862944,0.29605263157894735,0.3500000000000001,607067,510200,2016
Collin McHugh,2908,84.00557083906465,83.7563512054696,2381.227806309611,0.12156121045392022,0.5438101788170564,3.43878954607978e-4,0.2698650674662669,0.4362818590704648,0.3258655804480652,0.3381980742778542,543521,529000,2016
Corey Kluber,2879,90.17071899965266,90.48939978939978,2386.583993959985,-0.2469954845432442,0.9086141021187912,3.473428273706148e-4,0.20798898071625344,0.3333333333333333,0.268,0.2721072796934866,446372,4700000,2016
Corey Knebel,447,91.42572706935123,91.39527027027027,2370.2517321016167,-0.2261744966442953,0.8098434004474273,0.0022371364653243847,0.25806451612903225,0.3548387096774194,0.359375,0.3116346153846154,608349,513000,2016
Cory Gearrin,678,88.58569321533923,87.85444947209653,2326.548387096774,-0.7039823008849557,0.2784660766961652,0.0014749262536873156,0.2111801242236025,0.32298136645962733,0.2627118644067797,0.26892655367231644,518715,550000,2016
Cory Luebke,221,88.45203619909502,87.67083333333333,2395.8141025641025,0.29728506787330317,0.9669683257918552,0.004524886877828055,0.38461538461538464,0.6410256410256411,0.4482758620689655,0.4982,458537,1000000,2016
Cory Rasmus,464,87.08362068965518,86.02382075471698,2145.0457831325302,-0.3150862068965517,1.1133620689655173,0.0021551724137931034,0.2604166666666667,0.4375,0.27631578947368424,0.3606194690265487,474284,514500,2016
Craig Kimbrel,799,94.77984981226533,94.21878940731399,2485.751948051948,-0.4374217772215269,0.7783479349186483,0.0012515644555694619,0.16049382716049382,0.2654320987654321,0.25287356321839083,0.26890052356020944,518886,11000000,2016
Dalier Hinojosa,177,90.67570621468927,89.7231638418079,2134.5849056603774,-0.6409090909090909,1.2852272727272727,0.005649717514124294,0.25,0.35,0.28125,0.2854545454545454,648737,514000,2016
Dallas Keuchel,2365,84.9673434856176,84.43820895522389,2075.2018551236747,0.3108714043993232,0.6478426395939086,4.2283298097251583e-4,0.2596491228070175,0.42105263157894735,0.30536130536130535,0.32560777957860615,572971,7250000,2016
Dan Jennings,929,88.4665231431647,87.25027746947836,2317.009840098401,0.2318622174381055,0.3978471474703983,0.001076426264800861,0.25,0.328125,0.29936305732484075,0.31570175438596487,543359,810000,2016
Dan Otero,898,89.12204899777282,89.88371040723982,2027.277970011534,-1.1012249443207127,0.7936525612472161,0.0011135857461024498,0.21777777777777776,0.29777777777777775,0.27976190476190477,0.2405579399141631,519096,520000,2016
Dan Straily,2706,86.08052475979305,85.87657121606546,2071.843910130075,-0.4824464153732446,0.988839615668884,3.695491500369549e-4,0.20717781402936378,0.3866231647634584,0.22666666666666666,0.313953823953824,573185,512100,2016
Daniel Hudson,1010,92.56653465346534,92.61586826347305,2432.6846071044133,-0.8118811881188119,1.1234653465346536,9.900990099009901e-4,0.2706422018348624,0.43119266055045874,0.32919254658385094,0.3509583333333333,543339,2700000,2016
Daniel Norris,840,90.50607142857143,89.29166666666667,2294.599486521181,0.3482142857142857,1.0516666666666667,0.0011904761904761906,0.25396825396825395,0.4444444444444444,0.31451612903225806,0.32517073170731703,596057,514500,2016
Daniel Stumpf,101,87.54356435643564,86.36237623762376,2016.2448979591836,0.4297029702970297,1.0831683168316832,0.009900990099009901,0.4090909090909091,0.6363636363636364,0.42105263157894735,0.47208333333333335,621385,507500,2016
Danny Duffy,2270,91.25198237885462,91.57349557522124,2290.0535885167465,0.45933920704845815,1.2833480176211454,4.405286343612335e-4,0.23885918003565063,0.41711229946524064,0.2991913746630728,0.3174461028192372,518633,4225000,2016
Danny Farquhar,464,88.41271551724138,88.28900862068966,2189.725108225108,-0.4698275862068966,1.095258620689655,0.0021551724137931034,0.25,0.5104166666666666,0.288135593220339,0.39245454545454544,543144,527000,2016
Danny Salazar,2191,92.12405294386124,91.09249427917621,2233.3407058823527,-0.7385668644454587,1.228480146052031,4.5641259698767686e-4,0.22717622080679406,0.37154989384288745,0.2958199356913183,0.30242884250474383,517593,536200,2016
Darren O'Day,496,83.38165322580645,84.09666666666666,2193.269230769231,-0.47338709677419355,0.3199596774193548,0.0020161290322580645,0.2072072072072072,0.4144144144144144,0.25,0.3109836065573771,503285,5854712,2016
David Hernandez,1123,90.03855743544078,88.991763652641,2330.9670658682635,-0.5038290293855744,1.067052537845058,8.904719501335708e-4,0.2782258064516129,0.43548387096774194,0.3567251461988304,0.34709090909090906,456696,3900000,2016
David Phelps,1162,91.83907056798623,90.67475555555555,2335.3288650580876,-0.6058519793459552,1.1201376936316696,8.605851979345956e-4,0.2139917695473251,0.31275720164609055,0.30718954248366015,0.27148698884758365,475479,2500000,2016
David Price,3171,89.44990536277602,88.3170530327088,2055.068976580045,0.8815141955835962,1.1272870662460568,3.15357931251971e-4,0.2661498708010336,0.4263565891472868,0.3249097472924188,0.32735576923076926,456034,30000000,2016
David Robertson,922,89.27060737527115,89.1040348964013,2545,0.301409978308026,0.6626898047722343,0.0010845986984815619,0.22388059701492538,0.36318407960199006,0.29770992366412213,0.30634782608695654,502085,11000000,2016
Dellin Betances,1137,90.53036971830986,89.99382716049382,2667.629817444219,0.3216549295774648,0.5216549295774647,8.795074758135445e-4,0.2066115702479339,0.2975206611570248,0.36220472440944884,0.26691449814126395,476454,507500,2016
Dillon Gee,1704,86.22605633802817,85.4885663507109,2294.5253623188405,-0.7072183098591549,0.7464201877934272,5.868544600938967e-4,0.29901960784313725,0.48284313725490197,0.31384615384615383,0.3763028953229398,518716,2000000,2016
Doug Fister,2570,83.90365758754864,83.84417781274587,1984.1760254878534,-0.6155252918287938,0.783852140077821,3.891050583657588e-4,0.2736318407960199,0.44776119402985076,0.2948453608247423,0.35382660687593426,450729,7000000,2016
Drew Pomeranz,2470,85.85623481781377,83.67328182187882,2324.6477366255144,0.14753036437246964,0.4497165991902834,4.048582995951417e-4,0.2130841121495327,0.35700934579439253,0.26519337016574585,0.2904690117252931,519141,1350000,2016
Drew Smyly,2515,85.97383697813122,84.07253098760496,2031.152855993564,0.6444532803180915,1.3856461232604373,3.9761431411530816e-4,0.27319587628865977,0.47766323024054985,0.3126491646778043,0.34500789889415484,592767,3750000,2016
Drew Storen,790,87.31569620253164,86.49277566539924,2156.9934123847165,-0.49354430379746833,0.3891139240506329,0.0012658227848101266,0.28342245989304815,0.45989304812834225,0.34057971014492755,0.3784878048780488,519322,8375000,2016
Drew VerHagen,346,89.42832369942197,88.56312684365781,2115.017964071856,-0.6283236994219653,0.6601156069364161,0.002890173410404624,0.345679012345679,0.5679012345679012,0.36231884057971014,0.42089887640449447,572403,509500,2016
Dylan Bundy,1586,89.38379571248424,88.91678366305041,2302.7699228791776,-0.5,1.1820302648171501,6.305170239596469e-4,0.25290697674418605,0.4186046511627907,0.3004115226337449,0.3306117021276596,605164,1800000,2016
Edinson Volquez,2883,88.320575988896593,88.6044599303136,2176.670679886686,-0.7966342817487856,0.5578070784177654,3.46860908775581e-4,0.2893553223388306,0.4482758620689655,0.32761904761904764,0.3611733333333334,450172,9500000,2016
Eduardo Rodriguez,1601,91.5891317926296,90.96998738965952,2127.5480263157897,0.9153029356652093,1.166583385384135,6.246096189881324e-4,0.2591549295774648,0.4422535211267606,0.3023255813953488,0.34063613231552164,593958,521000,2016
Edwin Jackson,1061,89.16409048067861,89.18745173745174,2241.1450939457204,-0.13694627709707824,0.9442978322337418,9.42507068803016e-4,0.2857142857142857,0.4801587301587302,0.31155778894472363,0.36265017667844524,429719,507500,2016
Enny Romero,741,93.135,91.86707482993198,2362.599704579025,0.5336486486486487,1.3028378378378378,0.001349527665317139,0.2625,0.425,0.30434782608695654,0.3420744680851064,544836,510000,2016
Erasmo Ramirez,1210,88.80867768595041,88.3399173553719,2164.7436974789916,-0.8919834710743801,1.0001652892561983,8.264462809917355e-4,0.2733333333333333,0.45666666666666667,0.3,0.3483024691358025,541640,2375000,2016
Eric O'Flaherty,387,89.17312661498708,87.50155440414508,2018.7183544303798,0.5896640826873385,0.7023255813953488,0.002583979328165375,0.3238095238095238,0.4857142857142857,0.37349397590361444,0.3817699115044248,447714,1750000,2016
Ervin Santana,2597,88.93963790446841,88.24267900241351,2115.794101583834,-0.14973035439137133,1.0583204930662558,3.850596842510589e-4,0.25326797385620914,0.39215686274509803,0.29148936170212764,0.31147590361445787,429722,13500000,2016
Evan Scribner,190,83.69105263157894,82.80611111111111,2488.1,-0.08526315789473685,0.4936842105263158,0.005263157894736842,0.1111111111111111,0.2222222222222222,0.16666666666666666,0.17914893617021277,519267,807500,2016
Felipe Vazquez,1108,92.42382671480145,91.35642458100558,2278.0555555555557,0.6548736462093863,0.9406137184115524,9.025270758122744e-4,0.24796747967479674,0.37398373983739835,0.32934131736526945,0.3239492753623188,553878,516100,2016
Felix Hernandez,2015,87.42511166253102,87.23986051502146,2011.929569591951,-0.5793052109181142,0.35652605459057074,4.962779156327543e-4,0.2452431289640592,0.4059196617336152,0.2727272727272727,0.3397943925233645,433587,25857143,2016
Fernando Abad,660,84.07257575757576,82.71502276176024,2253.7920489296635,0.3925757575757576,0.7922727272727272,0.0015151515151515152,0.2191780821917808,0.3424657534246575,0.25225225225225223,0.29298780487804876,472551,1250000,2016
Fernando Rodney,956,89.84801255230126,89.31041445270988,1936.1956989247312,-1.2202928870292886,1.0496861924686192,0.0010460251046025104,0.23039215686274508,0.3333333333333333,0.30935251798561153,0.3166666666666667,407845,1600000,2016
Fernando Rodriguez Jr.,660,91.48363636363636,90.68363636363637,2337.9506933744224,-0.1984848484848485,1.2877272727272728,0.0015151515151515152,0.2097902097902098,0.32867132867132864,0.25961538461538464,0.2869135802469135,451775,1050000,2016
Fernando Salas,1092,88.91263736263737,87.7752995391705,2080.2075829383884,-0.5238095238095238,1.3694139194139194,9.157509157509158e-4,0.23577235772357724,0.42276422764227645,0.2554347826086957,0.31078651685393266,477569,2400000,2016
Francisco Liriano,2457,89.74415954415954,89.38541581319132,2028.164907651715,0.8114774114774115,0.8316239316239317,4.07000407000407e-4,0.25539568345323743,0.42985611510791366,0.30256410256410254,0.3516043613707165,434538,13666667,2016
Francisco Rodriguez,846,85.79940898345154,85.6474435196195,2014.0071684587813,-0.8163120567375887,0.9743498817966904,0.001182033096926714,0.2193877551020408,0.37244897959183676,0.25874125874125875,0.29074418604651164,408061,7383481,2016
Garrett Richards,615,93.11934959349594,91.50402684563758,2505.390566037736,-0.3258536585365854,0.7341463414634146,0.0016260162601626016,0.23846153846153847,0.36153846153846153,0.30851063829787234,0.30951724137931036,572070,6425000,2016
George Kontos,697,88.57790530846485,88.10207715133531,2305.96699669967,-0.24820659971305595,0.7410329985652798,0.0014347202295552368,0.2235294117647059,0.3411764705882353,0.2537313432835821,0.28679347826086954,502004,1150000,2016
Gerrit Cole,1667,92.71811637672465,92.08597339782345,2206.1225425950197,-0.6130773845230953,0.9859028194361128,5.998800239952009e-4,0.2638522427440633,0.3641160949868074,0.32764505119453924,0.3154176610978521,543037,548000,2016
Gio Gonzalez,2730,87.3285347985348,86.80712401055409,2261.7114068441065,0.6623076923076923,0.7287179487179487,3.663003663003663e-4,0.2612312811980033,0.39767054908485855,0.3181818181818182,0.33063157894736844,461829,12100000,2016
Hansel Robles,1214,92.03574958813839,91.40232945091515,2286.3420560747663,-0.7727347611202636,1.141845140032949,8.237232289950577e-4,0.23193916349809887,0.3574144486692015,0.3005464480874317,0.2897619047619048,570663,516500,2016
Hector Neris,1245,90.6301204819277,88.98843977364592,1934.4995938261577,-1.2703614457831325,0.8126104417670683,8.032128514056225e-4,0.21292775665399238,0.3612167300380228,0.27976190476190477,0.29604095563139937,593576,515000,2016
Hector Rondon,747,93.08781793842034,93.26456582633053,2080.6886446886447,-0.48714859437751007,0.9376171352074967,0.0013386880856760374,0.21348314606741572,0.34269662921348315,0.27586206896551724,0.2678835978835979,444468,4200000,2016
Hector Santiago,2918,88.47419465387252,86.4340932642487,2185.6915387361655,0.9406100068540096,1.3436943111720356,3.427004797806717e-4,0.22903225806451613,0.41935483870967744,0.24672489082969432,0.32957507082152976,502327,5000000,2016
Hisashi Iwakuma,2530,84.58802371541502,84.03730382293763,2030.3599834299916,-0.6554545454545455,0.6771146245059289,3.952569169960474e-4,0.2822458270106222,0.45220030349013657,0.31702544031311153,0.3402266288951841,547874,10976096,2016
Homer Bailey,167,89.04790419161677,89.41556886227545,1946.3312883435583,-0.25389221556886227,0.858682634730539,0.005988023952095809,0.3333333333333333,0.3611111111111111,0.4444444444444444,0.3961904761904762,456701,18000000,2016
Hunter Strickland,892,93.96838565022422,93.5102206736353,2403.883870967742,-0.5072869955156951,0.887219730941704,0.0011210762331838565,0.2153846153846154,0.29743589743589743,0.2746478873239437,0.2590186915887851,519326,517500,2016
Ian Kennedy,3032,89.12572559366754,88.89524126455906,2305.781470292044,-0.8035620052770449,1.104551451187335,3.2981530343007914e-4,0.2357473035439137,0.4345146379044684,0.26200873362445415,0.3390371389270977,453178,7500000,2016
Ivan Nova,2076,89.30717726396917,87.4617399901137,2199.8848700967906,-0.803709055876686,0.6324181117533719,4.816955684007707e-4,0.28291814946619215,0.48576512455516013,0.31105990783410137,0.35821192052980133,467100,4100000,2016
J.A. Happ,2757,89.81994922016685,89.11369812706573,2295.2208333333333,0.7409865796155242,1.2088864708015958,3.627130939426913e-4,0.2301829268292683,0.36890243902439024,0.26506024096385544,0.30186111111111114,457918,10000000,2016
J.J. Hoover,414,88.45169082125604,87.31646489104116,2327.1256544502617,-0.16280193236714977,0.9857487922705314,0.0024154589371980675,0.34523809523809523,0.75,0.3333333333333333,0.50375,543331,1400000,2016
Jacob deGrom,2074,90.71745419479267,91.61054490413723,2246.179627601314,-0.5150433944069431,1.0196239151398265,4.8216007714561236e-4,0.2345679012345679,0.3374485596707819,0.29295774647887324,0.28143129770992364,594798,607000,2016
Jaime Garcia,2237,87.65181046043809,86.761673414305,2353.7122133832477,0.3388019669199821,0.6913276709879302,4.470272686633885e-4,0.266199649737303,0.4238178633975482,0.31678486997635935,0.3368690095846646,448802,11500000,2016
Jake Arrieta,2697,91.68216536892844,91.24129056322268,2366.9042424242425,-0.6780126065999258,0.8485724879495736,3.707823507601038e-4,0.1993517017828201,0.2965964343598055,0.2545454545454545,0.26730994152046783,453562,10700000,2016
Jake Barrett,825,92.12545454545455,91.65263157894736,2100.1849112426034,-0.43963636363636366,1.122787878787879,0.0012121212121212121,0.20430107526881722,0.34946236559139787,0.24444444444444444,0.29071428571428576,545332,507500,2016
Jake Diekman,794,93.2639798488665,92.6056050955414,2093.0130246020262,1.0474811083123425,1.0371536523929472,0.0012594458438287153,0.175,0.2875,0.22429906542056074,0.2743783783783783,518617,1255000,2016
Jake McGee,713,90.67559607293127,89.79928977272728,2242.617816091954,0.6737727910238429,1.27671809256662,0.001402524544179523,0.3018867924528302,0.5220125786163522,0.3305785123966942,0.3927586206896551,459429,4800000,2016
Jake Odorizzi,2914,88.76413864104325,87.51499828001376,2098.9364081062195,-0.4161633493479753,1.4214481811942348,3.4317089910775565e-4,0.23817292006525284,0.4159869494290375,0.27191011235955054,0.31048338368580064,543606,520700,2016
Jake Petricka,156,92.78717948717949,93.76987179487179,2020.1081081081081,-1.1474358974358974,1.0673076923076923,0.00641025641025641,0.26666666666666666,0.43333333333333335,0.3181818181818182,0.3836842105263158,502593,535000,2016
James Russell,116,85.87758620689655,84.91100917431193,2175.0849056603774,0.09224137931034483,1.3224137931034483,0.008620689655172414,0.42857142857142855,0.7619047619047619,0.4375,0.528148148148148,460701,1500000,2016
James Shields,2768,86.46719653179191,87.0589110707804,2200.0889719626166,-0.4764450867052023,0.8435693641618497,3.61271676300578e-4,0.27917981072555204,0.501577287066246,0.29835390946502055,0.37949650349650355,448306,21000000,2016
Jared Hughes,816,92.27634803921569,91.79470967741935,2107.9663526244954,-1.2355392156862746,0.6162990196078432,0.0012254901960784314,0.285,0.44,0.31176470588235294,0.3590582959641256,453172,2175000,2016
Jarred Cosart,818,88.6184596577017,89.32904411764706,2204.8630136986303,-0.047555012224938874,0.5973105134474328,0.0012224938875305623,0.2830188679245283,0.4088050314465409,0.3153846153846154,0.3737823834196891,543054,550000,2016
Jason Gurka,155,85.86258064516129,85.34569536423841,2472.265306122449,0.5167741935483872,0.8006451612903226,0.0064516129032258064,0.38095238095238093,0.5714285714285714,0.42857142857142855,0.4155555555555556,543261,660000,2016
Jason Motte,476,91.28340336134454,91.18152866242038,2174.9237472766886,-0.3668067226890756,1.1002100840336135,0.0021008403361344537,0.28,0.58,0.3188405797101449,0.4032727272727273,435400,5000000,2016
Jason Vargas,209,82.19904306220096,81.64641148325359,2273.1634615384614,0.7947368421052632,1.2320574162679425,0.004784688995215311,0.18181818181818182,0.3181818181818182,0.21875,0.245531914893617,450306,8500000,2016
Jeanmar Gomez,1006,89.0148111332008,89.35383848454636,1900.0704800817161,-1.2835984095427435,0.7161033797216699,9.940357852882703e-4,0.2869198312236287,0.4177215189873418,0.328125,0.3350775193798449,491646,1400000,2016
Jeff Locke,1914,88.98892371995821,87.6117490696438,1885.221505376344,0.8720480668756531,1.1251306165099269,5.224660397074191e-4,0.296137339055794,0.4871244635193133,0.3168831168831169,0.37021568627450985,502046,3025000,2016
Jeff Manship,646,87.5233746130031,86.84223602484472,2177.8727915194345,-0.5904024767801858,0.7834365325077399,0.0015479876160990713,0.25517241379310346,0.46206896551724136,0.2727272727272727,0.34674846625766875,453249,765000,2016
Jeff Samardzija,2807,91.46726042037763,91.14118279569892,2374.9107876073163,-0.7608122550765942,0.8568222301389383,3.562522265764161e-4,0.2548435171385991,0.4262295081967213,0.29191321499013806,0.3171030640668524,502188,10800000,2016
Jerad Eickhoff,2764,85.60922575976845,85.19857768052516,2273.903008709422,-0.4565846599131693,0.7006150506512301,3.61794500723589e-4,0.24629080118694363,0.43026706231454004,0.27920792079207923,0.3199862825788751,595191,516000,2016
Jered Weaver,2489,77.70847730012053,76.8835396039604,2225.2751831501832,-0.17135395741261553,1.0674969867416633,4.017677782241864e-4,0.2857142857142857,0.48214285714285715,0.29458917835671344,0.35912912912912914,450308,20200000,2016
Jeremy Hellickson,2636,85.69575113808801,84.25328155339805,2176.1082554517134,-0.8862670713201821,0.8819423368740515,3.7936267071320183e-4,0.24024960998439937,0.4118564742589704,0.2703252032520325,0.31207792207792207,476451,7000000,2016
Jeremy Jeffress,761,92.34467805519054,92.47026315789473,2128.667597765363,-0.9218134034165572,0.6390275952693824,0.001314060446780552,0.2676767676767677,0.3484848484848485,0.3227848101265823,0.3095305164319249,502026,519100,2016
Jerry Blevins,609,83.359934318555,82.91940298507463,2242.006655574043,0.26880131362889986,0.8353037766830871,0.0016420361247947454,0.2076923076923077,0.3076923076923077,0.27586206896551724,0.2651388888888889,460283,4000000,2016
Jesse Chavez,930,90.44720430107527,90.08356756756757,2343.2239297475303,-0.4453763440860215,1.072258064516129,0.001075268817204301,0.29493087557603687,0.5207373271889401,0.34,0.38008547008547006,445926,4000000,2016
Jeurys Familia,1145,94.39056768558952,93.56549295774649,2235.08203125,-0.8997379912663755,0.8075109170305677,8.733624454148472e-4,0.22957198443579765,0.2801556420233463,0.3259668508287293,0.26799295774647885,544727,4100000,2016
Jim Henderson,587,92.45996592844975,93.0692832764505,2239.6549165120596,-0.682282793867121,1.371550255536627,0.0017035775127768314,0.2540983606557377,0.4672131147540984,0.30864197530864196,0.3619424460431655,449104,600000,2016
Jim Johnson,914,90.04070021881839,88.90582417582418,2198.713968957871,-0.8184901531728666,0.6432166301969365,0.0010940919037199124,0.24170616113744076,0.35071090047393366,0.31788079470198677,0.3045493562231759,462382,2500000,2016
Jimmy Nelson,2703,91.39870514243434,90.99718100890207,2264.6438698915763,-0.631779504254532,0.678172401035886,3.699593044765076e-4,0.26391096979332274,0.42289348171701113,0.29690721649484536,0.35915745856353587,519076,522300,2016
Joakim Soria,1026,88.71559454191033,88.67424849699398,2130.065284974093,-0.24814814814814815,0.9492202729044834,9.746588693957114e-4,0.29464285714285715,0.5089285714285714,0.3522012578616352,0.3848015873015873,465657,7000000,2016
Joe Biagini,961,91.06763787721124,90.38841657810839,2272.3226152197212,-0.6131113423517169,0.9943808532778355,0.001040582726326743,0.2610619469026549,0.3672566371681416,0.32748538011695905,0.317991967871486,607352,507500,2016
Joe Kelly,739,93.11664411366712,92.24586466165414,2280.8532258064515,-0.5771312584573748,0.8190798376184032,0.0013531799729364006,0.27848101265822783,0.45569620253164556,0.3577981651376147,0.3695212765957447,523260,2600000,2016
Joe Ross,1708,89.18066783831283,88.3234899328859,1962.4592833876222,-0.9308142940831868,0.8292325717633274,5.85480093676815e-4,0.27,0.39,0.32781456953642385,0.3247586206896552,605452,514400,2016
Joe Smith,769,85.5033810143043,85.1949535192563,2047.148359486448,-0.7092327698309493,0.2222366710013004,0.0013003901170351106,0.24043715846994534,0.34972677595628415,0.2733812949640288,0.31643564356435644,501925,5250000,2016
John Axford,1045,93.72191387559809,93.6667964946446,2218.0712166172107,-0.2732057416267943,1.1531100478468899,9.569377990430622e-4,0.2775330396475771,0.40969162995594716,0.3333333333333333,0.3437007874015747,446099,4500000,2016
John Danks,387,84.19224806201551,82.89921671018277,2176.711911357341,0.7472868217054264,1.4297157622739018,0.002583979328165375,0.3218390804597701,0.5747126436781609,0.3382352941176471,0.4119,433579,15750000,2016
John Gant,882,86.56598639455783,86.14748858447489,2215.2027491408935,-0.8484126984126984,0.8666666666666667,0.0011337868480725624,0.2722222222222222,0.4666666666666667,0.33076923076923076,0.35881188118811874,607231,507500,2016
John Lamb,1264,83.70427215189873,84.57064220183486,2032.9872988992379,0.4617879746835443,1.0117088607594937,7.911392405063291e-4,0.30324909747292417,0.5126353790613718,0.33980582524271846,0.3889677419354839,543424,507500,2016
Johnny Barbato,235,89.41489361702128,87.9030701754386,2285.5550458715597,-0.29148936170212764,0.8029787234042554,0.00425531914893617,0.26,0.4,0.3333333333333333,0.36210526315789476,592127,507500,2016
Johnny Cueto,3026,88.37313037723362,87.32082494969819,2145.231350979718,-0.741958967571145,0.9755129053606882,3.3046926635822867e-4,0.23159303882195448,0.3333333333333333,0.29347826086956524,0.2800125156445557,456501,17500000,2016
Jon Gray,2332,91.20591766723842,92.01426729694886,2244.015447523853,-0.4039879931389365,0.9608061749571184,4.288164665523156e-4,0.24220183486238533,0.3908256880733945,0.3050397877984085,0.3196179401993356,592351,509500,2016
Jon Lester,2754,89.267235742826,89.00566108007449,2288.7885127424875,0.35510352342898654,1.1117326552851434,3.6310820624546115e-4,0.21428571428571427,0.34782608695652173,0.2570806100217865,0.28094420600858366,452657,25000000,2016
Jon Moscot,416,86.62115384615385,86.28942307692307,2063.3622047244094,-0.5153846153846154,0.6360576923076923,0.002403846153846154,0.29213483146067415,0.6853932584269663,0.22857142857142856,0.4476,621209,508000,2016
Jonathon Niese,1867,87.0821638993037,86.88524229074889,2040.8224351747463,0.59046598821639,0.7397964649169791,5.356186395286556e-4,0.29653679653679654,0.512987012987013,0.31767955801104975,0.38043650793650796,477003,9000000,2016
Jordan Lyles,779,90.15365853658537,90.56876606683805,2069.4332460732985,-0.4288831835686778,0.7329910141206676,0.0012836970474967907,0.3112244897959184,0.44387755102040816,0.3413173652694611,0.3805357142857143,543475,2975000,2016
Jordan Zimmermann,1707,89.2298769771529,88.48283362727807,2363.822738386308,-0.3690099589923843,1.0392501464557704,5.858230814294083e-4,0.28433734939759037,0.4795180722891566,0.30498533724340177,0.3511830357142857,519455,18000000,2016
Jose Alvarez,830,86.51734939759037,85.77627737226277,2190.744125326371,0.6686746987951807,1.0783132530120483,0.0012048192771084338,0.3127962085308057,0.4265402843601896,0.3712574850299401,0.34410714285714283,501625,507500,2016
Jose Quintana,2877,88.58713938129996,88.24873949579832,2003.94039497307,0.41362530413625304,0.9858185610010427,3.475842891901286e-4,0.24962852897473997,0.4026745913818722,0.2975708502024291,0.3131578947368421,500779,5400000,2016
Jose Ramirez,398,92.21834170854271,91.40982367758187,2300.8201634877382,-0.9351758793969849,1.014824120603015,0.002512562814070352,0.2,0.3,0.2542372881355932,0.29947368421052634,542432,507500,2016
Josh Fields,464,89.48189655172413,89.34451754385965,2161.221729490022,-0.09482758620689655,0.9717672413793104,0.0021551724137931034,0.27102803738317754,0.4766355140186916,0.3611111111111111,0.3523076923076923,451661,900000,2016
Josh Osich,576,94.01215277777777,93.57422303473491,2287.8429906542056,0.8001736111111111,0.9876736111111111,0.001736111111111111,0.22962962962962963,0.43703703703703706,0.23300970873786409,0.35238709677419355,592612,512500,2016
Josh Tomlin,2265,85.07629139072847,84.10618231046931,2471.6956920256644,-0.1069757174392936,0.8861810154525387,4.415011037527594e-4,0.2603648424543947,0.46102819237147596,0.2698744769874477,0.3228685897435898,458708,2250000,2016
Juan Nicasio,1984,91.76219758064516,90.9375,2076.4997163925127,-0.5246975806451613,1.2537802419354838,5.040322580645161e-4,0.2628992628992629,0.457002457002457,0.33093525179856115,0.35256521739130436,504379,3000000,2016
Julio Teheran,2774,86.41935832732516,86.22777981651376,2206.768566493955,-0.5468997837058399,0.8695746214852199,3.604902667627974e-4,0.21374045801526717,0.35877862595419846,0.25052192066805845,0.2846077032810271,527054,3466666,2016
Jumbo Diaz,604,93.36506622516556,93.63930348258707,2201.6403846153844,-0.3162251655629139,0.9350993377483444,0.0016556291390728477,0.21705426356589147,0.4108527131782946,0.22826086956521738,0.31141843971631206,471822,525000,2016
Junichi Tazawa,721,88.2246879334258,86.22887029288702,2155.849083215797,-0.4015256588072122,0.6768377253814147,0.0013869625520110957,0.22560975609756098,0.39634146341463417,0.2777777777777778,0.29977401129943504,547749,3375000,2016
Justin Grimm,781,88.82445582586428,89.12624495289367,2197.7011019283746,0.09987195902688861,0.5021766965428938,0.0012804097311139564,0.25,0.3869047619047619,0.336283185840708,0.32789473684210524,518748,1275000,2016
Justin Miller,771,91.10155642023346,91.36505524861879,2334.7798013245033,-0.343579766536965,1.1522697795071335,0.0012970168612191958,0.2976190476190476,0.5119047619047619,0.36666666666666664,0.3891191709844559,502522,509500,2016
Justin Verlander,3331,89.92500750525367,89.11816541353383,2533.7043158861343,-0.699699789852897,1.0798558991293905,3.002101471029721e-4,0.21115537848605578,0.36786188579017265,0.2654690618762475,0.28722832722832725,434378,28000000,2016
Justin Wilson,837,93.32918660287082,92.00467065868264,2399.4918032786886,0.41375598086124404,1.386244019138756,0.0011947431302270011,0.25888324873096447,0.3401015228426396,0.34782608695652173,0.288125,458677,1525000,2016
Kelvin Herrera,967,93.07507755946226,92.19906444906445,2241.23311546841,-0.5646328852119958,1.032678386763185,0.001034126163391934,0.2145922746781116,0.33476394849785407,0.29605263157894735,0.27309236947791166,516969,2550000,2016
Ken Giles,1015,92.39714285714285,90.55872210953346,2354.9187432286026,-0.1715270935960591,1.012807881773399,9.852216748768472e-4,0.23275862068965517,0.375,0.3582089552238806,0.30872093023255814,571704,528200,2016
Kendall Graveman,2419,90.57164117403886,90.79044750430293,2242.7246376811595,-0.7129805704836709,0.8880529144274494,4.1339396444811904e-4,0.28688524590163933,0.44098360655737706,0.3101391650099404,0.3471794871794872,608665,512500,2016
Kenley Jansen,902,93.39445676274944,94.71208425720621,2556.9054209919263,0.10354767184035477,1.4441241685144124,0.0011086474501108647,0.14285714285714285,0.23333333333333334,0.2288135593220339,0.19190045248868776,445276,10650000,2016
Kenta Maeda,2542,84.06683713611329,83.57363636363637,2299.302655677656,-0.3026750590086546,0.7799370574350905,3.933910306845004e-4,0.2286212914485166,0.3472949389179756,0.28641975308641976,0.2902254428341385,628317,3125000,2016
Keone Kela,478,91.95690376569037,92.07483731019522,2246.3261904761903,-0.2878661087866109,1.1150627615062763,0.0020920502092050207,0.22916666666666666,0.4583333333333333,0.2857142857142857,0.3524545454545454,605309,518000,2016
Kevin Gausman,2586,91.30715390564579,91.12286392405063,2151.4839391377855,-0.9159706109822119,1.2175947409126064,3.866976024748647e-4,0.2663230240549828,0.4415807560137457,0.30952380952380953,0.335408,592332,532000,2016
Kevin Jepsen,764,90.48808900523561,90.09824797843666,2371.626865671642,-0.26335078534031414,0.9170157068062827,0.0013089005235602095,0.313953488372093,0.563953488372093,0.3188405797101449,0.3943523316062175,448178,5312000,2016
Kevin Quackenbush,929,86.70064585575888,85.88502155172414,2073.1161007667033,-0.09806243272335845,0.7880516684607104,0.001076426264800861,0.24880382775119617,0.45454545454545453,0.2603550295857988,0.331304347826087,534812,521200,2016
Kevin Siegrist,927,89.97184466019418,89.91849836779107,2136.1447368421054,0.6564185544768069,1.1913700107874865,0.0010787486515641855,0.17346938775510204,0.3469387755102041,0.19230769230769232,0.2700452488687783,543779,539000,2016
Keyvius Sampson,666,89.14189189189189,88.8903903903904,2151.586153846154,-0.3421921921921922,0.8388888888888889,0.0015015015015015015,0.2727272727272727,0.4621212121212121,0.32954545454545453,0.3828387096774194,572102,507500,2016
Kirby Yates,696,89.70316091954022,88.51812865497077,2331.8794992175276,-0.6752873563218391,1.02816091954023,0.0014367816091954023,0.25,0.38235294117647056,0.33707865168539325,0.3465189873417721,489446,511900,2016
Koji Uehara,769,83.25084525357607,81.61803921568628,2099.4317585301837,-1.0192457737321197,1.293888166449935,0.0013003901170351106,0.20118343195266272,0.40236686390532544,0.2653061224489796,0.29519337016574587,493157,9000000,2016
Kris Medlen,475,87.72042105263158,86.78980044345899,2380.908878504673,-0.5978947368421053,0.8907368421052632,0.002105263157894737,0.30927835051546393,0.4639175257731959,0.35443037974683544,0.3894117647058824,450665,5500000,2016
Kyle Gibson,2013,87.66885245901639,87.34975074775673,2050.9376404494383,-0.6370094386487829,0.9114754098360656,4.967709885742673e-4,0.29350104821802936,0.45073375262054505,0.33066666666666666,0.35820952380952387,502043,587500,2016
Kyle Hendricks,2594,85.29525828835774,84.54020824989988,2101.2522159548753,-0.7303777949113338,0.8910562837316885,3.8550501156515033e-4,0.20907617504051865,0.3095623987034036,0.2543478260869565,0.26400602409638557,543294,541000,2016
Kyle Lobstein,412,85.72330097087378,84.6703431372549,2029.9052369077306,0.745873786407767,0.9509708737864078,0.0024271844660194173,0.26595744680851063,0.40425531914893614,0.2987012987012987,0.3527102803738318,543456,520000,2016
Kyle Ryan,723,87.12807745504841,86.74072022160665,2082.1368584758943,0.29930843706777316,0.8878284923928077,0.0013831258644536654,0.2556818181818182,0.35795454545454547,0.296551724137931,0.30154255319148937,594986,509500,2016
Lance McCullers Jr.,1342,89.60238627889635,89.06468373493976,2557.5628548256286,0.18523489932885906,0.17397464578672633,7.451564828614009e-4,0.26229508196721313,0.3836065573770492,0.38461538461538464,0.33203438395415474,621121,516700,2016
Liam Hendriks,933,92.51650589496249,92.71997851772288,2181.5311475409835,-0.4707395498392283,1.347802786709539,0.0010718113612004287,0.27601809954751133,0.4072398190045249,0.3374233128834356,0.31347457627118647,521230,523400,2016
Logan Verrett,1505,87.18179401993355,86.91815754339119,2137.309115832762,-0.687109634551495,0.9918272425249169,6.64451827242525e-4,0.2781065088757396,0.5,0.30711610486891383,0.37717277486911,548337,514875,2016
Louis Coleman,909,85.17623762376238,85.41825221238938,2290.5589836660615,-0.26182618261826185,0.5116611661166116,0.0011001100110011,0.2554347826086957,0.42391304347826086,0.3111111111111111,0.34744075829383886,488786,725000,2016
Luis Cessa,790,89.70151898734177,88.26471337579618,2205.988857938719,-0.43455696202531646,0.9984810126582279,0.0012658227848101266,0.25,0.4803921568627451,0.2375,0.3420642201834862,570666,507500,2016
Luis Perdomo,2060,91.13208737864078,90.34234321827904,1969.849456802897,-0.7736407766990291,0.6702912621359224,4.854368932038835e-4,0.31886792452830187,0.5113207547169811,0.3526570048309179,0.3836602451838879,606131,507500,2016
Luis Severino,1116,93.34408602150538,92.71820627802691,2272.905720338983,-0.31657706093189963,1.1406810035842294,8.960573476702509e-4,0.2581967213114754,0.4262295081967213,0.3016759776536313,0.3421481481481482,622663,521300,2016
Luke Gregerson,833,85.87731092436975,84.46103575832306,2414.4415584415583,-0.06626650660264105,0.37142857142857144,0.0012004801920768306,0.1782178217821782,0.3217821782178218,0.23529411764705882,0.25725225225225223,502381,6750000,2016
Luke Hochevar,597,89.16331658291458,88.74070351758795,2416.7428057553957,-0.17604690117252933,0.6820770519262982,0.0016750418760469012,0.22142857142857142,0.40714285714285714,0.26595744680851063,0.3225974025974026,460024,5500000,2016
Luke Jackson,242,90.32520661157025,90.85,2142.525,-0.13925619834710745,1.1528925619834711,0.004132231404958678,0.41509433962264153,0.71698113207547165,0.375,0.5074193548387097,592426,508500,2016
Madison Bumgarner,3179,87.35566393958464,87.55356448476992,2291.202099737533,0.1777218376337319,1.0051290119572058,3.1456432840515884e-4,0.20772303595206393,0.3448735019973369,0.26232741617357,0.27461633663366336,518516,9916667,2016
Marc Rzepczynski,708,88.92881355932204,87.54920863309353,2046.8056872037914,0.9888418079096045,0.511864406779661,0.0014124293785310734,0.2679738562091503,0.3464052287581699,0.34782608695652173,0.3258285714285714,519240,2950000,2016
Marco Estrada,2565,83.9814424951267,82.04329517579723,2362.5417180435675,-0.3716569200779727,1.6251461988304094,3.898635477582846e-4,0.18461538461538463,0.3247863247863248,0.22033898305084745,0.2659013867488444,462136,11500000,2016
Marcus Stroman,2808,90.2110754985755,89.39374100719425,2302.100998003992,-0.3697293447293447,0.4863960113960114,3.5612535612535614e-4,0.26367461430575034,0.41374474053295934,0.30490018148820325,0.3238961038961039,573186,515900,2016
Mark Lowe,747,89.59518072289157,88.248849797023,2313.034059945504,-0.9685408299866132,0.9899598393574297,0.0013386880856760374,0.2857142857142857,0.5654761904761905,0.29365079365079366,0.3890673575129534,450275,5500000,2016
Mark Melancon,892,89.0817264573991,88.74669926650367,2477.826612903226,0.21547085201793723,0.3100896860986547,0.0011210762331838565,0.20179372197309417,0.26905829596412556,0.25609756097560976,0.23189873417721515,453343,9650000,2016
Martin Perez,2699,89.9618377176732,89.22285287528005,2044.3932584269662,0.8511300481659874,1.0550203779177474,3.705075954057058e-4,0.27382753403933435,0.4069591527987897,0.2915194346289753,0.33443396226415095,527048,3150000,2016
Masahiro Tanaka,2650,87.12184905660378,86.07610038610039,1971.9439742039501,-0.6681509433962264,0.8267547169811321,3.773584905660377e-4,0.24041297935103245,0.3834808259587021,0.27606177606177607,0.2943671766342142,547888,22000000,2016
Matt Albers,794,90.4867758186398,90.3765525982256,2033.4639580602884,-1.1846347607052896,0.652015113350126,0.0012594458438287153,0.3155080213903743,0.5614973262032086,0.3202614379084967,0.41086124401913876,458006,2000000,2016
Matt Bowman,912,89.4569703622393,88.81430143014302,1899.6885644768856,-0.9548847420417124,0.7512623490669594,0.0010964912280701754,0.21818181818181817,0.31363636363636366,0.26011560693641617,0.26237288135593223,621199,507500,2016
Matt Garza,1327,89.13391107761869,89.31586102719034,2017.5637296834902,-0.4616428033157498,0.9566691785983421,7.535795026375283e-4,0.2774390243902439,0.4329268292682927,0.30711610486891383,0.3420391061452514,490063,12209424,2016
Matt Harvey,1514,91.84577278731837,90.96098208360982,2206.5853146853146,-0.6901585204755615,1.1865257595772787,6.605019815059445e-4,0.30327868852459017,0.453551912568306,0.36013986013986016,0.3495443037974684,518774,4325000,2016
Matt Moore,2846,89.6989810260014,88.37797888386123,2241.9249042145593,0.7841531974701336,0.9849964862965566,3.5137034434293746e-4,0.2549019607843137,0.3951734539969834,0.29918032786885246,0.32252400548696847,519043,5100000,2016
Matt Shoemaker,2091,88.05327594452415,87.1889662027833,1767.2380216383308,-0.816547106647537,1.1201339072214251,4.7824007651841227e-4,0.26577437858508607,0.4187380497131931,0.31958762886597936,0.32593582887700534,533167,530000,2016
Matt Wisler,2303,89.01936604429005,87.8317285648785,2236.7835332606323,-0.41793313069908816,0.8712983065566652,4.342162396873643e-4,0.26770293609671847,0.45595854922279794,0.28859060402684567,0.3434554140127388,605538,507500,2016
Max Scherzer,3162,90.4788406715236,89.7663915483658,2360.9552447552446,-0.8506810262907823,0.8987012987012987,3.1625553447185326e-4,0.19972826086956522,0.37092391304347827,0.2582781456953642,0.2806818181818182,453286,22142857,2016
Michael Blazek,783,87.15542784163473,86.14113110539846,2400.1253776435046,-0.3066411238825032,0.6335887611749681,0.001277139208173691,0.3076923076923077,0.5256410256410257,0.358974358974359,0.4024725274725275,518468,514200,2016
Michael Feliz,1007,90.92383316782522,91.07227319062181,2177.8845177664975,0.002184707050645482,1.3849056603773584,9.930486593843098e-4,0.19815668202764977,0.35023041474654376,0.27419354838709675,0.27121848739495796,593140,508200,2016
Michael Lorenzen,634,93.55851735015773,92.64079365079365,2317.7861952861954,-0.48406940063091486,0.7973186119873817,0.0015772870662460567,0.21621621621621623,0.34459459459459457,0.2647058823529412,0.3136746987951807,547179,516500,2016
Michael Pineda,2674,90.73593866866118,90.62291822955738,2041.9991683991684,-0.3381077038145101,0.9263649962602842,3.7397157816005983e-4,0.2607260726072607,0.47194719471947194,0.33249370277078083,0.34904833836858007,501381,4300000,2016
Michael Tonkin,1163,91.44058469475495,91.26801724137931,2350.9201557935735,-0.7465176268271712,0.8938950988822012,8.598452278589854e-4,0.26666666666666666,0.47843137254901963,0.33532934131736525,0.35636690647482017,543859,515000,2016
Michael Wacha,2238,89.73972296693476,90.30922112802149,2036.6167501137916,-0.5105451295799821,1.3140750670241288,4.4682752457551384e-4,0.288135593220339,0.4576271186440678,0.33658536585365856,0.3442132867132867,608379,539000,2016
Miguel Castro,240,91.21291666666667,91.05458333333333,2413.546296296296,-0.55125,0.62,0.004166666666666667,0.3,0.5166666666666667,0.3333333333333333,0.3939393939393939,612434,509500,2016
Mike Bolsinger,470,83.41787234042553,83.26017130620986,2286.7286995515697,0.18170212765957447,0.4306382978723404,0.002127659574468085,0.30275229357798167,0.5412844036697247,0.33766233766233766,0.4040336134453782,502211,515000,2016
Mike Dunn,573,91.68202443280977,91.7784588441331,2345.3564356435645,0.09563699825479931,1.293891797556719,0.0017452006980802793,0.29457364341085274,0.4418604651162791,0.3469387755102041,0.3617482517482517,445197,3450000,2016
Mike Fiers,2404,84.78215474209651,84.30104777870913,2216.6010252029046,-0.005033277870216307,0.8730865224625624,4.1597337770382697e-4,0.28596187175043325,0.4662045060658579,0.32079646017699115,0.35475120385232745,571666,524100,2016
Mike Leake,2338,88.79546621043627,86.72782915015412,2154.384151992586,-0.621043627031651,0.41090675791274595,4.27715996578272e-4,0.28938906752411575,0.44855305466237944,0.32193158953722334,0.33697108066971077,502190,12000000,2016
Mike Montgomery,1277,88.79083072100313,88.17334397446129,2072.2148626817448,0.5585423197492163,0.6045454545454545,7.830853563038371e-4,0.22402597402597402,0.35064935064935066,0.27074235807860264,0.30578488372093027,543557,515000,2016
Mike Morin,701,82.30984308131241,81.77496382054993,1823.378763866878,-0.42567760342368044,1.2069900142653351,0.0014265335235378032,0.25142857142857145,0.3942857142857143,0.2878787878787879,0.3126063829787234,573046,520000,2016
Mike Pelfrey,2054,89.72361246348588,90.26422645192777,1809.319138276553,-1.0633398247322299,0.7274099318403116,4.868549172346641e-4,0.33264033264033266,0.48440748440748443,0.3493975903614458,0.39275092936802974,460059,8000000,2016
Mike Wright,1229,90.1393816110659,90.07396257119609,2136.088762983947,-0.7424735557363711,1.1135882831570383,8.136696501220504e-4,0.2835820895522388,0.5,0.29906542056074764,0.39314935064935064,605541,510500,2016
Mychal Givens,1150,91.38939130434782,91.2485254691689,2307,-0.3715652173913043,0.7976521739130434,8.695652173913044e-4,0.23504273504273504,0.358974358974359,0.33783783783783783,0.32618518518518513,571710,511500,2016
Nate Jones,846,94.34768133174792,92.94957780458384,2401.234806629834,-0.7680142687277051,0.9397146254458978,0.001182033096926714,0.19248826291079812,0.29577464788732394,0.2517482517482518,0.2469298245614035,518858,900000,2016
Nate Karns,1679,88.61209053007742,88.81042424242425,2209.633394947628,-0.2925550923168553,0.5651578320428826,5.955926146515784e-4,0.25956284153005466,0.4180327868852459,0.328125,0.3419036144578313,501992,523700,2016
Nathan Eovaldi,2052,92.56924951267057,91.47757100881489,2108.71444082519,-0.5758771929824561,0.9257797270955166,4.873294346978557e-4,0.25732217573221755,0.4686192468619247,0.2785515320334262,0.3417567567567568,543135,5600000,2016
Neftali Feliz,760,93.01197368421053,92.33143236074271,2372.5219435736676,-0.67,1.1559210526315788,0.0013157894736842105,0.20382165605095542,0.4012738853503185,0.24242424242424243,0.29767441860465116,491703,3900000,2016
Neil Ramirez,465,89.38602150537635,89.10907127429806,2302.4168674698794,-0.06494623655913978,1.292258064516129,0.002150537634408602,0.2558139534883721,0.5930232558139535,0.24561403508771928,0.40190476190476193,519166,524500,2016
Nick Vincent,784,88.51530612244898,87.67925736235595,2417.590250329381,-0.39005102040816325,1.026530612244898,0.0012755102040816326,0.225130890052356,0.4083769633507853,0.26356589147286824,0.29793103448275865,543883,525500,2016
Noah Syndergaard,2536,94.76829652996845,95.21731225296443,2115.683937823834,-0.47724763406940063,1.169794952681388,3.943217665615142e-4,0.25126475548060706,0.3524451939291737,0.35175879396984927,0.2879778830963665,592789,535375,2016
Noe Ramirez,225,85.88933333333334,84.95777777777778,2211.798206278027,-0.7702222222222223,0.2862222222222222,0.0044444444444444444,0.32653061224489793,0.6326530612244898,0.375,0.46449999999999997,598287,509500,2016
Oliver Perez,601,86.59533333333333,85.93985102420856,2141.0188284518827,0.18783333333333332,0.7286666666666667,0.0016638935108153079,0.23484848484848486,0.3560606060606061,0.32558139534883723,0.3254362416107382,424144,3000000,2016
Pat Neshek,622,84.06945337620579,83.11312292358804,2114.9267015706805,-0.5418006430868167,0.7144694533762058,0.001607717041800643,0.19594594594594594,0.3716216216216216,0.22429906542056074,0.253202614379085,450212,6500000,2016
Patrick Corbin,2435,88.51318275154004,88.94551440329218,2217.3859167809787,0.5544558521560575,0.9402053388090349,4.106776180698152e-4,0.28523489932885904,0.46140939597315433,0.3267543859649123,0.36279940119760473,571578,2525000,2016
Pedro Baez,987,94.89493414387032,94.55963488843814,2194.6199794026775,-0.6711246200607903,1.4373860182370821,0.0010131712259371835,0.15859030837004406,0.28193832599118945,0.19463087248322147,0.23182926829268294,520980,520000,2016
Pedro Strop,729,89.10493827160494,88.02363896848138,2223.397631133672,-0.3794238683127572,0.6576131687242799,0.0013717421124828531,0.15853658536585366,0.2682926829268293,0.21782178217821782,0.25372972972972974,467008,4400000,2016
Phil Hughes,907,87.12811466372658,86.03355481727574,2182.019362186788,-0.30066152149944875,0.804851157662624,0.0011025358324145535,0.31275720164609055,0.5061728395061729,0.325,0.36903100775193803,461833,9200000,2016
Phil Klein,358,89.63854748603352,89.46966292134832,2168.940170940171,-0.6807262569832402,1.1229050279329609,0.002793296089385475,0.3150684931506849,0.4657534246575342,0.39622641509433965,0.3821686746987951,607309,509500,2016
Raisel Iglesias,1132,89.57031802120142,88.58937558247904,2265.6795774647885,-0.6033568904593639,0.6759717314487632,8.833922261484099e-4,0.22180451127819548,0.3383458646616541,0.2804232804232804,0.29727272727272736,628452,3214285,2016
Randall Delgado,1215,88.55283950617284,88.73920265780731,2117.291390728477,-0.6502880658436214,1.1697942386831275,8.230452674897119e-4,0.27906976744186046,0.46511627906976744,0.32653061224489793,0.3629351535836178,517414,1275000,2016
Rich Hill,1738,82.62669735327964,81.76674445740957,2629.2612559241707,-0.10834292289988492,0.30592635212888375,5.753739930955121e-4,0.1935483870967742,0.26344086021505375,0.27755102040816326,0.2607951807228916,448179,6000000,2016
Rick Porcello,2890,86.69643598615917,85.97771587743732,2368.114613180516,-0.6246020761245675,0.8187889273356401,3.4602076124567473e-4,0.23395149786019973,0.3723252496433666,0.2727272727272727,0.2985369127516779,519144,20125000,2016
Robbie Ray,2758,91.75761421319797,91.45838345864662,2224.7443068318016,0.7973168963016679,1.2795141406816535,3.6258158085569254e-4,0.27603305785123966,0.4578512396694215,0.36363636363636365,0.3597032640949555,592662,521000,2016
Robbie Ross Jr.,838,89.70214797136038,88.17870036101083,2185.48128342246,0.21730310262529834,0.8022673031026253,0.0011933174224343676,0.23204419889502761,0.292817679558011,0.3106060606060606,0.3124401913875598,543726,1250000,2016
Roberto Osuna,1045,92.76736842105264,91.83186180422265,2378.650105708245,-0.35588516746411486,1.4498564593301435,9.569377990430622e-4,0.19753086419753085,0.31275720164609055,0.25609756097560976,0.2506177606177606,532077,516100,2016
Ross Detwiler,463,89.17041036717063,87.7755939524838,2067.0476190476193,0.9544276457883369,1.066306695464363,0.0021598272138228943,0.2803738317757009,0.4485981308411215,0.3010752688172043,0.3524793388429753,446321,1000000,2016
Ross Ohlendorf,996,90.53413654618474,88.93448626653102,2123.2591792656585,-0.6132530120481928,1.1689759036144578,0.001004016064257028,0.23636363636363636,0.45454545454545453,0.2684563758389262,0.3612698412698413,456027,800000,2016
Ross Stripling,1299,86.4005388760585,85.52997658079626,2212.516853932584,-0.17490377213240954,0.7775981524249422,7.698229407236335e-4,0.250814332247557,0.39087947882736157,0.29583333333333334,0.3109580838323353,548389,507500,2016
Rubby De La Rosa,857,91.50746791131856,91.77226792009401,2224.210875331565,-0.5781796966161027,0.973512252042007,0.0011668611435239206,0.2193877551020408,0.39285714285714285,0.25925925925925924,0.32031818181818184,523989,2350000,2016
Ryan Buchter,1075,91.89276315789473,92.06638257575757,2279.1115384615387,0.5160714285714286,1.687687969924812,9.302325581395349e-4,0.15920398009950248,0.2885572139303483,0.22764227642276422,0.2588793103448276,488748,520000,2016
Ryan Dull,1084,87.91319188191882,86.84768946395563,2237.171568627451,-0.2059040590405904,0.9320110701107011,9.225092250922509e-4,0.1652892561983471,0.3140495867768595,0.19161676646706588,0.22703125000000002,623430,507500,2016
Ryan Pressly,1056,91.703125,90.79388145315488,2557.3078534031415,0.13011363636363638,0.9080492424242425,9.46969696969697e-4,0.2450592885375494,0.38735177865612647,0.2903225806451613,0.3118705035971223,519151,520000,2016
Ryan Webb,292,86.91883561643836,85.42910958904109,1968.463768115942,-0.8205479452054795,0.3308219178082192,0.003424657534246575,0.3698630136986301,0.4794520547945205,0.4166666666666667,0.38119999999999993,444436,1000000,2016
Sam Dyson,856,93.43446261682243,92.00713450292398,2281.233966745843,-0.9497663551401869,0.6648364485981308,0.0011682242990654205,0.24,0.3333333333333333,0.2808988764044944,0.2980971659919029,473879,525270,2016
Sean Doolittle,601,93.75740432612312,92.9236301369863,2208.2039355992843,0.5271214642262895,1.7226289517470883,0.0016638935108153079,0.23448275862068965,0.43448275862068964,0.2978723404255319,0.30337748344370863,448281,1580000,2016
Sergio Romo,379,79.89182058047493,79.82613636363637,2518.0996677740864,0.17493403693931397,0.5881266490765171,0.002638522427440633,0.24719101123595505,0.4606741573033708,0.2698412698412698,0.32161290322580643,489265,9000000,2016
Seth Maness,463,86.51274298056155,84.78995633187773,1817.533185840708,-1.2131749460043197,0.47235421166306696,0.0021598272138228943,0.26548672566371684,0.4247787610619469,0.28865979381443296,0.31516666666666665,595307,1400000,2016
Seunghwan Oh,1153,90.3460537727667,88.98498659517426,2235.6363636363635,-0.6082393755420642,1.168256721595837,8.673026886383347e-4,0.1976284584980237,0.2885375494071146,0.2795031055900621,0.24561338289962822,493200,2500000,2016
Shae Simmons,102,91.46372549019608,90.6029411764706,2363.0515463917527,-0.21862745098039216,0.6205882352941177,0.00980392156862745,0.24,0.32,0.2727272727272727,0.244,623406,508000,2016
Shane Greene,875,90.252,88.73459335624284,2512.581818181818,-0.24697142857142856,0.8828571428571429,0.001142857142857143,0.23880597014925373,0.30845771144278605,0.31756756756756754,0.2957079646017699,572888,517000,2016
Shawn Kelley,792,88.88662420382165,89.24224021592443,2238.5683836589697,-0.18369426751592358,1.1295541401273885,0.0012626262626262627,0.19021739130434784,0.3967391304347826,0.2641509433962264,0.2655154639175258,518875,4000000,2016
Shawn Tolleson,659,89.88103186646434,90.44923780487805,2066.5780998389696,-0.17738998482549317,1.163277693474962,0.0015174506828528073,0.3375796178343949,0.5286624203821656,0.36885245901639346,0.38945783132530126,474521,3275000,2016
Shelby Miller,1715,90.51230320699709,91.42953995157384,2241.7849056603773,-0.5085131195335277,1.1095043731778427,5.830903790087463e-4,0.3118811881188119,0.4975247524752475,0.345679012345679,0.3809641255605381,571946,4350000,2016
Silvino Bracho,402,89.6323383084577,89.62493702770782,2320.6898550724636,-0.19328358208955224,1.1470149253731343,0.0024875621890547263,0.2967032967032967,0.6043956043956044,0.2857142857142857,0.43572815533980586,611093,509300,2016
Sonny Gray,2047,90.06829506595017,89.82700948577134,2430.028830752803,-0.023448949682462143,0.7629702002931119,4.885197850512946e-4,0.28688524590163933,0.4692622950819672,0.324468085106383,0.3557592592592593,543243,527500,2016
Stephen Strasburg,2211,92.09036635006784,92.8386219401632,2200.352474323063,-0.609452736318408,1.0240162822252374,4.522840343735866e-4,0.20235756385068762,0.3241650294695481,0.2777777777777778,0.26385454545454545,544931,10400000,2016
Steve Cishek,1018,85.49194499017682,86.60198412698412,2375.348484848485,-0.2943025540275049,0.19332023575638507,9.823182711198428e-4,0.19724770642201836,0.3486238532110092,0.25,0.28929166666666667,518553,4000000,2016
Steve Geltz,463,89.7207343412527,87.91236442516269,2173.6345679012347,-0.15291576673866092,1.547084233261339,0.0021598272138228943,0.2376237623762376,0.6336633663366337,0.16666666666666666,0.40258928571428576,544993,519300,2016
Steven Matz,1928,89.70280082987551,89.65302083333333,2132.769719428269,0.7411307053941909,0.7737033195020747,5.186721991701245e-4,0.2685589519650655,0.3930131004366812,0.33035714285714285,0.32026530612244897,571927,515750,2016
Steven Wright,2401,75.13302790503957,74.03261432269197,1900.740576496674,-0.11207830070803831,0.3408163265306122,4.1649312786339027e-4,0.2322695035460993,0.33156028368794327,0.2813953488372093,0.2970813397129186,453214,514500,2016
T.J. McFarland,356,88.88820224719102,87.95806451612903,2102.8447204968943,1.0115168539325843,0.8769662921348315,0.0028089887640449437,0.32608695652173914,0.44565217391304346,0.3333333333333333,0.3610679611650486,519008,523500,2016
Taijuan Walker,2105,90.84717339667458,90.23992340832935,2042.7007299270074,-0.6415201900237529,1.0424228028503564,4.7505938242280285e-4,0.2521186440677966,0.4703389830508475,0.27596439169139464,0.34362745098039216,592836,528600,2016
Tanner Roark,3044,88.88334428383706,88.07682926829268,2173.8605128205127,-0.7519382391590013,0.9231603153745073,3.28515111695138e-4,0.22844827586206898,0.3261494252873563,0.27586206896551724,0.29127937336814624,543699,543400,2016
Tanner Scheppers,126,92.17222222222222,91.71031746031746,2378.5,-0.830952380952381,0.957936507936508,0.007936507936507936,0.1875,0.3125,0.2222222222222222,0.2423529411764706,489294,900000,2016
Taylor Jungmann,513,85.25536062378167,84.40587084148729,2470.406,-0.032553606237816765,0.4530214424951267,0.001949317738791423,0.2912621359223301,0.5728155339805825,0.30952380952380953,0.4288709677419355,543380,518500,2016
Tom Koehler,2684,87.54966467958272,85.96252882398156,2166.8579299488392,-0.3054769001490313,0.7415424739195231,3.7257824143070045e-4,0.26424870466321243,0.42487046632124353,0.3052391799544419,0.3472230652503794,543408,3500000,2016
Tom Wilhelmsen,684,89.01652046783626,88.00367107195301,2253.3504273504273,-0.21447368421052632,0.6090643274853801,0.0014619883040935672,0.3227848101265823,0.5822784810126582,0.32558139534883723,0.42893854748603355,452666,3100000,2016
Tommy Hunter,436,92.73532110091743,92.83471264367816,2468.9841688654355,-0.4360091743119266,1.1077981651376148,0.0022935779816513763,0.2689075630252101,0.3445378151260504,0.31958762886597936,0.3065354330708661,488984,2000000,2016
Tommy Layne,608,86.62727272727273,84.0743288590604,2176.2817391304347,0.608099173553719,0.6613223140495867,0.001644736842105263,0.2463768115942029,0.35507246376811596,0.30392156862745096,0.32532051282051283,518927,563750,2016
Tommy Milone,1157,84.22912705272256,83.43016421780467,2087.872903795234,0.6541054451166811,1.3064822817631807,8.64304235090752e-4,0.2958801498127341,0.49063670411985016,0.3157894736842105,0.3615277777777778,543548,4500000,2016
Tony Barnette,842,88.61520190023754,89.21583333333334,2324.576059850374,0.04762470308788598,0.8839667458432304,0.0011876484560570072,0.23786407766990292,0.3155339805825243,0.2857142857142857,0.2865777777777778,501817,1500000,2016
Tony Cingrani,962,93.18960498960499,93.5055439330544,2230.3719912472648,0.6747401247401248,1.2174636174636175,0.0010395010395010396,0.23529411764705882,0.37254901960784315,0.2721518987341772,0.3240677966101695,571561,530000,2016
Tony Sipp,663,85.14389140271493,83.9834094368341,1779.1180327868854,0.6867269984917044,0.9119155354449472,0.0015082956259426848,0.28104575163398693,0.5294117647058824,0.3125,0.3844378698224852,448609,6000000,2016
Tony Watson,895,91.22424581005586,90.22246543778802,2339.497076023392,1.3538547486033519,0.8596648044692737,0.0011173184357541898,0.2097560975609756,0.3853658536585366,0.23648648648648649,0.29353982300884957,453265,3450000,2016
Tony Zych,207,90.10917874396135,88.56372549019608,2188.2,-0.41980676328502414,0.7927536231884058,0.004830917874396135,0.17073170731707318,0.24390243902439024,0.3181818181818182,0.2777551020408163,543964,511000,2016
Travis Wood,860,88.56825581395348,87.01660692951016,2136.324085750315,0.1405813953488372,1.4737209302325582,0.0011627906976744186,0.16842105263157894,0.33157894736842103,0.18309859154929578,0.26271428571428573,475243,6170000,2016
Trevor Bauer,2551,89.20603684829479,89.14159578776832,2251.230454359394,-0.5181497451979616,0.7832614660917288,3.920031360250882e-4,0.252991452991453,0.39145299145299145,0.30205949656750575,0.32817905918057666,545333,1697500,2016
Trevor Cahill,929,88.13982777179763,87.7661797752809,2167.2907239819006,-0.9532831001076426,0.33196986006458556,0.001076426264800861,0.20618556701030927,0.33505154639175255,0.24812030075187969,0.31216814159292033,502239,4250000,2016
Trevor Rosenthal,877,95.42041049030787,94.44733178654292,2292.8872549019607,-0.7735461801596352,1.4244013683010261,0.0011402508551881414,0.2916666666666667,0.38095238095238093,0.42990654205607476,0.37024875621890546,572096,5600000,2016
Tyler Anderson,1445,87.31453287197232,87.04424964936887,2131.454609929078,0.6809688581314879,1.136401384083045,6.920415224913495e-4,0.2913165266106443,0.43137254901960786,0.34767025089605735,0.33559055118110237,542881,509500,2016
Tyler Chatwood,2345,90.5244880546075,90.37252271743834,2401.7298063297117,-0.33860921501706487,0.9303327645051195,4.2643923240938164e-4,0.2513863216266174,0.39371534195933455,0.28773584905660377,0.330718954248366,543022,1000000,2016
Tyler Clippard,947,85.30728616684266,84.74994720168955,2139.072176949942,-0.595142555438226,1.3769799366420274,0.0010559662090813093,0.22966507177033493,0.42105263157894735,0.2878787878787879,0.3271794871794872,461325,6100000,2016
Tyler Lyons,678,86.32536873156342,84.80029673590505,2118.764341085271,-0.09277286135693215,0.758259587020649,0.0014749262536873156,0.2046783625730994,0.40350877192982454,0.2222222222222222,0.292258064516129,544928,512500,2016
Tyler Thornburg,999,89.87297297297297,89.11396070320579,2462.817603393425,-0.3187187187187187,0.9812812812812812,0.001001001001001001,0.17391304347826086,0.3188405797101449,0.24390243902439024,0.2609606986899563,592804,513900,2016
Tyler Wilson,1459,86.1396847155586,86.65782512858192,2167.9303944315543,-0.04187799862919808,0.8196710075394106,6.854009595613434e-4,0.2789473684210526,0.4710526315789474,0.2911392405063291,0.3575242718446602,592869,511500,2016
Ubaldo Jimenez,2315,86.80777537796976,86.2796158882584,2036.0845747236906,-0.604060475161987,1.103196544276458,4.3196544276457883e-4,0.2704280155642023,0.4182879377431907,0.3255208333333333,0.34744425385934824,434622,12673102,2016
Vance Worley,1115,87.61013452914798,85.83726235741445,2226.8221574344025,-0.4567713004484305,1.1097757847533631,8.968609865470852e-4,0.24354243542435425,0.3800738007380074,0.26605504587155965,0.32136363636363635,474699,2600000,2016
Vidal Nuno,765,85.49856209150327,84.19656538969618,2236.562857142857,0.12875816993464054,0.8501960784313726,0.00130718954248366,0.266304347826087,0.45108695652173914,0.3037037037037037,0.3338265306122449,573064,532900,2016
Vince Velasquez,1793,90.66480758505298,90.2873113471213,2221.295731707317,-0.6054099274958171,1.014835471277189,5.577244841048522e-4,0.2475,0.395,0.31851851851851853,0.3145701357466063,592826,516000,2016
Wade Davis,719,92.44631432545202,91.90085592011413,2449.053935860058,-0.1870653685674548,0.9888734353268428,0.0013908205841446453,0.21153846153846154,0.24358974358974358,0.30275229357798167,0.26594285714285715,451584,8000000,2016
Wade Miley,2298,86.72606614447345,85.82127753303965,2156.1861676930366,0.4547432550043516,0.9906875543951262,4.351610095735422e-4,0.28284671532846717,0.45255474452554745,0.3221957040572792,0.3488255033557047,489119,16329674,2016
Wei-Yin Chen,1918,87.56590198123045,86.76932121859969,2036.2778384279477,0.5057351407716372,1.1599582898852971,5.213764337851929e-4,0.2757201646090535,0.4773662551440329,0.30434782608695654,0.34572533849129594,612672,12500000,2016
Will Harris,949,89.33140147523709,89.09316702819956,2544.5133037694013,0.5003161222339304,0.5062170706006323,0.001053740779768177,0.2300469483568075,0.29577464788732394,0.31125827814569534,0.25960698689956335,501789,525500,2016
Will Smith,541,86.51959334565619,85.6525925925926,2265.2147001934236,-0.088909426987061,0.944362292051756,0.0018484288354898336,0.2033898305084746,0.3474576271186441,0.27631578947368424,0.2935338345864662,519293,1475000,2016
Williams Perez,859,88.14237485448196,87.96709753231492,1995.1500600240097,-1.080558789289872,0.7066356228172294,0.0011641443538998836,0.2714285714285714,0.42857142857142855,0.2808988764044944,0.3309734513274336,554234,511250,2016
Wily Peralta,1741,91.4395749569213,90.89564193168434,1898.9246164109406,-0.7042504307869041,0.9871912693854107,5.743825387708214e-4,0.3179611650485437,0.5097087378640777,0.35384615384615387,0.38637168141592926,503449,2800000,2016
Xavier Cedeno,574,86.298606271777,84.73859649122807,2572.483870967742,-0.3207317073170732,0.5153310104529617,0.0017421602787456446,0.23703703703703705,0.3333333333333333,0.3,0.2723972602739726,458584,524100,2016
Yimi Garcia,128,90.48125,87.7672,2389.7636363636366,-0.43203125,0.95078125,0.0078125,0.3103448275862069,0.3103448275862069,0.3333333333333333,0.30636363636363634,554340,517500,2016
Yordano Ventura,2668,91.45991751031121,89.99432544156332,2125.8982791587,-0.8213348331458568,0.7715035620547431,3.748125937031484e-4,0.26582278481012656,0.4177215189873418,0.3004032258064516,0.34318373071528757,570649,1200000,2016
Yovani Gallardo,1726,87.06593279258401,86.40859329017069,2207.753138075314,-0.2324449594438007,1.1726535341830824,5.793742757821553e-4,0.27595628415300544,0.45901639344262296,0.3020833333333333,0.3573333333333333,451596,8728776,2016
Yu Darvish,1163,89.20292347377472,89.40732127476313,2450.2181978798585,-0.004557179707652624,0.8662080825451419,8.598452278589854e-4,0.20938628158844766,0.3574007220216607,0.2934131736526946,0.2783168316831683,506433,10000000,2016
Yusmeiro Petit,825,85.66432038834951,87.11208226221079,2182.8727015558698,-0.28143203883495144,1.3884708737864078,0.0012121212121212121,0.2561576354679803,0.4236453201970443,0.2838709677419355,0.31499999999999995,433589,2500000,2016
Zach Duke,866,85.53267898383372,84.29768250289688,2069.581632653061,0.2809468822170901,0.17782909930715934,0.0011547344110854503,0.22872340425531915,0.3191489361702128,0.3106060606060606,0.30037383177570093,435043,5000000,2016
Zach McAllister,760,92.15,93.25330687830687,2194.001443001443,-0.7638157894736842,1.1523684210526315,0.0013157894736842105,0.2606060606060606,0.41818181818181815,0.31932773109243695,0.3463978494623656,502083,1300000,2016
Zach Putnam,449,86.8977728285078,85.30805369127516,1849.908071748879,-1.175946547884187,0.8247216035634743,0.0022271714922048997,0.24752475247524752,0.32673267326732675,0.3194444444444444,0.2861061946902655,474029,975000,2016
Zack Britton,938,95.73731343283582,94.57568157033806,2113.553268765133,0.7578891257995736,0.6952025586353945,0.0010660980810234541,0.16279069767441862,0.20930232558139536,0.23448275862068965,0.19293859649122808,502154,6750000,2016
Zack Greinke,2175,87.90542528735632,87.5746859004188,2254.56512605042,-0.23714942528735633,0.8867126436781609,4.597701149425287e-4,0.2509433962264151,0.42830188679245285,0.2835820895522388,0.3138938053097345,425844,31799030,2016
