player_name,Pitches,Average Pitch Speed,Average Effective Pitch Speed,Average Spin Rate,Average Horizontal Break,Average Vertical Break,Average Balls,Average Barrel,Corner %,Total Strikes,Total Balls,Total Hit,Strike Percent,Ball Percent,Hit Percent,BAA,SLGA,BABIPA,wOBAA,mlb_id,salary,yearID,ERA,W,L,ER,Total Wins,Total Loss,Total ER
Aaron Loup,700,89.79042857142858,88.56071942446043,2119.4956647398844,1.304857142857143,0.576,0.8471428571428572,0.005714285714285714,0.024285714285714285,339,241,120,0.48428571428571426,0.3442857142857143,0.17142857142857143,0.26993865030674846,0.4601226993865031,0.336283185840708,0.3668181818181818,571901,1050000,2015,4.46,2,5,21,2,5,21
Adam Ottavino,142,90.85985915492958,90.6144,2404.4333333333334,-0.29859154929577464,0.5408450704225353,0.9647887323943662,0.007042253521126761,0.04225352112676056,71,52,19,0.5,0.36619718309859156,0.13380281690140844,0.09375,0.09375,0.15789473684210525,0.156,493603,1300000,2015,0,1,0,0,1,0,0
Adam Wainwright,370,84.75837837837838,84.67908309455588,2318.42774566474,-0.11432432432432432,0.5897297297297297,0.8540540540540541,0.008108108108108109,0.02702702702702703,161,124,85,0.43513513513513513,0.33513513513513515,0.22972972972972974,0.24509803921568626,0.3333333333333333,0.30120481927710846,0.2641904761904762,425794,19500000,2015,1.61,2,1,5,2,1,5
Adam Warren,2011,88.78707110890105,88.17717445952741,2082.6778968861663,-0.32222774738935855,0.9729985082048732,0.9204375932371954,0.005469915464942815,0.030830432620586774,882,762,367,0.43858776727996024,0.3789159622078568,0.182496270512183,0.23956043956043957,0.3516483516483517,0.28169014084507044,0.3017269076305221,476589,1700000,2015,3.29,7,7,48,7,7,48
AJ Ramos,927,88.53074433656958,87.38425110132158,2291.5553047404064,-0.37152103559870553,0.7225458468176915,0.883495145631068,0.004314994606256742,0.039913700107874865,448,341,138,0.48327939590075514,0.36785329018338725,0.1488673139158576,0.17307692307692307,0.2548076923076923,0.24444444444444444,0.24425531914893614,573109,3400000,2015,2.3,2,4,18,2,4,18
Alexi Ogando,964,92.24989626556017,91.79604166666667,2223.5048859934855,-0.31815352697095434,1.2552904564315353,0.9149377593360996,0.011410788381742738,0.03112033195020747,426,364,174,0.44190871369294604,0.3775933609958506,0.18049792531120332,0.22935779816513763,0.44495412844036697,0.2392638036809816,0.3320247933884297,468396,2000000,2015,3.99,3,1,29,3,1,29
Alfredo Simon,2641,88.41726618705036,87.47943851324634,1920.8717131474104,-0.9060961756910262,0.9049602423324499,0.9166982203710715,0.012873911397198031,0.047330556607345704,1104,999,538,0.41802347595607725,0.37826580840590684,0.2037107156380159,0.27892234548335976,0.47702060221870046,0.3037475345167653,0.3632618025751073,430580,2000000,2015,5.05,13,12,105,13,12,105
Andrew Cashner,2777,92.24715417867435,91.14486426999267,2089.9941497659906,-0.7923991354466858,1.0986311239193083,0.8779258192293842,0.009362621534029529,0.03674351585014409,1283,988,506,0.462009362621534,0.3557796182931221,0.1822110190853439,0.27414330218068533,0.43302180685358255,0.32987551867219916,0.3449159663865546,488768,7150000,2015,4.34,6,16,89,6,16,89
Andrew Miller,831,89.2488567990373,89.45997490589711,2200.826666666667,-0.0654632972322503,0.7010830324909747,0.7966305655836342,0.007220216606498195,0.030084235860409144,446,282,103,0.5367027677496992,0.33935018050541516,0.12394705174488568,0.12903225806451613,0.22043010752688172,0.1958762886597938,0.22464114832535886,453192,9000000,2015,2.04,3,2,14,3,2,14
Anibal Sanchez,2492,88.87536115569823,88.53193588162762,2199.3235419327375,-0.3190609951845907,1.2134831460674158,0.8491171749598716,0.011235955056179775,0.03571428571428571,1119,905,468,0.44903691813804175,0.3631621187800963,0.18780096308186195,0.24958123953098826,0.4455611390284757,0.2798165137614679,0.32932098765432105,434671,16800000,2015,4.99,10,10,87,10,10,87
Antonio Bastardo,959,91.11147028154328,90.6101802757158,2436.904267589389,0.5850886339937434,1.6120959332638165,0.9520333680917622,0.008342022940563087,0.020855057351407715,474,353,132,0.4942648592283629,0.3680917622523462,0.13764337851929093,0.1881720430107527,0.2956989247311828,0.24603174603174602,0.27877358490566034,455374,5375000,2015,2.98,4,1,19,4,1,19
Arodys Vizcaino,455,93.85714285714286,92.63094170403588,2295.107398568019,-0.8685714285714285,0.9663736263736263,0.865934065934066,0.01098901098901099,0.05714285714285714,215,166,74,0.4725274725274725,0.3648351648351648,0.16263736263736264,0.23529411764705882,0.35294117647058826,0.323943661971831,0.28981981981981986,527055,897500,2015,1.6,3,1,6,3,1,6
Aroldis Chapman,1055,97.24976303317536,97.84960861056751,2396.583726415094,0.38739336492890997,1.5207582938388626,0.9033175355450237,0.006635071090047393,0.05023696682464455,557,389,109,0.5279620853080569,0.3687203791469194,0.1033175355450237,0.17674418604651163,0.22325581395348837,0.3364485981308411,0.25537848605577684,547973,9468443,2015,1.63,4,4,12,4,4,12
Brad Brach,1095,91.31744292237443,90.08253676470588,2174.8219584569733,-0.8402739726027397,1.004566210045662,0.9223744292237442,0.00821917808219178,0.019178082191780823,515,405,175,0.4703196347031963,0.3698630136986301,0.1598173515981735,0.2163265306122449,0.37142857142857144,0.27439024390243905,0.295970695970696,542960,1250000,2015,2.72,5,3,24,5,3,24
Brad Ziegler,834,81.56534772182255,80.74758269720101,1838.3932291666667,-0.8371702637889689,-0.5870503597122302,0.8705035971223022,0.008393285371702638,0.0035971223021582736,354,299,181,0.4244604316546763,0.35851318944844124,0.2170263788968825,0.19718309859154928,0.28169014084507044,0.22033898305084745,0.23946902654867258,446899,5500000,2015,1.85,0,3,14,0,3,14
Brett Anderson,2432,86.47409539473684,84.81936974789916,1960.5702235343738,0.33170230263157896,0.3046875,0.8351151315789473,0.0078125,0.016036184210526317,1050,861,521,0.4317434210526316,0.3540296052631579,0.21422697368421054,0.27580645161290324,0.3870967741935484,0.3115079365079365,0.3158433734939759,474463,15800000,2015,3.69,10,9,74,10,9,74
Brett Cecil,792,88.49429657794677,86.98237547892721,2093.915474642393,0.27807351077313053,0.6749049429657795,0.8686868686868687,0.006313131313131313,0.03929024081115336,386,287,119,0.48737373737373735,0.36237373737373735,0.15025252525252525,0.20652173913043478,0.33152173913043476,0.2982456140350877,0.271969696969697,446399,3800000,2015,2.48,5,5,15,5,5,15
Brian Matusz,688,87.57674418604651,86.04275256222547,2304.433110367893,0.37020348837209305,1.320203488372093,0.876453488372093,0.010174418604651164,0.02616279069767442,324,257,107,0.47093023255813954,0.373546511627907,0.1555232558139535,0.21768707482993196,0.3401360544217687,0.28,0.3069047619047619,451085,3900000,2015,2.94,1,4,16,1,4,16
Bryan Morris,865,92.14231213872833,92.01058139534884,2105.2601307189543,-0.4509826589595376,0.5489017341040462,0.8057803468208092,0.003468208092485549,0.04046242774566474,382,307,176,0.4416184971098266,0.35491329479768785,0.20346820809248556,0.2837209302325581,0.3767441860465116,0.34523809523809523,0.33506329113924055,457768,1350000,2015,3.14,5,4,22,5,4,22
Bryan Shaw,868,89.7610599078341,88.7386574074074,2366.0416171224733,0.4154377880184332,0.6761520737327189,0.8905529953917051,0.014976958525345621,0.06451612903225806,409,300,159,0.47119815668202764,0.3456221198156682,0.18317972350230416,0.22926829268292684,0.3853658536585366,0.26490066225165565,0.29768181818181816,543766,2750000,2015,2.95,3,3,21,3,3,21
Carlos Carrasco,2465,91.81387987012987,91.53037922506184,2135.7279933249897,-0.8181818181818182,0.8362418831168831,0.7809330628803245,0.008113590263691683,0.036525974025974024,1251,801,413,0.5075050709939148,0.32494929006085194,0.16754563894523328,0.2332214765100671,0.3775167785234899,0.30982367758186397,0.29493788819875777,471911,4500000,2015,3.63,14,12,74,14,12,74
Carlos Torres,749,89.17156208277703,88.21475862068965,2245.5014005602243,0.12616822429906543,0.5005340453938585,0.8210947930574098,0.00801068090787717,0.04806408544726302,347,263,139,0.46328437917222964,0.35113484646194926,0.1855807743658211,0.2681564245810056,0.3854748603351955,0.3333333333333333,0.3039473684210527,448614,1050000,2015,4.68,5,6,30,5,6,30
Carter Capps,445,93.5161797752809,96.16022727272727,2282.0407407407406,-0.5485393258426966,0.8703370786516854,0.7213483146067415,0.0044943820224719105,0.060674157303370786,257,137,51,0.5775280898876405,0.30786516853932583,0.1146067415730337,0.16822429906542055,0.24299065420560748,0.3333333333333333,0.22948717948717948,605169,987500,2015,1.16,1,0,4,1,0,4
Casey Fien,823,90.25443499392466,89.59617755856966,2423.1026957637996,-0.22369380315917375,1.1659781287970838,0.8396111786148238,0.018226002430133656,0.03402187120291616,387,270,166,0.47023086269744835,0.32806804374240583,0.20170109356014582,0.2653061224489796,0.413265306122449,0.2929936305732484,0.3063235294117647,502272,2275000,2015,3.55,4,6,25,4,6,25
Charlie Furbush,301,86.84285714285714,87.07636363636364,2223.716911764706,-0.04053156146179402,0.4973421926910299,0.7840531561461794,0.006644518272425249,0.013289036544850499,135,108,58,0.4485049833887043,0.3588039867109635,0.19269102990033224,0.12162162162162163,0.21621621621621623,0.12727272727272726,0.19873417721518988,518703,1600000,2015,2.08,1,1,5,1,1,5
Charlie Morton,1683,88.72453951277481,87.24093107617897,2200.6751515151514,-0.7778371954842543,0.18009506833036246,0.8175876411170528,0.010101010101010102,0.024955436720142603,743,583,357,0.4414735591206179,0.3464052287581699,0.21212121212121213,0.2806603773584906,0.45990566037735847,0.31176470588235294,0.3656465517241379,450203,8000000,2015,4.81,9,9,69,9,9,69
Chris Archer,2960,92.30320945945945,91.40386192754613,2101.4954166666666,-0.16118243243243244,1.167635135135135,0.8547297297297297,0.007432432432432433,0.057432432432432436,1466,1028,466,0.49527027027027026,0.3472972972972973,0.15743243243243243,0.21513353115727002,0.327893175074184,0.2857142857142857,0.2748163265306123,502042,2916667,2015,3.23,12,13,76,12,13,76
Chris Hatcher,553,93.66853526220615,91.86038095238095,2197.9241803278687,-0.6027124773960217,1.1786618444846293,0.864376130198915,0.007233273056057866,0.04159132007233273,271,189,93,0.49005424954792043,0.34177215189873417,0.16817359855334538,0.264,0.392,0.3448275862068966,0.33145985401459854,501822,1065000,2015,3.69,3,5,16,3,5,16
Chris Narveson,253,85.36679841897234,83.08167330677291,2257.3694779116468,0.4197628458498024,1.1719367588932808,0.8695652173913043,0.015810276679841896,0.03162055335968379,123,88,42,0.48616600790513836,0.34782608695652173,0.16600790513833993,0.14754098360655737,0.26229508196721313,0.175,0.20124999999999998,429780,1200000,2015,4.45,3,1,15,3,1,15
Chris Sale,2874,89.54231036882393,88.74586330935252,2211.8838896952107,1.0470772442588727,0.713848295059151,0.7700069589422408,0.006958942240779402,0.029227557411273485,1485,920,469,0.5167014613778705,0.3201113430758525,0.16318719554627698,0.24639769452449567,0.38904899135446686,0.3355855855855856,0.30935309973045816,519242,9150000,2015,3.41,13,11,79,13,11,79
Chris Tillman,2504,88.08929712460063,88.29410077836953,2146.5867219917013,-0.38498402555910544,1.2402955271565494,0.9428913738019169,0.0075878594249201275,0.05910543130990415,1113,925,466,0.4444888178913738,0.36940894568690097,0.18610223642172524,0.26916221033868093,0.4295900178253119,0.3004484304932735,0.34139200000000003,501957,6225000,2015,4.99,11,11,96,11,11,96
Clay Buchholz,1716,87.40617715617715,87.58417837507636,2221.1246144355337,-0.26853146853146853,0.7996503496503496,0.7709790209790209,0.0034965034965034965,0.04195804195804196,818,564,334,0.4766899766899767,0.32867132867132864,0.19463869463869463,0.2602739726027397,0.3607305936073059,0.3282674772036474,0.30239316239316244,453329,13000000,2015,3.26,7,7,41,7,7,41
Clayton Kershaw,2896,89.04616712707183,88.48451499118165,2199.6771684169585,-0.18453038674033148,0.9386395027624309,0.7779696132596685,0.0051795580110497235,0.06422651933701658,1495,936,465,0.5162292817679558,0.32320441988950277,0.16056629834254144,0.19972067039106145,0.29329608938547486,0.28794642857142855,0.24627140974967063,477132,33000000,2015,2.13,16,7,55,16,7,55
Clayton Richard,482,89.56970954356846,87.86916666666667,2092.3899371069183,1.133817427385892,0.5371369294605809,0.7510373443983402,0.008298755186721992,0.016597510373443983,201,160,121,0.4170124481327801,0.33195020746887965,0.25103734439834025,0.27611940298507465,0.417910447761194,0.2966101694915254,0.3140287769784173,453385,2000000,2015,3.83,4,2,18,4,2,18
Cody Allen,979,91.9420245398773,91.8621761658031,2437.4012605042017,-0.25173824130879346,0.944478527607362,0.8682328907048008,0.006128702757916241,0.03987730061349693,491,350,138,0.501532175689479,0.3575076608784474,0.14096016343207354,0.2374429223744292,0.3333333333333333,0.37037037037037035,0.2906198347107438,592102,4150000,2015,2.99,2,5,23,2,5,23
Corey Kluber,2657,90.15325555137373,90.22529434105583,2287.0926073131955,-0.24181407602559277,0.8604441098983816,0.7911178020323674,0.00940910801656003,0.04252916823485134,1322,853,482,0.4975536319156944,0.32103876552502825,0.18140760255927738,0.25150602409638556,0.3810240963855422,0.3297180043383948,0.30771830985915494,446372,4700000,2015,3.49,9,16,86,9,16,86
Craig Kimbrel,887,94.72333709131905,94.6054892601432,2481.1129032258063,-0.3773393461104848,0.8426155580608794,0.9323562570462233,0.005636978579481398,0.04284103720405862,444,331,112,0.5005636978579482,0.37316798196166856,0.1262683201803833,0.18848167539267016,0.3089005235602094,0.2897196261682243,0.26360189573459714,518886,11000000,2015,2.58,4,2,17,4,2,17
Dallas Keuchel,3194,86.40006261740764,85.75042789223455,1986.4175291073739,0.6843143393863494,0.817783343769568,0.8885410144020037,0.006261740763932373,0.021603005635566688,1417,1191,586,0.44364433312460866,0.37288666249217284,0.18346900438321853,0.21778350515463918,0.31829896907216493,0.2676056338028169,0.26277442702050663,572971,7250000,2015,2.48,20,8,64,20,8,64
Dan Jennings,740,88.35087956698241,87.58563049853372,2227.3499197431784,0.2820027063599459,0.5324763193504736,0.9,0.004054054054054054,0.02706359945872801,312,292,136,0.42162162162162165,0.3945945945945946,0.1837837837837838,0.2603550295857988,0.34911242603550297,0.3153846153846154,0.30166666666666664,543359,810000,2015,3.99,2,3,25,2,3,25
Daniel Hudson,992,92.43377016129033,92.04819027921407,2349.272240085745,-1.0662298387096774,1.1486895161290323,0.96875,0.014112903225806451,0.038306451612903226,451,375,166,0.45463709677419356,0.3780241935483871,0.16733870967741934,0.24545454545454545,0.39545454545454545,0.3057324840764331,0.30619834710743804,543339,2700000,2015,3.86,4,3,29,4,3,29
Danny Duffy,1996,90.0957894736842,90.17082452431289,2231.0155080213904,0.26395989974937345,1.2853634085213033,0.8977955911823647,0.009519038076152305,0.0456140350877193,928,713,355,0.4649298597194389,0.3572144288577154,0.1778557114228457,0.2678983833718245,0.4226327944572748,0.30149253731343284,0.34371428571428575,518633,4225000,2015,4.08,7,8,62,7,8,62
Darren O'Day,945,84.03185185185185,84.53474025974026,2031.5263157894738,-0.39354497354497353,0.4384126984126984,0.8878306878306879,0.005291005291005291,0.03492063492063492,491,323,131,0.5195767195767196,0.3417989417989418,0.13862433862433862,0.18137254901960784,0.27941176470588236,0.25396825396825395,0.25108597285067874,503285,5854712,2015,1.52,6,2,11,6,2,11
David Hernandez,430,90.0806976744186,89.51796690307329,2291.738154613466,-0.2930232558139535,0.9767441860465116,0.9372093023255814,0.013953488372093023,0.04883720930232558,202,157,71,0.4697674418604651,0.36511627906976746,0.16511627906976745,0.23157894736842105,0.3894736842105263,0.2835820895522388,0.31533333333333335,456696,3900000,2015,4.28,1,5,16,1,5,16
David Phelps,1915,88.09937336814622,86.39404636459432,2189.5187930121756,-0.684751958224543,0.932532637075718,0.8939947780678851,0.006788511749347258,0.026631853785900782,851,683,381,0.4443864229765013,0.3566579634464752,0.1989556135770235,0.2739420935412027,0.40311804008908686,0.30434782608695654,0.3300202839756592,475479,2500000,2015,4.5,4,8,56,4,8,56
David Robertson,914,89.63610503282275,89.64543378995434,2486.1038062283737,0.15700218818380743,0.9664113785557987,0.7910284463894968,0.006564551422319475,0.030634573304157548,483,296,135,0.5284463894967177,0.3238512035010941,0.14770240700218817,0.19907407407407407,0.3333333333333333,0.2890625,0.2571052631578948,502085,11000000,2015,3.41,6,5,24,6,5,24
Dillon Gee,616,85.8512987012987,84.68974358974359,2101.631762652705,-0.7616883116883116,0.6060064935064935,0.7224025974025974,0.008116883116883116,0.04707792207792208,288,182,146,0.4675324675324675,0.29545454545454547,0.237012987012987,0.32934131736526945,0.5089820359281437,0.3597122302158273,0.37960674157303365,518716,2000000,2015,5.9,0,3,26,0,3,26
Doug Fister,1524,84.05977690288714,84.27019867549669,1905.2122229684353,-1.0438320209973753,0.8555774278215224,0.7913385826771654,0.01115485564304462,0.043963254593175856,670,521,333,0.43963254593175854,0.34186351706036744,0.21850393700787402,0.2917771883289125,0.4509283819628647,0.31309904153354634,0.3514320987654321,450729,7000000,2015,4.19,5,7,48,5,7,48
Drew Pomeranz,1323,88.20907029478458,86.32662538699691,2291.7033307513557,0.31020408163265306,0.8173091458805745,0.9606953892668179,0.009070294784580499,0.0672713529856387,601,498,224,0.45427059712774,0.3764172335600907,0.1693121693121693,0.24113475177304963,0.375886524822695,0.2830188679245283,0.31263322884012534,519141,1350000,2015,3.66,5,6,35,5,6,35
Drew Smyly,850,85.8155294117647,84.142874251497,2067.144230769231,0.5718823529411765,1.3598823529411765,0.8741176470588236,0.01411764705882353,0.03529411764705882,437,289,124,0.5141176470588236,0.34,0.14588235294117646,0.19576719576719576,0.35978835978835977,0.25217391304347825,0.28019417475728153,592767,3750000,2015,3.11,5,2,23,5,2,23
Drew Storen,725,89.59751724137931,88.96494992846924,2098.69985141159,-0.32317241379310346,0.5935172413793104,0.7917241379310345,0.005517241379310344,0.05379310344827586,347,259,119,0.4786206896551724,0.35724137931034483,0.16413793103448276,0.20454545454545456,0.2784090909090909,0.28448275862068967,0.26466321243523316,519322,8375000,2015,3.44,2,2,21,2,2,21
Edinson Volquez,2848,88.96927668539325,88.74059511158342,2130.448818897638,-0.8738061797752809,0.6320926966292135,0.8690308988764045,0.011235955056179775,0.0488061797752809,1277,1038,533,0.44838483146067415,0.36446629213483145,0.18714887640449437,0.24885496183206107,0.37404580152671757,0.287378640776699,0.3157534246575342,450172,9500000,2015,3.55,13,9,79,13,9,79
Erasmo Ramirez,2054,87.42750730282376,87.12613240418119,2077.6251896813355,-0.8841285296981499,0.98904576436222,0.8091528724440117,0.007789678675754625,0.03894839337877313,954,690,410,0.4644595910418695,0.3359298928919182,0.19961051606621227,0.23076923076923078,0.34615384615384615,0.271356783919598,0.2946181172291297,541640,2375000,2015,3.75,11,6,68,11,6,68
Ervin Santana,1347,88.98448403860431,88.19117647058823,2105.7267709291627,-0.2671863400148478,1.0602821083890126,0.9168522642910171,0.008908685968819599,0.034892353377876766,578,511,258,0.429101707498144,0.3793615441722346,0.1915367483296214,0.21646341463414634,0.35060975609756095,0.25101214574898784,0.28689944134078216,429722,13500000,2015,4,7,5,48,7,5,48
Evan Scribner,773,85.25498059508409,84.60694259012016,2377.9585561497324,0.04359637774902976,0.7816300129366106,0.6804657179818887,0.018111254851228976,0.03622250970245795,416,216,141,0.538163001293661,0.2794307891332471,0.18240620957309184,0.24102564102564103,0.4666666666666667,0.27692307692307694,0.3157213930348259,519267,807500,2015,4.35,2,2,29,2,2,29
Felix Hernandez,2667,88.29137607799025,87.92105061349693,1994.5478260869565,-0.5635170603674541,0.20532433445819273,0.8117735283089614,0.007124109486314211,0.03562054743157105,1256,923,488,0.4709411323584552,0.3460817397825272,0.18297712785901762,0.22970903522205208,0.35987748851454826,0.2826552462526767,0.2969692737430168,433587,25857143,2015,3.53,18,9,79,18,9,79
Fernando Abad,712,85.56980337078652,84.12151515151515,2161.148091603053,0.4431179775280899,1.0375,0.9410112359550562,0.009831460674157303,0.04353932584269663,330,264,118,0.46348314606741575,0.3707865168539326,0.16573033707865167,0.23529411764705882,0.43790849673202614,0.2616822429906542,0.3238461538461539,472551,1250000,2015,4.15,2,2,22,2,2,22
Fernando Rodriguez Jr.,811,91.1288532675709,90.4479274611399,2404.5703125,-0.2965474722564735,1.1355117139334154,0.935881627620222,0.013563501849568433,0.0468557336621455,403,286,122,0.4969173859432799,0.3526510480887793,0.1504315659679408,0.19428571428571428,0.3028571428571429,0.2605042016806723,0.26185567010309274,451775,1050000,2015,3.84,4,2,25,4,2,25
Fernando Salas,871,88.15866819747417,87.28988095238095,2009.6329268292684,-0.5092996555683122,1.3732491389207808,0.7657864523536165,0.016073478760045924,0.05166475315729047,448,271,152,0.5143513203214696,0.3111366245694604,0.17451205510907003,0.23786407766990292,0.4223300970873786,0.2978723404255319,0.29838709677419356,477569,2400000,2015,4.24,5,2,30,5,2,30
Francisco Liriano,2509,88.79972100438421,88.51861594496155,1975.47448522829,0.7024312475089677,0.7949780789159028,0.9222797927461139,0.007174172977281785,0.022319649262654444,1146,955,408,0.456755679553607,0.3806297329613392,0.1626145874850538,0.21331058020477817,0.3225255972696246,0.2868020304568528,0.2779069767441861,434538,13666667,2015,3.38,12,7,70,12,7,70
Francisco Rodriguez,700,85.57371428571429,85.57097242380262,1912.551515151515,-0.7597142857142857,0.8281428571428572,0.7528571428571429,0.002857142857142857,0.03,358,224,118,0.5114285714285715,0.32,0.16857142857142857,0.16265060240963855,0.25301204819277107,0.20869565217391303,0.20406779661016947,408061,7383481,2015,2.21,1,3,14,1,3,14
Franklin Morales,807,90.65675340768277,88.73396226415095,2221.815286624204,0.3366790582403965,1.119454770755886,0.8983890954151177,0.007434944237918215,0.028500619578686492,329,306,172,0.4076827757125155,0.379182156133829,0.21313506815365552,0.26732673267326734,0.42574257425742573,0.30120481927710846,0.33611872146118726,462985,2000000,2015,3.18,4,2,22,4,2,22
Garrett Richards,2725,92.4280366972477,91.0244543100259,2585.209375,0.07093577981651376,0.5412844036697247,0.8535779816513761,0.009174311926605505,0.05137614678899083,1220,996,509,0.44770642201834865,0.3655045871559633,0.18678899082568806,0.22308892355694226,0.3416536661466459,0.2618556701030928,0.29379694019471486,572070,6425000,2015,3.65,15,12,84,15,12,84
George Kontos,913,88.48247535596933,87.55261932479627,2227.5841836734694,-0.33636363636363636,0.8184008762322016,0.8170865279299014,0.009857612267250822,0.03614457831325301,407,308,198,0.4457831325301205,0.3373493975903614,0.21686746987951808,0.20869565217391303,0.33043478260869563,0.22105263157894736,0.2477685950413223,502004,1150000,2015,2.33,4,4,19,4,4,19
Gio Gonzalez,2566,88.75261106780982,87.89615538646376,2228.342834203131,0.7877240841777085,0.7479345284489478,0.8409976617303195,0.007014809041309431,0.02494154325798909,1171,942,453,0.4563522992985191,0.36710833982852686,0.17653936087295402,0.26138279932546377,0.3524451939291737,0.33408071748878926,0.3091830559757942,461829,12100000,2015,3.79,11,8,74,11,8,74
Glen Perkins,745,90.92456375838925,90.34027397260274,2166.461086637298,0.6824161073825503,1.150201342281879,0.72751677852349,0.012080536912751677,0.08053691275167785,366,224,155,0.4912751677852349,0.3006711409395973,0.2080536912751678,0.24630541871921183,0.4088669950738916,0.2827586206896552,0.29947867298578196,450282,6300000,2015,3.32,3,5,21,3,5,21
Hector Rondon,942,92.84182590233546,92.50774263904034,1998.533515731874,-0.5920382165605096,0.8665605095541401,0.8099787685774947,0.005307855626326964,0.05201698513800425,445,322,175,0.4723991507430998,0.34182590233545646,0.18577494692144372,0.22026431718061673,0.31718061674008813,0.2754491017964072,0.26369294605809124,444468,4200000,2015,1.67,6,4,13,6,4,13
Hector Santiago,2691,87.66413972500929,85.54026315789474,2125.7059282371297,0.7920104050538833,1.3167967298402081,0.9156447417316983,0.011891490152359718,0.0505388331475288,1253,983,455,0.46562616127833517,0.36529171311780007,0.16908212560386474,0.22789115646258504,0.4098639455782313,0.2570093457943925,0.32400304414003045,502327,5000000,2015,3.59,9,9,72,9,9,72
Henderson Alvarez III,334,88.23203592814372,86.6607250755287,1772.340350877193,-0.6646706586826348,0.8919161676646706,0.7664670658682635,0.008982035928143712,0.038922155688622756,122,126,86,0.3652694610778443,0.3772455089820359,0.25748502994011974,0.3111111111111111,0.4111111111111111,0.3333333333333333,0.3355670103092784,506693,4250000,2015,6.45,0,4,16,0,4,16
Hisashi Iwakuma,1469,85.32539142273656,84.43053003533569,1987.679203539823,-0.8499659632402995,0.5475153165418652,0.7297481279782164,0.011572498298162015,0.039482641252552755,697,461,311,0.47447243022464264,0.3138189244383935,0.21170864533696393,0.25,0.4260204081632653,0.2827586206896552,0.30426108374384236,547874,10976096,2015,3.54,9,5,51,9,5,51
Homer Bailey,171,87.53508771929825,87.32985074626866,1799.1278195488721,-0.8783625730994152,1.0257309941520467,0.7894736842105263,0.029239766081871343,0.04093567251461988,61,66,44,0.3567251461988304,0.38596491228070173,0.2573099415204678,0.3404255319148936,0.6170212765957447,0.3170731707317073,0.42387755102040825,456701,18000000,2015,5.56,0,1,7,0,1,7
Ian Kennedy,2500,88.021960000000007,87.72131814483319,2266.838367346939,-0.6494,1.0578,0.8928,0.0136,0.0344,1197,881,422,0.4788,0.3524,0.1688,0.27060931899641577,0.5268817204301075,0.31443298969072164,0.37164451827242523,453178,7500000,2015,4.28,9,15,80,9,15,80
Ivan Nova,1037,89.50723240115718,88.46436893203884,2244.7351509250243,-0.7688524590163934,0.6030858244937319,0.8437801350048216,0.01446480231436837,0.02700096432015429,436,382,219,0.420443587270974,0.36837029893924783,0.2111861137897782,0.26640926640926643,0.4555984555984556,0.28780487804878047,0.35007042253521126,467100,4100000,2015,5.07,6,11,53,6,11,53
J.J. Hoover,993,89.69103726082578,88.85308641975308,2345.7293729372936,-0.194662638469285,0.9908358509566969,1.0312185297079557,0.00906344410876133,0.030211480362537766,445,386,162,0.44813695871097686,0.38872104733131924,0.16314199395770393,0.2079207920792079,0.38613861386138615,0.2348993288590604,0.3048695652173913,543331,1400000,2015,2.94,8,2,21,8,2,21
Jacob deGrom,2509,92.31865284974093,92.66199515347334,2171.5095948827293,-0.6335193304105221,1.0867277799920287,0.8043045037863691,0.007174172977281785,0.04463929852530889,1284,784,441,0.511757672379434,0.3124750896771622,0.17576723794340374,0.2195945945945946,0.3141891891891892,0.28162291169451076,0.25151999999999997,594798,607000,2015,2.54,14,8,54,14,8,54
Jaime Garcia,1477,87.2824644549763,86.88362831858407,2238.4275590551183,0.33879485443466484,0.5725795531482736,0.8036560595802302,0.007447528774542992,0.04129993229519296,662,510,305,0.4482058226134055,0.34529451591062965,0.2064996614759648,0.23076923076923078,0.3209549071618037,0.2727272727272727,0.26878109452736315,448802,11500000,2015,2.43,10,6,35,10,6,35
Jake Arrieta,3129,91.52722914669224,90.77122139864647,2304.1750433275565,-0.4627037392138063,0.6636305528922979,0.8737615851709811,0.003835091083413231,0.041546820070310006,1512,1085,532,0.48322147651006714,0.34675615212527966,0.17002237136465326,0.18513513513513513,0.27297297297297296,0.24660194174757283,0.22991082802547774,453562,10700000,2015,1.77,22,6,45,22,6,45
Jake McGee,501,93.91137724550899,92.9787018255578,2301.987780040733,0.9586826347305389,1.6259481037924153,0.844311377245509,0.00998003992015968,0.05588822355289421,268,160,73,0.5349301397205589,0.3193612774451098,0.14570858283433133,0.17699115044247787,0.2920353982300885,0.24285714285714285,0.22372881355932206,459429,4800000,2015,2.41,1,2,10,1,2,10
James Russell,432,86.86550925925926,85.5995337995338,2098.9432624113474,0.3951388888888889,1.2699074074074075,0.9120370370370371,0.0023148148148148147,0.05092592592592592,190,154,88,0.4398148148148148,0.35648148148148145,0.2037037037037037,0.2692307692307692,0.3557692307692308,0.313953488372093,0.29590909090909095,460701,1500000,2015,5.29,0,2,20,0,2,20
James Shields,3014,86.82372262773723,87.43328822733423,2176.264736658528,-0.40783012607830127,0.7657929661579297,0.9124087591240876,0.009621765096217651,0.025215660252156602,1355,1161,498,0.4495686794956868,0.3852023888520239,0.16522893165228933,0.2463768115942029,0.45507246376811594,0.3,0.34765625,448306,21000000,2015,3.91,13,7,88,13,7,88
Jared Hughes,844,92.45082938388626,92.28129496402877,2033.2201257861636,-1.2118483412322274,0.437914691943128,0.8353080568720379,0.009478672985781991,0.013033175355450236,363,293,188,0.43009478672985785,0.3471563981042654,0.22274881516587677,0.2803738317757009,0.35514018691588783,0.32044198895027626,0.3310460251046025,453172,2175000,2015,2.28,3,1,17,3,1,17
Jason Gurka,136,85.74338235294118,85.38872180451128,2476.1,0.25,0.6955882352941176,0.8308823529411765,0.014705882352941176,0,60,49,27,0.4411764705882353,0.3602941176470588,0.19852941176470587,0.42424242424242425,0.696969696969697,0.52,0.4951428571428572,543261,660000,2015,9.39,0,0,8,0,0,8
Jason Motte,723,94.32143845089904,93.34705882352941,2284.119658119658,-0.80608575380359615,1.4099585062240665,0.8201936376210235,0.006915629322268326,0.058091286307053944,345,238,140,0.47717842323651455,0.32918395573997233,0.19363762102351315,0.24550898203592814,0.38922155688622756,0.27611940298507465,0.2936,435400,5000000,2015,3.91,8,1,21,8,1,21
Jason Vargas,687,84.45225618631733,83.29318518518518,2292.445925925926,0.8180494905385736,1.3359534206695778,0.8893740902474527,0.008733624454148471,0.013100436681222707,281,263,143,0.4090247452692867,0.38282387190684136,0.2081513828238719,0.27218934911242604,0.42011834319526625,0.29927007299270075,0.3323076923076923,450306,8500000,2015,3.98,5,2,19,5,2,19
Jeanmar Gomez,1037,89.28042430086789,89.52982456140352,2025.9485066941297,-1.1791706846673096,0.7398264223722276,0.8804243008678881,0.0057859209257473485,0.02892960462873674,434,386,217,0.4185149469623915,0.3722275795564127,0.20925747348119575,0.26744186046511625,0.34108527131782945,0.3192488262910798,0.28714285714285714,491646,1400000,2015,3.01,2,3,25,2,3,25
Jeff Locke,2405,87.48419958419959,86.48830678960603,1806.8044669195112,0.743950103950104,0.8825779625779626,0.8644490644490644,0.006237006237006237,0.028274428274428276,1055,891,459,0.4386694386694387,0.3704781704781705,0.19085239085239086,0.27191413237924866,0.3828264758497317,0.3211845102505695,0.32610305958132046,502046,3025000,2015,4.49,8,11,84,8,11,84
Jeff Manship,434,88.94930875576037,88.35427251732102,2084.188775510204,-0.6453917050691245,0.7195852534562212,0.8594470046082949,0.002304147465437788,0.03686635944700461,195,164,75,0.44930875576036866,0.3778801843317972,0.1728110599078341,0.14285714285714285,0.22448979591836735,0.1780821917808219,0.21321428571428575,453249,765000,2015,0.92,1,0,4,1,0,4
Jeff Samardzija,2813,90.98222538215428,90.49604436229205,2259.629528632645,-0.8040170636331319,0.9454674724493424,0.8183434056167792,0.009242801279772485,0.04088162104514753,1299,923,591,0.46178457163170994,0.32811944543192323,0.21009598293636686,0.26359832635983266,0.4225941422594142,0.2938053097345133,0.3274902470741222,502188,10800000,2015,4.96,11,13,118,11,13,118
Jered Weaver,2094,77.91423793597707,77.82250740375123,2052.6706618030225,-0.2241280458671763,1.0377448638318203,0.83810888252149,0.013849092645654251,0.05016722408026756,889,745,460,0.4245463228271251,0.3557784145176695,0.21967526265520534,0.2718631178707224,0.4695817490494297,0.2800925925925926,0.35067495559502665,450308,20200000,2015,4.64,7,12,82,7,12,82
Jeremy Hellickson,2284,85.83187390542908,84.86542098153984,2192.359043752819,-0.6655429071803853,0.8709719789842382,0.862521891418564,0.013572679509632224,0.023204903677758317,1017,842,425,0.44527145359019266,0.36865148861646235,0.18607705779334502,0.2656546489563567,0.4573055028462998,0.3032581453634085,0.3434142114384749,476451,7000000,2015,4.62,9,12,75,9,12,75
Jesse Chavez,2172,88.89295580110497,88.31146744412051,2232.274471224791,-0.6480662983425415,1.1243093922651934,0.9093001841620626,0.007366482504604052,0.027624309392265192,945,816,411,0.4350828729281768,0.3756906077348066,0.18922651933701656,0.2757281553398058,0.4058252427184466,0.32575757575757575,0.32399286987522286,445926,4000000,2015,4.18,7,15,73,7,15,73
Jeurys Familia,1013,95.751185770751,94.50262626262626,2238.200850159405,-0.9849802371541502,0.8278656126482213,0.8104639684106614,0.005923000987166831,0.04743083003952569,496,340,177,0.48963474827245806,0.33563672260612043,0.17472852912142153,0.21862348178137653,0.32793522267206476,0.2823529411764706,0.2728195488721804,544727,4100000,2015,1.85,2,2,16,2,2,16
Joe Kelly,1967,92.12623284189121,91.6352119958635,2108.4,-0.725775292323335,0.8357905439755974,0.9318759532282664,0.00813421453990849,0.04016268429079817,869,756,342,0.44178952719877984,0.38434163701067614,0.17386883579054396,0.2923433874709977,0.44547563805104406,0.3445121951219512,0.36175983436853,523260,2600000,2015,4.82,10,6,72,10,6,72
Joe Smith,827,86.18681983071342,85.87303921568628,1967.657622739018,-0.7760580411124547,0.27726723095525996,0.7400241837968561,0.009673518742442563,0.014510278113663845,394,276,157,0.47642079806529625,0.33373639661426846,0.18984280532043532,0.23786407766990292,0.33980582524271846,0.3026315789473684,0.2863063063063063,501925,5250000,2015,3.58,5,5,26,5,5,26
John Axford,893,92.45711086226204,92.50829439252337,2253.811794228356,-0.20156774916013437,0.8195968645016797,1.049272116461366,0.007838745800671893,0.048152295632698766,390,372,131,0.43673012318029114,0.4165733482642777,0.14669652855543114,0.25555555555555554,0.35555555555555557,0.33070866141732286,0.3118536585365853,446099,4500000,2015,4.2,4,5,26,4,5,26
John Danks,2529,85.1839066824832,84.07314814814815,2122.751573646664,0.6536575721629102,1.3587979438513247,0.8438117833135627,0.009094503756425464,0.028469750889679714,1151,877,501,0.45512060102807433,0.34677738236457095,0.1981020166073547,0.2847571189279732,0.4656616415410385,0.31856540084388185,0.3513935681470137,433579,15750000,2015,4.71,7,15,93,7,15,93
Jon Lester,2826,88.47190375088464,87.78584803745049,2202.875730994152,0.21847133757961784,0.9726468506723284,0.892073602264685,0.007077140835102618,0.02937013446567587,1298,1029,499,0.45930644019815997,0.3641188959660297,0.17657466383581033,0.23099850968703428,0.3621460506706408,0.2939958592132505,0.2877392510402219,452657,25000000,2015,3.34,11,12,76,11,12,76
Jonathon Niese,2292,85.83438045375217,85.33141592920354,1945.802513464991,0.5647033158813264,0.6547993019197208,0.7958115183246073,0.008726003490401396,0.02574171029668412,967,814,511,0.42190226876090753,0.3551483420593368,0.22294938917975568,0.27721088435374147,0.4098639455782313,0.30833333333333335,0.3363125,477003,9000000,2015,4.13,9,10,81,9,10,81
Jordan Lyles,767,89.75593220338983,90.02255936675462,1882.814419225634,-0.7129074315514994,0.8649282920469361,0.878748370273794,0.005215123859191656,0.054758800521512385,301,306,160,0.3924380704041721,0.39895697522816165,0.20860495436766624,0.2903225806451613,0.3870967741935484,0.33548387096774196,0.3446634615384615,543475,2975000,2015,5.14,2,5,28,2,5,28
Jordan Walden,156,90.08846153846154,92.35961538461538,2361.589552238806,-0.9865384615384616,1.1282051282051282,0.7628205128205128,0,0.038461538461538464,80,50,26,0.5128205128205128,0.32051282051282054,0.16666666666666666,0.1891891891891892,0.24324324324324326,0.2692307692307692,0.22097560975609754,477229,3675000,2015,0.87,0,1,1,0,1,1
Jordan Zimmermann,2688,90.31502976190477,89.69479126771353,2295.043668122271,-0.40993303571428574,0.9143973214285714,0.7764136904761905,0.00818452380952381,0.06063988095238095,1262,878,548,0.4694940476190476,0.32663690476190477,0.20386904761904762,0.26331360946745563,0.378698224852071,0.3065134099616858,0.30751743375174345,519455,18000000,2015,3.66,13,10,82,13,10,82
Jose Quintana,3062,87.75953625081645,87.56103255508057,1984.7797681770285,0.25421293272371,1.0164598301763552,0.8383409536250817,0.008491182233834096,0.028086218158066622,1419,1071,572,0.4634225996080993,0.34977139124755063,0.1868060091443501,0.26620689655172414,0.4096551724137931,0.32116788321167883,0.32180878552971576,500779,5400000,2015,3.36,9,10,77,9,10,77
Josh Fields,798,90.34561403508772,90.17414880201765,2162.8992346938776,-0.037719298245614034,1.2533834586466166,0.8872180451127819,0.005012531328320802,0.05263157894736842,399,284,115,0.5,0.3558897243107769,0.14411027568922305,0.21511627906976744,0.3313953488372093,0.3153153153153153,0.276931216931217,451661,900000,2015,3.55,4,1,20,4,1,20
Josh Tomlin,668,85.71976047904191,84.5533950617284,2400.1271317829455,-0.2058383233532934,1.0398203592814372,0.7544910179640718,0.023952095808383235,0.038922155688622756,320,216,132,0.47904191616766467,0.32335329341317365,0.19760479041916168,0.2046783625730994,0.39766081871345027,0.224,0.28536312849162015,458708,2250000,2015,3.02,7,2,22,7,2,22
Juan Nicasio,1032,92.82063953488372,92.09324462640737,2063.54448017149,-0.6460271317829458,1.1376937984496125,0.9263565891472868,0.0048449612403100775,0.05813953488372093,496,383,153,0.4806201550387597,0.37112403100775193,0.14825581395348839,0.2559241706161137,0.3744075829383886,0.3581081081081081,0.3135897435897436,504379,3000000,2015,3.86,1,3,25,1,3,25
Julio Teheran,3047,87.2422710863144,86.96507145230974,2076.841509433962,-0.6583196586806696,0.7971119133574007,0.9012143091565474,0.008861174926156876,0.03380374138496882,1347,1142,558,0.4420741713160486,0.37479488021004265,0.18313094847390876,0.2553495007132668,0.4094151212553495,0.29636711281070743,0.33394094993581513,527054,3466666,2015,4.04,11,8,90,11,8,90
Junichi Tazawa,807,89.6094175960347,88.21158156911582,2189.4022415940226,-0.40532837670384136,1.0183395291201982,0.838909541511772,0.009913258983890954,0.03593556381660471,382,279,146,0.47335811648079307,0.34572490706319703,0.1809169764560099,0.265,0.4,0.3475177304964539,0.30516908212560384,547749,3375000,2015,4.14,2,7,27,2,7,27
Justin Grimm,725,90.3576551724138,90.44730290456431,2197.925457102672,-0.03903448275862069,0.697103448275862,0.976551724137931,0.006896551724137931,0.019310344827586208,341,296,88,0.4703448275862069,0.40827586206896554,0.12137931034482759,0.19148936170212766,0.3262411347517731,0.27710843373493976,0.29464285714285715,518748,1275000,2015,1.99,3,5,11,3,5,11
Justin Verlander,1587,89.06565847511027,88.49451450189156,2405.03223726628,-0.6719596723377442,1.1378071833648393,0.853182104599874,0.00945179584120983,0.045368620037807186,719,560,308,0.4530560806553245,0.35286704473850034,0.19407687460617518,0.256,0.408,0.282312925170068,0.3153940886699508,434378,28000000,2015,3.38,5,8,50,5,8,50
Justin Wilson,897,94.23924191750278,92.81525423728813,2316.025374855825,0.4713489409141583,1.634448160535117,0.9096989966555183,0.006688963210702341,0.0379041248606466,457,310,130,0.5094760312151616,0.3455964325529543,0.14492753623188406,0.2,0.2918918918918919,0.2698412698412698,0.26736585365853655,458677,1525000,2015,3.1,5,0,21,5,0,21
Kelvin Herrera,912,96.28146929824561,95.02224770642202,2172.356718192628,-0.9445175438596491,1.3889254385964913,0.8519736842105263,0.007675438596491228,0.0581140350877193,424,328,160,0.4649122807017544,0.35964912280701755,0.17543859649122806,0.2028985507246377,0.2946859903381642,0.24358974358974358,0.2578969957081545,516969,2550000,2015,2.71,4,3,21,4,3,21
Kenley Jansen,648,92.13904320987655,93.12492211838006,2557.449752883031,0.12114197530864197,1.2820987654320988,0.7083333333333334,0.013888888888888888,0.05246913580246913,379,179,90,0.5848765432098766,0.2762345679012346,0.1388888888888889,0.18421052631578946,0.3355263157894737,0.2619047619047619,0.24888888888888888,445276,10650000,2015,2.41,2,1,14,2,1,14
Koji Uehara,653,82.7249617151608,81.4001579778831,1958.0916271721958,-1.0197549770290966,1.2214395099540583,0.774885145482389,0.004594180704441042,0.030627871362940276,336,208,109,0.5145482388973966,0.31852986217457885,0.1669218989280245,0.2,0.34838709677419355,0.26666666666666666,0.25591463414634147,493157,9000000,2015,2.23,2,4,10,2,4,10
Kris Medlen,670,87.55477611940299,86.49805680119582,2275.5254491017963,-0.8416417910447761,0.9314925373134328,0.9134328358208955,0.010447761194029851,0.041791044776119404,281,254,135,0.41940298507462687,0.37910447761194027,0.20149253731343283,0.2792207792207792,0.42207792207792205,0.3023255813953488,0.3364705882352941,450665,5500000,2015,4.01,6,2,26,6,2,26
Kyle Gibson,2911,89.14015802129852,88.82571625819814,2058.6091351553723,-0.8200618344211611,0.9363105462040536,0.896942631398145,0.010649261422191686,0.018550326348333906,1255,1109,547,0.4311233253177602,0.3809687392648574,0.18790793541738235,0.2556053811659193,0.38863976083707025,0.29558541266794625,0.31678522571819423,502043,587500,2015,3.84,11,11,83,11,11,83
Lance Lynn,2622,90.92501906941266,90.42235528942116,2319.4495967741937,-0.8953852021357742,0.9699084668192219,0.9759725400457666,0.007246376811594203,0.03051106025934401,1191,1007,424,0.45423340961098396,0.38405797101449274,0.16170861937452327,0.24691358024691357,0.36331569664902996,0.31851851851851853,0.3070813397129186,458681,7500000,2015,3.03,12,11,59,12,11,59
Luke Gregerson,752,86.76343085106383,85.54924346629986,2303.7374045801525,-0.17579787234042554,0.39867021276595743,0.7300531914893617,0.006648936170212766,0.02127659574468085,373,235,144,0.49601063829787234,0.3125,0.19148936170212766,0.225130890052356,0.3507853403141361,0.2773722627737226,0.27885572139303483,502381,6750000,2015,3.1,7,3,21,7,3,21
Luke Hochevar,739,90.02070365358593,89.58133514986376,2325.695290858726,-0.2722598105548038,0.874830852503383,0.9228687415426252,0.008119079837618403,0.035182679296346414,354,260,125,0.4790257104194858,0.35182679296346414,0.16914749661705006,0.2682926829268293,0.45121951219512196,0.31932773109243695,0.3462983425414365,460024,5500000,2015,3.73,1,1,21,1,1,21
Madison Bumgarner,2888,88.0651541392449,87.58614479970599,2250.697449768161,0.07731208867336335,0.8386560443366817,0.8088642659279779,0.009002770083102494,0.0457222029788708,1405,956,527,0.48649584487534625,0.33102493074792244,0.1824792243767313,0.2330508474576271,0.3728813559322034,0.288,0.2894,518516,9916667,2015,2.93,18,9,71,18,9,71
Marco Estrada,2425,85.36531958762886,83.66813787305591,2298.400842105263,-0.5032577319587629,1.4914226804123711,0.9117525773195876,0.00865979381443299,0.04618556701030928,1105,866,454,0.4556701030927835,0.35711340206185566,0.18721649484536082,0.21014492753623187,0.36231884057971014,0.22528735632183908,0.2838704318936877,462136,11500000,2015,3.13,13,8,63,13,8,63
Mark Melancon,908,88.2811466372657,88.06046770601337,2349.816009557945,0.22094818081587653,0.2984564498346196,0.8226872246696035,0.003303964757709251,0.03307607497243661,441,291,176,0.4856828193832599,0.32048458149779735,0.19383259911894274,0.20614035087719298,0.2807017543859649,0.2558139534883721,0.24431535269709542,453343,9650000,2015,2.23,3,2,19,3,2,19
Martin Perez,833,88.73721488595439,87.94927710843373,1970.2881562881562,0.8346938775510204,0.9771908763505402,0.8163265306122449,0.013205282112845138,0.009603841536614645,347,301,185,0.41656662665066024,0.36134453781512604,0.22208883553421369,0.2764976958525346,0.3824884792626728,0.32044198895027626,0.32199152542372883,527048,3150000,2015,4.46,3,6,39,3,6,39
Masahiro Tanaka,1981,87.98813730439173,87.03368037480479,1959.8259683578833,-0.598889449772842,0.8391721352852095,0.7925290257445734,0.01463907117617365,0.024734982332155476,952,648,381,0.48056537102473496,0.3271075214538112,0.19232710752145382,0.23434343434343435,0.4484848484848485,0.25842696629213485,0.308,547888,22000000,2015,3.51,12,7,60,12,7,60
Matt Albers,408,87.50073529411765,87.48693467336683,1912.1331592689296,-1.1833333333333333,0.6943627450980392,0.8284313725490197,0.012254901960784314,0.00980392156862745,177,146,85,0.4338235294117647,0.35784313725490197,0.20833333333333334,0.22,0.35,0.2345679012345679,0.25691588785046726,458006,2000000,2015,1.21,2,0,5,2,0,5
Matt Garza,2143,89.3084461035931,89.42232142857142,1958.2847256549678,-0.5025198320111992,0.9708352776481568,0.8586094260382641,0.009332711152589827,0.04013065795613626,950,739,454,0.4433037797480168,0.34484367708819413,0.21185254316378907,0.29444444444444445,0.46296296296296297,0.32325581395348835,0.3594047619047619,490063,12209424,2015,5.63,6,14,93,6,14,93
Matt Harvey,2519,93.17018658197698,92.11946144430844,2263.8909774436092,-0.8341405319571259,1.0220325526002383,0.7856292179436284,0.006748709805478364,0.04684398570861453,1221,818,480,0.4847161572052402,0.32473203652242955,0.1905518062723303,0.2283464566929134,0.352755905511811,0.2813186813186813,0.2809050445103857,518774,4325000,2015,2.71,13,8,57,13,8,57
Matt Moore,960,88.35645833333334,87.02994708994709,2311.7910922587484,0.7390625,0.994375,0.8447916666666667,0.016666666666666666,0.04895833333333333,432,339,189,0.45,0.353125,0.196875,0.30837004405286345,0.4889867841409692,0.34444444444444444,0.38281746031746033,519043,5100000,2015,5.43,3,4,38,3,4,38
Max Scherzer,2920,90.67746575342466,89.78775580992023,2285.423616236162,-0.9163013698630137,0.8969520547945206,0.7246575342465753,0.009246575342465754,0.053082191780821915,1556,858,506,0.5328767123287671,0.29383561643835615,0.17328767123287672,0.20303867403314918,0.3383977900552486,0.2673684210526316,0.2575263157894737,453286,22142857,2015,2.79,14,12,71,14,12,71
Michael Pineda,2394,90.38074352548037,90.48186419232391,2010.5922662750856,-0.1946532999164578,0.808187134502924,0.7798663324979115,0.01086048454469507,0.035505430242272346,1182,751,461,0.49373433583959897,0.31370091896407687,0.19256474519632413,0.2733333333333333,0.4483333333333333,0.3287671232876712,0.32665605095541406,501381,4300000,2015,4.37,12,10,78,12,10,78
Mike Dunn,829,92.33317249698432,91.84143377885783,2256.6176911544226,0.0652593486127865,1.2574185765983112,0.9107358262967431,0.006031363088057901,0.04342581423401689,401,309,119,0.4837153196622437,0.37273823884197826,0.14354644149577805,0.22988505747126436,0.3850574712643678,0.30701754385964913,0.32601990049751245,445197,3450000,2015,4.5,2,5,27,2,5,27
Mike Pelfrey,2287,90.3072146917359,90.83358373840035,1735.121524663677,-0.9337560122431132,0.8086576300830782,0.8771316134674245,0.010056843025797988,0.03323130738959335,939,849,499,0.4105815478793179,0.37122868386532576,0.21818976825535635,0.30619469026548674,0.4194690265486726,0.3347107438016529,0.35833333333333334,460059,8000000,2015,4.26,6,11,78,6,11,78
Nate Jones,171,94.1859649122807,93.15882352941176,2319.0763888888887,-0.5719298245614035,0.987719298245614,0.8128654970760234,0.011695906432748537,0.023391812865497075,87,61,23,0.5087719298245614,0.3567251461988304,0.13450292397660818,0.18421052631578946,0.5263157894736842,0.16666666666666666,0.3383333333333334,518858,900000,2015,3.32,2,2,7,2,2,7
Nathan Eovaldi,2305,90.57444685466378,89.66194493783304,1923.1010638297873,-0.4642516268980477,0.789587852494577,0.8854663774403471,0.009978308026030369,0.040780911062906725,1040,823,442,0.4511930585683297,0.35704989154013017,0.19175704989154013,0.2962962962962963,0.39814814814814814,0.3488372093023256,0.3353071672354949,543135,5600000,2015,4.2,14,3,72,14,3,72
Pat Neshek,751,86.23968042609853,85.12,2015.3029045643154,-0.7909454061251664,0.7203728362183756,0.6950732356857523,0.010652463382157125,0.047936085219707054,391,221,139,0.5206391478029294,0.29427430093209056,0.18508655126498003,0.22857142857142856,0.4228571428571429,0.256,0.31058823529411766,450212,6500000,2015,3.62,3,6,22,3,6,22
Patrick Corbin,946,89.24482029598309,89.11711517761033,2106.353427895981,0.6321353065539113,0.8787526427061311,0.7463002114164905,0.011627906976744186,0.03488372093023256,432,312,202,0.45665961945031713,0.3298097251585624,0.2135306553911205,0.2734375,0.44140625,0.3229166666666667,0.33301115241635687,571578,2525000,2015,3.6,6,5,34,6,5,34
Pedro Strop,923,89.3650054171181,88.00350877192983,2128.1806220095696,-0.5236186348862405,0.6417118093174431,0.9100758396533044,0.004333694474539545,0.035752979414951244,440,346,137,0.47670639219934996,0.37486457204767065,0.14842903575297942,0.16176470588235295,0.27450980392156865,0.21212121212121213,0.25363636363636366,467008,4400000,2015,2.91,2,6,22,2,6,22
Phil Hughes,2192,88.11856751824817,87.47004141739531,2126.6897187644076,-0.5068430656934306,0.9198905109489051,0.6879562043795621,0.01687956204379562,0.04288321167883212,1003,665,524,0.45757299270072993,0.3033759124087591,0.23905109489051096,0.2878289473684211,0.4917763157894737,0.3,0.347591706539075,461833,9200000,2015,4.4,11,9,76,11,9,76
Raisel Iglesias,1178,88.82402376910017,88.48095238095237,2260.1006979062813,-0.6707979626485568,0.6777589134125637,0.8896434634974533,0.010186757215619695,0.02801358234295416,571,408,199,0.4847198641765705,0.3463497453310696,0.16893039049235994,0.25757575757575757,0.42045454545454547,0.3225806451612903,0.34113793103448276,628452,3214285,2015,4.15,3,7,44,3,7,44
Randall Delgado,1078,88.69257884972171,88.44244817374137,2016.025136612022,-0.5415584415584416,1.1662337662337663,0.9786641929499073,0.00463821892393321,0.030612244897959183,485,425,168,0.44990723562152135,0.3942486085343228,0.15584415584415584,0.22807017543859648,0.3508771929824561,0.2830188679245283,0.3025390625,517414,1275000,2015,3.25,8,4,26,8,4,26
Rich Hill,434,83.36751152073732,82.73317757009346,2414.2018779342725,0.1444700460829493,0.45668202764976956,0.8110599078341014,0.0069124423963133645,0.055299539170506916,237,134,63,0.5460829493087558,0.3087557603686636,0.14516129032258066,0.1414141414141414,0.21212121212121213,0.19672131147540983,0.20311320754716983,448179,6000000,2015,1.55,2,1,5,2,1,5
Rick Porcello,2544,88.00876572327044,87.81902303415409,2401.8598317981578,-0.5846305031446541,0.8996462264150944,0.8411949685534591,0.01179245283018868,0.04874213836477988,1137,910,497,0.44693396226415094,0.3577044025157233,0.19536163522012578,0.28913738019169327,0.46325878594249204,0.33191489361702126,0.35963126843657817,519144,20125000,2015,4.92,9,15,94,9,15,94
Robbie Ross Jr.,909,88.64070407040704,87.39584736251403,2076.794437726723,0.21727172717271728,0.8752475247524752,0.8668866886688669,0.0088008800880088,0.039603960396039604,413,331,165,0.45434543454345433,0.3641364136413641,0.18151815181518152,0.2560386473429952,0.41545893719806765,0.29936305732484075,0.33369565217391306,543726,1250000,2015,3.86,0,2,26,0,2,26
Ross Ohlendorf,360,89.15543175487466,87.79450867052023,2009.2218934911243,-0.5036211699164346,1.2403899721448468,1.0777777777777777,0.008333333333333333,0.04456824512534819,161,146,53,0.44722222222222224,0.40555555555555556,0.14722222222222223,0.2318840579710145,0.43478260869565216,0.2553191489361702,0.3143243243243243,456027,800000,2015,3.72,3,1,8,3,1,8
Rubby De La Rosa,2637,91.34106939704209,90.72963671128107,2160.729099678457,-0.89806598407281,0.9871065604854001,0.850967007963595,0.011376564277588168,0.034888130451270385,1198,930,509,0.45430413348502086,0.35267349260523323,0.19302237390974591,0.2630744849445325,0.44849445324881143,0.2902542372881356,0.3401596516690856,523989,2350000,2015,4.67,14,9,98,14,9,98
Ryan Webb,552,89.1588768115942,88.29962894248608,1905.5935114503816,-1.0702898550724638,0.2447463768115942,0.7753623188405797,0.005434782608695652,0.030797101449275364,235,191,126,0.4257246376811594,0.34601449275362317,0.22826086956521738,0.24832214765100671,0.3959731543624161,0.2786885245901639,0.31598765432098763,444436,1000000,2015,3.2,1,0,18,1,0,18
Sean Doolittle,198,92.35,91.68071065989848,2187.7897435897435,0.6398989898989899,1.7762626262626262,0.898989898989899,0.010101010101010102,0.08080808080808081,108,60,30,0.5454545454545454,0.30303030303030304,0.15151515151515152,0.2222222222222222,0.35555555555555557,0.3103448275862069,0.26872340425531915,448281,1580000,2015,3.95,1,0,6,1,0,6
Sergio Romo,769,81.77984395318596,81.40698324022347,2437.561728395062,0.12184655396618986,0.6479843953185955,0.7984395318595578,0.005201560468140442,0.011703511053315995,385,256,128,0.5006501950585176,0.3328998699609883,0.16644993498049415,0.24193548387096775,0.3709677419354839,0.3442622950819672,0.2886153846153846,489265,9000000,2015,2.98,0,5,19,0,5,19
Seth Maness,823,87.4168894289186,86.13508322663252,1904.1073825503356,-1.102187120291616,0.4582017010935601,0.7339003645200486,0.010935601458080195,0.024301336573511544,367,274,182,0.4459295261239368,0.33292831105710813,0.22114216281895505,0.3013698630136986,0.4429223744292237,0.34705882352941175,0.34030837004405284,595307,1400000,2015,4.26,4,2,30,4,2,30
Shawn Kelley,689,86.71497093023255,86.93786259541984,2122.623093681917,0.05552325581395349,0.9627906976744186,0.7880986937590712,0.00725689404934688,0.03488372093023256,334,237,118,0.4847605224963715,0.3439767779390421,0.17126269956458637,0.23030303030303031,0.34545454545454546,0.2982456140350877,0.2673142857142857,518875,4000000,2015,2.45,2,2,14,2,2,14
Shawn Tolleson,951,89.40883280757097,89.85441810344828,1923.9506037321626,-0.41682439537329125,1.2987381703470031,0.843322818086225,0.00946372239747634,0.04206098843322818,443,340,168,0.4658254468980021,0.35751840168243953,0.17665615141955837,0.23893805309734514,0.37168141592920356,0.3018867924528302,0.2894117647058823,474521,3275000,2015,2.99,6,4,24,6,4,24
Shelby Miller,2741,91.25968624589567,91.69309821767159,2195.74375,-0.6513316307916819,0.9573148485954032,0.8321780372126961,0.007661437431594309,0.06566946369937979,1278,938,525,0.46625319226559647,0.3422108719445458,0.19153593578985773,0.24382716049382716,0.36419753086419754,0.2885375494071146,0.3006082036775107,571946,4350000,2015,3.02,6,17,69,6,17,69
Stephen Strasburg,1656,91.94142512077295,92.31753407682776,2150.1395202020203,-0.623792270531401,0.9282608695652174,0.7874396135265701,0.00785024154589372,0.035024154589371984,830,546,280,0.501207729468599,0.32971014492753625,0.16908212560386474,0.2537688442211055,0.39195979899497485,0.3371212121212121,0.30981176470588234,544931,10400000,2015,3.46,11,7,49,11,7,49
Tanner Scheppers,704,90.68082386363636,90.39435114503817,2303.800627943485,-0.5796875,0.8708806818181818,0.9232954545454546,0.009943181818181818,0.061079545454545456,303,278,123,0.4303977272727273,0.39488636363636365,0.1747159090909091,0.24836601307189543,0.42483660130718953,0.27350427350427353,0.34337078651685393,489294,900000,2015,5.63,4,1,24,4,1,24
Tom Koehler,2406,88.51990856192852,86.32778723404256,2146.0350801212644,-0.46749792186201167,0.785619285120532,0.8865336658354115,0.010390689941812137,0.043640897755610975,1020,924,462,0.4239401496259352,0.38403990024937656,0.19201995012468828,0.2420494699646643,0.3833922261484099,0.2743764172335601,0.31668246445497633,543408,3500000,2015,4.08,11,14,85,11,14,85
Tom Wilhelmsen,899,90.95617352614016,90.00281848928974,2204.5677966101694,-0.289321468298109,0.7646273637374861,0.9721913236929922,0.0055617352614015575,0.027808676307007785,409,345,145,0.4549499443826474,0.38375973303670746,0.16129032258064516,0.2708333333333333,0.40625,0.35507246376811596,0.3373611111111111,452666,3100000,2015,3.19,2,2,22,2,2,22
Tommy Layne,644,87.89160186625195,85.27728706624606,2040.2843450479234,0.829860031104199,0.7628304821150855,0.9285714285714286,0.003105590062111801,0.027993779160186624,264,268,112,0.40993788819875776,0.4161490683229814,0.17391304347826086,0.23448275862068965,0.33793103448275863,0.2962962962962963,0.31380952380952387,518927,563750,2015,3.97,2,1,21,2,1,21
Tommy Milone,1718,84.8081490104773,84.23897497020262,2098.348711803475,0.6384749708963912,1.310011641443539,0.8993015133876601,0.010477299185098952,0.03143189755529686,740,636,342,0.4307334109429569,0.370197904540163,0.1990686845168801,0.25980392156862747,0.4264705882352941,0.2826086956521739,0.3226018099547511,543548,4500000,2015,3.92,9,5,56,9,5,56
Tony Sipp,730,85.85684931506849,85.07623626373626,1754.4273624823695,0.7065753424657534,1.0493150684931507,0.8506849315068493,0.00821917808219178,0.0273972602739726,362,242,126,0.4958904109589041,0.3315068493150685,0.1726027397260274,0.20809248554913296,0.35260115606936415,0.2605042016806723,0.2676216216216217,448609,6000000,2015,1.99,3,4,12,3,4,12
Tony Watson,948,92.23597046413502,91.49248120300751,2365.4540481400436,1.4170886075949367,0.9670886075949368,0.8027426160337553,0.007383966244725738,0.03164556962025317,465,313,170,0.49050632911392406,0.33016877637130804,0.17932489451476794,0.2026431718061674,0.27312775330396477,0.25748502994011974,0.25595141700404855,453265,3450000,2015,1.91,4,1,16,4,1,16
Travis Wood,1503,87.27215189873418,85.68647019423979,2061.9439124487003,0.2379746835443038,1.3305129913391072,0.9021956087824351,0.00998003992015968,0.04063957361758828,715,561,227,0.47571523619427813,0.37325349301397204,0.15103127079174983,0.22018348623853212,0.36085626911314983,0.28703703703703703,0.2886350974930362,475243,6170000,2015,3.84,5,4,43,5,4,43
Trevor Bauer,2427,88.90012360939431,88.75675105485232,2164.4034697508896,-0.37762669962917184,0.9320972393901936,0.8990523279769262,0.009888751545117428,0.042439225381128966,1075,935,417,0.4429336629583848,0.38524927894519984,0.17181705809641531,0.2244165170556553,0.3752244165170557,0.2708860759493671,0.30952,545333,1697500,2015,4.55,11,12,89,11,12,89
Trevor Rosenthal,1063,95.36698024459078,94.44874031007753,2216.1592039800994,-0.8493885230479774,1.4435559736594543,0.9238005644402634,0.0037629350893697085,0.05644402634054563,524,377,162,0.4929444967074318,0.354656632173095,0.1523988711194732,0.25327510917030566,0.3318777292576419,0.3503184713375796,0.293574297188755,572096,5600000,2015,2.1,2,4,16,2,4,16
Tyson Ross,2834,90.39774170783345,88.95009140767824,2432.9610337972167,-0.3942131263232181,0.7085391672547636,0.9163726182074806,0.00529287226534933,0.0374029640084686,1289,1091,454,0.45483415666901905,0.3849682427664079,0.16019760056457305,0.2346456692913386,0.32440944881889766,0.3182844243792325,0.29962237762237764,475115,9625000,2015,3.26,10,12,71,10,12,71
Ubaldo Jimenez,2457,88.14720977596741,87.66823770491803,1983.9006451612904,-0.7108757637474542,1.1028105906313646,0.8726088726088727,0.007326007326007326,0.026883910386965377,1100,919,438,0.4477004477004477,0.37403337403337406,0.17826617826617827,0.2504378283712785,0.37653239929947463,0.3016627078384798,0.31940157480314957,434622,12673102,2015,4.11,12,10,84,12,10,84
Vance Worley,1198,87.43063439065108,85.51864406779661,2158.87167736022,-0.4830550918196995,0.8996661101836394,0.8823038397328882,0.008347245409015025,0.018363939899833055,517,433,248,0.4315525876460768,0.3614357262103506,0.20701168614357263,0.28040540540540543,0.40878378378378377,0.3235294117647059,0.32808777429467084,474699,2600000,2015,4.02,4,6,32,4,6,32
Wade Davis,894,93.32897091722594,92.31890315052509,2441.8732227488154,-0.2070469798657718,1.1503355704697986,0.9608501118568232,0.005592841163310962,0.040268456375838924,439,324,131,0.49105145413870244,0.3624161073825503,0.1465324384787472,0.13917525773195877,0.2268041237113402,0.1937984496124031,0.19859154929577466,451584,8000000,2015,0.94,8,1,7,8,1,7
Wade Miley,2858,87.82540237928622,87.41201275690999,2135.610518292683,0.6728481455563331,1.11777466759972,0.9226731980405878,0.009097270818754374,0.026242127361791462,1176,1132,550,0.41147655703289016,0.3960811756473058,0.19244226731980407,0.26126126126126126,0.4144144144144144,0.301707779886148,0.3314324693042292,489119,16329674,2015,4.46,11,11,96,11,11,96
Wei-Yin Chen,2484,88.0981078904992,87.53715913715914,2013.9352669188734,0.6693639291465379,1.179669887278583,0.7693236714975845,0.011674718196457327,0.04710144927536232,1189,805,490,0.4786634460547504,0.32407407407407407,0.1972624798711755,0.2631578947368421,0.47039473684210525,0.29193899782135074,0.3391896024464832,612672,12500000,2015,3.34,11,8,71,11,8,71
Will Smith,889,87.93768278965129,86.86658932714617,2104.7875457875457,-0.07086614173228346,0.92429696287964,0.8717660292463442,0.006749156355455568,0.014623172103487065,450,313,126,0.5061867266591676,0.35208098987626546,0.14173228346456693,0.23076923076923078,0.3641025641025641,0.34146341463414637,0.29233644859813085,519293,1475000,2015,2.7,7,2,19,7,2,19
Wily Peralta,1395,91.01254480286738,90.78377192982457,1776.131983805668,-0.7366308243727598,1.0173476702508961,0.8946236559139785,0.01003584229390681,0.03082437275985663,562,538,295,0.4028673835125448,0.385663082437276,0.2114695340501792,0.30498533724340177,0.49560117302052786,0.3262411347517731,0.3794133333333333,503449,2800000,2015,4.72,5,10,57,5,10,57
Yovani Gallardo,2926,88.33041695146959,87.6031619179986,2142.283855082659,-0.20047846889952153,1.1289131920710869,0.9726589200273411,0.00580997949419002,0.03417634996582365,1205,1176,545,0.411825017088175,0.4019138755980861,0.1862611073137389,0.2664624808575804,0.3996937212863706,0.3,0.3235236768802228,451596,8728776,2015,3.42,13,11,70,13,11,70
Yusmeiro Petit,990,84.9119191919192,86.2428125,2132.480952380952,-0.14777777777777779,1.291111111111111,0.7484848484848485,0.00909090909090909,0.03636363636363636,441,319,230,0.44545454545454544,0.32222222222222224,0.23232323232323232,0.27340823970037453,0.5056179775280899,0.27906976744186046,0.34618881118881123,433589,2500000,2015,3.67,1,1,31,1,1,31
Zach Duke,918,85.50566448801743,84.4989932885906,1904.4206549118387,0.523202614379085,0.29782135076252725,1.0054466230936818,0.00980392156862745,0.00980392156862745,422,358,138,0.4596949891067538,0.3899782135076253,0.1503267973856209,0.2222222222222222,0.4074074074074074,0.265625,0.33,435043,5000000,2015,3.41,3,6,23,3,6,23
Zach McAllister,1102,92.75771324863884,93.896872125115,2212.930792377131,-0.8587114337568058,1.1959165154264972,0.8629764065335753,0.006352087114337568,0.06261343012704174,542,389,171,0.49183303085299457,0.352994555353902,0.15517241379310345,0.2571428571428571,0.35918367346938773,0.35365853658536583,0.3020833333333333,502083,1300000,2015,3,4,4,23,4,4,23
Zach Putnam,777,86.86280566280567,85.84209827357238,1824.1409574468084,-0.9244530244530245,0.8387387387387387,0.915057915057915,0.009009009009009009,0.014157014157014158,379,291,107,0.4877734877734878,0.3745173745173745,0.1377091377091377,0.25,0.40853658536585363,0.3541666666666667,0.34161290322580645,474029,975000,2015,4.07,3,3,22,3,3,22
Zack Britton,772,95.0940414507772,93.49511228533686,2090.7872928176794,0.9933937823834197,0.6734455958549223,0.7227979274611399,0.0025906735751295338,0.01683937823834197,393,247,132,0.5090673575129534,0.31994818652849744,0.17098445595854922,0.19402985074626866,0.2736318407960199,0.27906976744186046,0.2367289719626168,502154,6750000,2015,1.92,4,1,14,4,1,14
Zack Greinke,2713,88.96892738665684,88.26610423697038,2239.543127215439,-0.34179874677478805,0.8386656837449318,0.8451898267600443,0.006634721710283818,0.024327312937707336,1227,979,507,0.4522668632510136,0.3608551419093255,0.1868779948396609,0.18796992481203006,0.2721804511278195,0.23170731707317074,0.2322695035460993,425844,31799030,2015,1.66,19,3,41,19,3,41
