last_name, first_name,player_id,attempts,avg_hit_angle,anglesweetspotpercent,max_hit_speed,avg_hit_speed,fbld,gb,max_distance,avg_distance,avg_hr_distance,ev95plus,ev95per-swing,ev95percent,barrels,brl_percent,brl_pa
Leake, Mike,502190,671,11.6,31.6,114.4,90.7,94,89,463,174,404,287,19.2,42.9,59,8.8,7.1
Gonzales, Marco,594835,657,14.7,31.5,112.9,88.3,93.1,85.3,447,172,395,224,14.6,35.2,32,4.9,3.7
Nova, Ivan,467100,635,10.7,34.5,118.9,88.8,93.3,85.6,440,160,396,244,16.7,38.4,46,7.2,5.7
Anderson, Brett,474463,600,5,30.5,115.1,89.6,94.6,86.9,486,142,419,240,19.2,40.0,44,7.3,5.9
Alcantara, Sandy,645261,598,11.8,29.9,111.7,87.3,92.3,83.8,444,164,404,205,13.6,34.3,39,6.5,4.7
Greinke, Zack,425844,589,11,34.1,114,87.5,91.7,84.8,432,164,398,196,13.5,33.3,37,6.3,4.6
Minor, Mike,501985,588,16.5,31.3,113.1,86.9,90.2,85.2,450,173,401,179,11.2,30.4,41,7.0,4.8
Berrios, Jose,621244,587,13.9,34.1,115.2,87,91.2,84,441,172,404,188,12.3,32.0,38,6.5,4.5
Bumgarner, Madison,518516,587,18.3,35.6,113.2,90.4,93,88.8,473,192,404,245,15.0,41.8,53,9.0,6.3
Wheeler, Zack,554430,580,12.3,34.5,117.6,87,90.4,84.7,447,167,404,188,11.8,32.4,31,5.3,3.7
Mikolas, Miles,571945,576,10.3,33.0,112.9,88.5,92.3,86.1,429,163,398,204,14.6,36.6,35,6.1,4.6
Porcello, Rick,519144,573,15.6,33.9,116.1,88.4,93.5,83.9,452,182,397,213,14.7,37.6,54,9.4,7.0
Tanaka, Masahiro,547888,568,11,32.4,113,89,93.1,86.9,455,160,404,212,15.1,37.7,34,6.0,4.5
Lopez, Reynaldo,625643,567,17.8,36.3,114.2,88.8,92.7,85.8,505,191,402,217,14.1,38.3,43,7.6,5.3
Syndergaard, Noah,592789,567,9.9,29.6,111,86.8,90.3,85,447,153,402,177,11.4,31.2,28,4.9,3.4
Fiers, Mike,571666,566,15.8,31.6,111.3,88.1,93.3,84.2,458,176,401,212,15.5,38.3,41,7.2,5.4
Rodriguez, Eduardo,593958,564,9.3,30.9,111.9,86.3,91,83.2,455,160,403,163,10.0,29.7,33,5.9,3.8
Lynn, Lance,458681,562,13.9,35.1,113.5,87.9,91.3,85.7,454,178,407,185,10.7,33.8,33,5.9,3.8
Kelly, Merrill,518876,558,12.4,33.0,112.7,89.9,93.5,87,443,177,405,223,16.1,40.0,53,9.5,6.8
Bauer, Trevor,545333,557,16.4,33.6,111.9,88.7,92.4,86.4,451,182,396,210,12.6,37.7,48,8.6,5.3
Stroman, Marcus,573186,555,5.6,27.4,113.9,88.2,92.7,85.8,426,139,384,197,14.5,35.6,23,4.1,3.0
Bieber, Shane,669456,554,12.3,33.8,113.5,90.5,93.9,88.4,447,172,391,231,14.5,43.3,48,8.7,5.6
Kikuchi, Yusei,579328,549,12.3,32.1,115.1,89.2,93.3,87.2,462,169,398,209,16.2,39.1,42,7.7,5.8
Samardzija, Jeff,502188,545,16.9,34.7,117.9,89.5,93.6,85.7,440,193,403,205,14.2,37.7,46,8.4,6.2
Quintana, Jose,500779,544,11.1,34.6,114.2,90,92.9,88.6,468,173,402,199,16.0,37.9,31,5.7,4.2
Lester, Jon,452657,542,12.2,37.1,112.2,88.6,91.9,86.4,457,176,408,188,13.6,34.7,40,7.4,5.2
Hendricks, Kyle,543294,538,14,33.8,112.5,86.5,90.7,83.5,438,175,398,169,12.8,31.5,29,5.4,4.0
Junis, Jakob,596001,537,12.7,35.4,112.8,90.1,92.6,88.6,473,177,408,221,16.7,41.2,46,8.6,6.0
Perez, Martin,527048,532,9.5,33.5,113.8,86.2,91.5,82.3,444,154,385,158,11.7,29.7,28,5.3,3.8
Ryu, Hyun Jin,547943,532,7.2,32.5,115.3,86.6,90.6,84,438,147,403,164,12.3,30.8,25,4.7,3.5
Nola, Aaron,605400,532,9.2,32.9,113.3,89.2,93.9,86.3,445,160,399,210,14.2,39.5,36,6.8,4.2
Hudson, Dakota,641712,526,3.3,31.0,114.6,89.3,94.6,86.7,448,138,406,204,16.4,38.8,36,6.8,4.8
Corbin, Patrick,571578,524,8.4,31.7,115,89.9,95,86,462,166,420,203,13.1,38.7,49,9.4,5.9
Strasburg, Stephen,544931,524,7.8,29.8,113.4,87.9,92.2,85.4,458,150,400,177,11.1,33.8,32,6.1,3.8
Eflin, Zach,621107,522,12,30.1,112.1,88.2,92.4,84.9,447,168,401,171,14.0,32.8,36,6.9,5.1
Wainwright, Adam,425794,520,10.2,32.1,113.6,88.9,92.5,86.8,436,159,395,197,16.4,39.2,34,6.5,4.6
Sanchez, Anibal,434671,516,14.7,37.8,113.7,87,91.4,82.5,436,185,405,146,11.3,28.3,34,6.6,4.8
Davies, Zach,605200,516,13.8,37.0,113.8,88.7,92.5,86.2,473,180,401,172,14.8,33.3,37,7.2,5.5
Miley, Wade,489119,513,8.2,29.0,114.3,87.5,91.1,85.2,441,152,388,159,12.1,32.5,22,4.3,3.1
Musgrove, Joe,605397,512,11.7,31.4,112,88.9,92.5,86.8,449,172,403,198,14.5,38.7,33,6.4,4.6
Soroka, Mike,647336,510,6.6,32.4,114.3,88.1,91.9,86.3,455,147,406,191,15.5,37.5,26,5.1,3.7
Keller, Brad,641745,508,9.1,32.5,112.5,89.1,93.6,86.7,453,156,405,196,15.9,38.6,30,5.9,4.2
Marquez, German,608566,506,7,34.2,116.3,91.2,93.6,89.4,469,160,407,218,17.0,43.1,40,7.9,5.5
Roark, Tanner,543699,499,15.4,37.3,115.1,89,92.2,86.3,472,185,408,179,13.2,37.3,42,8.4,5.8
Verlander, Justin,434378,498,18.2,30.5,109.8,87.3,91.8,83.3,436,190,390,157,8.8,33.3,36,7.2,4.3
deGrom, Jacob,594798,498,12.7,32.3,111.6,86.5,91.7,82.6,456,168,404,147,8.4,30.8,25,5.0,3.1
Teheran, Julio,527054,494,15.5,31.2,113.5,89,91.7,87.4,451,184,408,175,12.8,35.4,34,6.9,4.5
Boyd, Matthew,571510,491,19.4,32.0,114.9,89.2,91.9,88,449,191,398,169,10.9,35.3,43,8.8,5.5
Bailey, Homer,456701,490,13.8,30.6,114.7,90.3,93,89.3,436,169,393,189,13.8,39.8,28,5.7,4.0
Gibson, Kyle,502043,482,7.1,32.8,113,88.3,92.9,86,465,145,402,182,14.3,37.8,36,7.5,5.1
Happ, J.A.,457918,482,13.7,33.4,112.2,89.2,93.6,86.1,447,175,396,181,14.1,37.6,40,8.3,5.9
Morton, Charlie,450203,481,9.2,34.3,112.1,86.9,90.7,85,431,155,398,158,10.6,32.8,24,5.0,3.0
Flaherty, Jack,656427,479,15.5,33.4,116.3,86.6,91.2,84.2,431,176,399,145,9.5,30.3,33,6.9,4.3
Matz, Steven,571927,479,10.3,31.5,113.6,88.9,92.5,86.9,482,163,408,185,14.8,38.6,41,8.6,5.9
Buehler, Walker,621111,478,12.5,34.5,111.3,89.3,92.5,86.5,458,180,397,174,12.3,36.4,26,5.4,3.5
Sparkman, Glenn,642098,478,14.2,39.3,113.6,90.8,94.1,88.1,471,196,405,200,18.4,41.8,37,7.7,6.1
DeSclafani, Anthony,543101,476,12.3,33.2,113.3,89.1,93.1,86.5,474,173,403,179,14.0,38.7,34,7.1,4.9
Fried, Max,608331,476,4.3,32.4,114,89.2,91.8,87.6,451,146,391,186,14.9,39.1,21,4.4,3.0
Bundy, Dylan,605164,474,14,31.9,113.4,88.2,92.7,84.8,452,173,394,151,11.1,31.9,28,5.9,4.0
Means, John,607644,472,20,36.9,115.3,87.5,90.9,83.6,446,200,403,145,11.3,30.7,32,6.8,5.0
Williams, Trevor,592866,472,17.2,35.6,114.1,88,92.5,85.2,441,190,398,168,14.5,35.6,39,8.3,6.1
Kershaw, Clayton,477132,472,11.6,31.1,112.5,88.7,93.1,86.7,442,163,406,154,11.4,34.1,32,6.8,4.5
Lucchesi, Joey,664192,470,11.4,30.6,113,88.3,92.2,86.2,436,163,400,171,14.4,36.4,34,7.2,5.0
Castillo, Luis,622491,469,5.9,27.1,112.8,87.3,92,84.7,442,137,403,154,10.5,33.6,24,5.1,3.1
Cashner, Andrew,488768,466,10.3,31.8,120.6,89.7,94.4,86.4,441,170,407,191,16.8,41.0,36,7.7,5.7
Thornton, Trent,663423,462,16.8,38.7,115.4,88.2,93,83,474,190,400,171,14.0,37.0,34,7.4,5.0
Lauer, Eric,641778,457,14.1,32.4,112.6,89.8,93.8,87.1,436,178,397,180,15.2,39.4,27,5.9,4.1
Vargas, Jason,450306,456,16.7,33.1,111.3,87.6,92.3,84,440,184,401,154,14.3,33.8,36,7.9,5.5
Senzatela, Antonio,622608,445,4.9,31.2,114.1,90.1,93.5,88.5,466,146,408,196,19.6,44.0,27,6.1,4.6
Norris, Daniel,596057,443,11.7,30.9,112.6,90.9,94,88.4,437,175,406,192,17.3,43.3,39,8.8,6.4
Cole, Gerrit,543037,440,14,33.2,115.2,87.6,92.1,83.7,443,176,394,156,9.3,35.5,26,5.9,3.2
Darvish, Yu,506433,435,12.6,32.6,115.5,88.6,93.5,85,459,173,405,163,12.0,37.5,32,7.4,4.4
Turnbull, Spencer,605513,435,9.6,33.8,114.4,89.6,93.6,86.9,444,166,386,177,14.2,40.7,29,6.7,4.4
Gray, Sonny,543243,428,9,31.3,115.1,88.1,92,86.1,425,151,409,137,11.3,33.3,29,6.8,4.1
Gray, Jon,592351,427,8.4,31.6,116.2,89.9,92.9,88.7,470,151,407,187,16.7,43.8,25,5.9,3.9
Pineda, Michael,501381,427,16.5,36.1,112.2,89.6,92.9,86.1,454,195,391,154,13.0,37.4,31,7.3,5.2
Arrieta, Jake,453562,426,6.8,33.8,114,89.3,93.9,86.5,445,151,402,160,16.8,37.6,29,6.8,4.9
Odorizzi, Jake,543606,423,18.1,37.1,114.4,89.2,92.6,86.9,462,188,397,153,11.2,36.2,33,7.8,5.0
Ray, Robbie,592662,422,14.7,38.6,114.3,88.9,93.2,85,446,190,409,163,11.9,38.6,45,10.7,6.0
Jurado, Ariel,642558,420,9.4,34.5,115.8,90,93.8,87.3,447,168,405,181,19.3,43.1,42,10.0,7.8
Sampson, Adrian,592716,417,15.4,33.8,113.6,91,93.7,90.4,453,188,405,197,19.5,47.2,42,10.1,7.5
Giolito, Lucas,608337,416,17.7,37.3,117,88.1,92.8,85,459,182,408,144,10.4,34.6,39,9.4,5.5
Yarbrough, Ryan,642232,416,15.1,35.1,112.1,84.8,89.1,82.9,427,168,401,109,10.7,26.2,29,7.0,5.2
Smith, Caleb,592761,412,23.3,35.2,113.1,88.6,92.5,83.9,485,213,403,148,11.3,35.9,45,10.9,7.0
Bassitt, Chris,605135,411,15.1,32.8,111.7,87.8,92.1,86.3,454,175,401,128,11.3,31.7,21,5.1,3.4
Sanchez, Aaron,592717,410,8.9,29.5,114.1,89.8,94.7,86.5,476,160,400,173,16.9,42.2,31,7.6,5.1
Anderson, Chase,502624,410,19.8,32.7,114.3,87.3,91.1,85,457,186,406,129,10.9,32.9,27,6.6,4.6
Scherzer, Max,453286,409,13.5,35.2,111.7,87.6,92,83.8,445,177,398,145,10.0,35.5,27,6.6,3.9
Hamels, Cole,430935,409,11.3,30.8,118.3,90.3,94.5,87.2,454,166,410,169,15.1,41.3,31,7.6,5.0
LeBlanc, Wade,453281,408,13.9,38.5,112.6,89.4,93.3,86.2,447,184,397,159,17.3,39.0,32,7.8,6.0
Maeda, Kenta,628317,400,15.4,35.3,112,86.1,90.5,82.4,457,175,400,115,9.8,28.8,22,5.5,3.5
Wacha, Michael,608379,400,9.7,35.5,113.7,88.3,93.1,85,463,162,410,142,13.6,35.5,31,7.8,5.5
Lyles, Jordan,543475,397,14.8,31.5,112.7,89.9,93.5,87.6,438,186,401,159,13.7,41.3,33,8.3,5.5
German, Domingo,593334,397,15.2,37.8,118.3,89.4,93.9,85.4,441,187,395,159,14.4,40.1,35,8.8,5.9
Richards, Trevor,670950,392,17.7,34.4,112.2,88.5,92.3,85.4,423,188,391,136,12.2,34.7,25,6.4,4.3
Zimmermann, Jordan,519455,391,12.6,37.9,115.6,90.2,94.2,87.2,458,180,394,150,17.3,38.4,37,9.5,7.3
Paxton, James,572020,390,17.6,35.1,113.4,89.2,91.8,89.4,433,185,393,150,11.3,38.5,29,7.4,4.6
Lopez, Jorge,605347,387,10.2,34.1,115.6,90.4,94.5,87.1,450,172,405,156,17.0,40.6,46,11.9,8.4
Mahle, Tyler,641816,387,9.1,33.9,111.7,89.3,92.9,86.8,442,164,398,140,13.8,37.6,32,8.3,5.8
Duffy, Danny,518633,386,16.4,33.4,113.1,89.3,92.8,87.1,478,188,417,146,14.2,37.8,29,7.5,5.2
Chirinos, Yonny,630023,385,11.3,34.5,111,88.1,92.5,84.9,447,174,403,130,13.3,33.8,34,8.8,6.4
Ynoa, Gabriel,593679,384,11.1,30.7,112,90,93.6,87.5,461,173,399,157,17.3,40.9,39,10.2,8.1
Paddack, Chris,663978,378,15.5,33.1,113,87.8,92,84.7,439,178,401,123,10.4,32.5,27,7.1,4.8
Beede, Tyler,595881,359,11.5,33.7,114.8,91.3,94.6,89,433,179,406,159,17.1,44.3,30,8.4,5.7
Brooks, Aaron,605156,356,12.2,32.3,111.5,89.7,93.2,88.1,474,175,405,148,17.0,41.6,28,7.9,5.8
Plutko, Adam,592644,354,19.9,37.0,116,88.1,92.3,84.6,467,198,397,116,13.1,32.8,27,7.6,5.8
Freeland, Kyle,607536,353,10,34.0,116.3,89.5,93,87.2,451,168,406,141,16.5,40.1,31,8.8,6.6
Keuchel, Dallas,572971,348,2.9,26.1,111,88.8,94.5,86.7,447,131,406,134,16.1,38.5,24,6.9,4.9
Foltynewicz, Mike,592314,347,15,30.8,112.6,89.1,92.8,86.5,429,186,394,138,15.0,39.8,27,7.8,5.5
Plesac, Zach,668676,344,14.4,36.3,114.3,89.6,92.7,87.3,442,186,398,133,14.9,38.7,28,8.1,5.9
Brault, Steven,643230,344,10.2,33.7,112.2,90.5,93.2,89.1,460,174,408,133,14.7,38.7,21,6.1,4.2
Sale, Chris,519242,344,12.9,34.9,111.4,88.5,92.9,85.3,448,176,390,125,10.7,36.3,28,8.1,4.6
Strahm, Matt,621381,340,15.9,35.6,112.6,89,93.4,85.1,447,188,402,136,15.1,40.0,33,9.7,6.8
Smyly, Drew,592767,337,17.8,35.9,114.2,89,92.9,85.1,436,206,399,130,13.8,38.6,33,9.8,6.4
Lopez, Pablo,641154,336,10,32.1,114.2,88.2,91.5,86.9,420,155,395,124,14.3,36.9,25,7.4,5.3
Milone, Tommy,543548,334,16.5,39.5,114.8,87.3,92.5,81.4,458,198,403,100,12.2,31.3,33,9.9,7.3
Velasquez, Vince,592826,333,17.7,33.6,114.5,90.8,94.1,88.8,459,200,391,134,12.9,40.2,34,10.2,6.6
Rodriguez, Dereck,605446,330,13,34.5,111,89.5,92.7,87.9,437,171,395,119,15.8,36.2,23,7.0,5.2
Cahill, Trevor,502239,329,9.1,27.4,115.1,88.8,93.4,86.2,438,164,398,118,14.7,37.5,23,7.0,5.1
Beeks, Jalen,656222,326,10.1,35.0,114.7,88.5,93,85.3,443,164,408,117,14.1,35.9,24,7.4,5.2
Archer, Chris,502042,324,14.4,40.7,112.1,89.4,92.8,86.3,436,188,401,128,13.4,39.5,34,10.5,6.5
Quantrill, Cal,615698,323,11.9,33.7,111.9,87.9,90.8,85.3,433,168,401,105,12.2,32.5,23,7.1,5.2
Lambert, Peter,663567,321,7.4,36.8,113.1,89.8,94,86.7,472,167,406,127,18.0,39.6,20,6.2,4.8
Sabathia, CC,282332,318,14.9,36.5,114.3,87,90.3,84.6,432,182,387,97,11.9,30.5,26,8.2,5.6
Chacin, Jhoulys,468504,318,16.8,35.2,112.1,89.5,94.3,86.5,463,188,403,135,16.4,42.5,25,7.9,5.3
Anderson, Shaun,641312,317,12.1,39.7,112.8,88.5,91.8,86.5,454,170,408,118,15.4,37.3,23,7.3,5.4
Woodruff, Brandon,605540,315,12.4,37.5,113.3,86.1,90.3,83.3,448,165,410,95,9.4,30.2,13,4.1,2.6
Houser, Adrian,605288,303,5.3,30.0,110.4,86.7,92.5,84,448,145,398,107,13.4,35.3,15,5.0,3.2
Gausman, Kevin,592332,300,13.8,40.3,113.9,88.7,92.1,85.3,432,180,397,108,12.3,36.5,24,8.0,5.3
Price, David,456034,295,12.6,36.9,113.2,88.4,93.3,84.1,453,180,405,113,12.8,38.3,24,8.1,5.2
Montgomery, Mike,543557,294,7,35.0,112.6,90.3,94.4,86.8,486,173,407,131,18.5,44.7,24,8.2,6.0
Clevinger, Mike,605182,291,13.1,37.1,113.5,86.4,92.3,80.9,442,175,401,99,10.4,34.0,17,5.8,3.4
Godley, Zack,643327,289,11.6,37.0,113.8,89.5,93.4,86.9,469,172,410,103,14.5,35.6,24,8.3,5.9
Pivetta, Nick,601713,289,11.2,35.6,113.2,89.7,92.3,87.8,439,173,387,101,13.7,34.9,29,10.0,6.9
Urena, Jose,570632,279,9.1,33.3,113,90.7,93.9,89,446,157,390,108,16.3,38.7,22,7.9,6.0
Gaviglio, Sam,543208,278,10.2,25.9,113.8,88.3,93.9,84.9,456,164,399,98,15.3,35.3,18,6.5,4.6
Pomeranz, Drew,519141,270,14.3,35.9,111,89.6,93,87.1,449,183,400,96,10.8,35.8,24,8.9,5.3
Pena, Felix,570240,266,13.3,33.8,112.1,89,93.3,86.2,429,171,399,100,14.2,37.6,18,6.8,4.4
Clarke, Taylor,664199,265,16,30.9,114.3,89.3,94.4,85.6,458,188,406,105,14.4,39.8,32,12.1,8.7
Hess, David,605276,265,18.2,43.0,115.4,92.3,96,88.6,443,207,398,132,18.9,49.8,35,13.2,9.6
Montas, Frankie,593423,264,9.9,32.6,111.4,87,93.5,83.3,440,149,399,92,12.6,34.8,10,3.8,2.5
Tomlin, Josh,458708,262,17.8,32.8,111.9,89.1,92.1,86.4,424,193,398,88,15.2,33.6,17,6.5,5.3
Barria, Jaime,642545,261,18.6,41.0,112.9,89.9,93.3,86.3,441,208,401,106,16.0,40.6,28,10.7,7.7
Suarez, Jose,660761,260,16.3,35.8,116.2,88.8,93,85.9,451,189,395,97,14.3,37.3,23,8.8,6.1
Fedde, Erick,607200,258,7.2,34.1,112,89.2,92.6,87.3,438,152,398,103,18.6,39.9,19,7.4,5.7
Stripling, Ross,548389,255,10.5,24.3,117.4,89.2,93.7,87.4,415,155,401,98,14.8,38.4,17,6.7,4.6
Heaney, Andrew,571760,254,18.5,35.4,110.9,90.4,92.8,89.3,450,207,405,100,12.2,39.4,25,9.8,6.1
Snell, Blake,605483,253,15,31.2,111.5,88.3,91.7,85.9,436,175,389,81,8.8,32.0,12,4.7,2.7
Agrazal, Dario,642607,252,14.8,34.9,112.1,87.3,92.3,84.1,459,178,399,75,14.3,29.8,17,6.7,5.3
Gonzalez, Gio,461829,251,9.9,34.3,112.7,87.4,92.5,82.9,449,161,403,74,11.2,31.2,17,6.8,4.6
Peacock, Brad,502748,251,14.3,30.7,115.5,90.1,93.1,88.2,481,186,408,104,16.0,41.4,20,8.0,5.2
Canning, Griffin,656288,250,17.4,31.6,110.6,87.9,91.9,84.7,439,190,405,81,11.5,32.4,19,7.6,4.9
Jackson, Edwin,429719,249,11.9,40.2,115.7,91.1,95.4,87.5,450,189,392,108,17.9,43.4,30,12.0,8.9
Stammen, Craig,489334,249,5.5,31.3,112.4,87,91.4,83.4,436,158,394,84,14.8,33.7,13,5.2,3.8
Young, Alex,622065,247,10.2,27.9,109.1,87.8,91.7,85.4,429,158,407,88,14.0,35.6,18,7.3,5.2
Holland, Derek,502706,245,14.3,31.0,113.9,91,94.5,88,467,184,412,102,15.1,42.1,30,12.2,8.0
Wojciechowski, Asher,592879,244,21.4,34.4,111.3,88.1,92.7,83.5,443,212,397,89,12.5,36.5,26,10.7,7.2
Stratton, Chris,608717,242,11.8,32.2,111.9,88.4,92.7,85.5,441,175,402,77,11.8,34.7,12,5.0,3.5
Peters, Dillon,596071,241,13.6,39.4,114.4,89.4,93.9,84.7,444,190,396,99,16.6,41.1,21,8.7,6.4
Detwiler, Ross,446321,239,10.4,30.1,113.7,90.4,94.8,87.8,496,169,406,97,17.9,40.6,23,9.6,7.3
Ramirez, Nick,598286,238,11.5,31.9,112.8,86.8,92.1,83.8,436,162,404,71,11.5,29.8,18,7.6,5.2
Chavez, Jesse,445926,238,13.2,34.5,114.5,88.1,93.4,84,433,174,408,82,14.6,34.5,21,8.8,6.2
Waguespack, Jacob,621097,238,14.8,35.7,114.9,89.1,93,87.2,436,179,407,91,14.0,38.2,17,7.1,5.1
Hernandez, Felix,433587,237,11,31.2,112.7,91.9,95.5,90,450,170,397,99,18.9,41.8,24,10.1,7.4
Cessa, Luis,570666,234,10.7,30.3,109.1,88.3,91.4,86.4,425,160,383,82,12.9,36.9,12,5.1,3.5
Hernandez, Elieser,622694,233,21.4,30.5,110,86.9,92.6,81.5,424,194,392,74,10.6,31.8,21,9.0,5.9
Font, Wilmer,521655,229,17.6,32.3,110.7,89.1,93.9,84.7,420,190,391,86,11.5,38.4,22,9.6,6.2
Peralta, Freddy,642547,228,18.7,36.8,109.7,90.1,94.5,87.3,462,192,398,88,11.2,38.6,22,9.6,5.8
Lorenzen, Michael,547179,228,11.7,32.5,108,85.5,89.3,82.9,426,166,383,66,10.2,29.7,7,3.1,2.0
Skaggs, Tyler,572140,227,15.6,37.0,113.6,88.6,92,86.9,472,185,416,77,12.0,33.9,14,6.2,4.2
Petit, Yusmeiro,433589,227,21.4,31.7,111.2,87.8,92.8,81.5,430,194,395,78,13.8,34.8,17,7.5,5.5
Carrasco, Carlos,471911,227,13.3,35.7,111.6,91.5,95.9,87.8,427,184,398,104,15.8,45.8,29,12.8,8.5
Guerra, Junior,448855,227,14.4,30.8,113.2,86.8,92.5,83.9,445,169,401,64,9.9,29.4,14,6.2,4.1
Chen, Wei-Yin,612672,221,14.4,40.3,111.9,89.4,92.9,87,454,194,395,90,15.5,40.7,19,8.6,6.2
Perdomo, Luis,606131,221,5.5,27.6,109.8,90.3,93.4,88,455,149,410,94,18.7,42.5,9,4.1,3.0
Bettis, Chad,518452,219,2.6,26.5,115.6,90,95.9,88.1,425,124,396,91,19.0,41.6,12,5.5,4.2
Shaw, Bryan,543766,219,7.3,32.0,110.4,90.5,92.5,89.5,456,162,401,89,16.3,40.6,15,6.8,4.8
Pannone, Thomas,623381,219,18.6,37.4,110.5,89.5,93.1,86.7,444,201,401,85,14.5,38.8,21,9.6,6.5
Walden, Marcus,519393,214,7.6,29.4,112.3,89.3,91.9,89.5,435,147,419,74,12.1,35.6,6,2.8,1.8
Valdez, Framber,664285,213,-1.3,24.9,112.8,89.5,95.6,87,423,122,396,86,16.9,40.4,11,5.2,3.3
Guerra, Javy,457915,212,17.7,34.4,114.1,89.4,93,87.4,440,195,401,80,14.0,37.7,17,8.0,5.9
Urias, Julio,628711,209,17.6,34.4,113.2,84.1,89.1,82,412,166,397,52,7.6,24.9,9,4.3,2.8
Hoffman, Jeff,656546,209,15.7,33.0,113.2,90.4,95.2,85.1,474,198,414,86,14.8,41.1,27,12.9,8.6
Covey, Dylan,592229,208,11.2,38.5,115.5,89.9,93.2,87.3,437,171,394,77,16.7,37.0,20,9.6,7.2
Chatwood, Tyler,543022,208,4.7,36.1,117,87.7,90.2,87.6,418,140,390,74,13.6,35.6,6,2.9,1.9
Cease, Dylan,656302,208,12.1,32.7,111.3,87.9,92.5,84.6,453,167,398,78,12.9,37.5,16,7.7,4.9
McCarthy, Kevin,641838,207,3.6,24.2,111,89.9,93.4,88.3,452,137,413,84,18.1,41.6,9,4.3,3.4
Castro, Miguel,612434,207,9.4,27.1,112.3,87.1,92.3,84.3,449,151,394,68,12.5,32.9,13,6.3,4.1
Hughes, Jared,453172,206,1.3,25.2,111.4,89.7,94.5,87.1,427,134,388,70,13.0,34.8,14,6.8,4.8
Estevez, Carlos,608032,203,15.5,34.5,113.5,90.4,92,89.9,464,192,412,78,12.7,38.4,20,9.9,6.5
Devenski, Chris,606965,202,19.7,34.7,113.8,88.7,93.1,85.3,447,205,387,71,12.7,35.1,17,8.4,5.7
Yamamoto, Jordan,657141,202,17.2,30.7,112.3,89.9,93.3,89.3,445,185,389,78,12.7,38.8,13,6.4,4.0
Hudson, Daniel,543339,202,15.7,32.2,111.8,89.3,94,86.1,427,190,408,83,13.8,41.1,18,8.9,5.9
Ross, Joe,605452,201,10.1,36.8,110,87.5,92.5,83.8,435,171,408,72,13.5,35.8,14,7.0,4.7
McHugh, Collin,543521,201,15.1,37.8,113.1,88,91.8,85,465,184,403,61,10.8,30.3,14,7.0,4.4
Andriese, Matt,542882,200,7.6,33.5,113,89.1,92.6,87.2,459,157,402,67,11.8,33.5,13,6.5,4.2
Cortes, Nestor,641482,200,18.3,36.5,114.1,87.8,91.2,84.7,440,200,396,66,11.2,34.9,16,8.0,5.4
Liriano, Francisco,434538,200,9.5,28.5,110.1,85.8,91,82.2,454,147,398,58,10.8,29.0,10,5.0,3.3
Margevicius, Nick,676606,199,10.3,35.7,110.7,88.5,92.2,85.8,464,169,404,69,15.8,34.7,14,7.0,5.3
Stanek, Ryne,592773,199,18,38.2,116.3,90.3,94.2,85.4,442,205,411,76,12.2,38.2,19,9.5,5.8
Martin, Brett,656685,198,6.3,29.3,111.2,89.8,93.3,88.8,429,141,404,80,15.3,40.4,11,5.6,3.9
Gonzalez, Chi Chi,592346,198,12,34.3,111.1,88.2,92.4,84.7,441,168,409,74,14.9,37.4,11,5.6,4.0
Soto, Gregory,642397,198,8.4,30.8,115.1,91.1,93.2,89.6,441,164,390,87,17.1,43.9,20,10.1,7.2
Gallen, Zac,668678,198,13.6,32.8,112.6,87,93.3,80.6,456,182,397,71,11.1,35.9,11,5.6,3.3
Buchholz, Clay,453329,197,10.7,35.5,112.4,86.8,94,80.8,427,173,402,72,15.9,36.5,26,13.2,10.2
Buttrey, Ty,621142,197,13.6,35.0,109.6,90,91.8,89.8,446,166,409,80,14.1,41.2,11,5.6,3.6
Conley, Adam,543045,197,16.1,32.0,110.2,88.6,92.6,85.8,455,176,411,74,13.8,37.6,13,6.6,4.6
Osich, Josh,592612,196,9.8,33.7,111.1,88.3,92.6,83.4,447,176,401,71,13.9,36.2,15,7.7,5.5
Newcomb, Sean,656794,196,11.6,28.6,112.2,87.3,90.9,85.1,442,162,411,60,11.2,30.6,9,4.6,3.1
Melancon, Mark,453343,196,3,28.1,110.8,88.6,90.9,88,419,117,403,69,14.3,35.2,4,2.0,1.4
Rodriguez, Richard,593144,196,16.8,25.5,110.5,89.8,94.5,88.9,435,175,393,76,13.5,39.2,15,7.7,5.3
Harvey, Matt,518774,195,12.5,31.8,113.2,90.7,94.2,88.4,467,173,410,75,16.8,42.1,15,7.7,5.6
Eovaldi, Nathan,543135,194,11.3,32.0,115.2,90.8,92.1,90.6,438,166,384,79,14.2,40.7,17,8.8,5.6
McFarland, T.J.,519008,194,0,29.9,114.3,88.4,94.3,85,458,126,427,77,17.4,40.1,12,6.2,4.8
Biagini, Joe,607352,194,9.3,38.7,116.3,88.4,92.6,84.8,448,168,402,65,12.4,33.5,17,8.8,6.0
Bleier, Richard,542947,193,1.9,28.5,110,89,93.2,87.7,427,122,400,74,18.8,38.3,6,3.1,2.6
Robles, Hansel,570663,192,15.4,29.7,110.6,89,91.1,87.7,436,183,417,61,10.5,32.8,9,4.7,3.2
Claudio, Alex,592222,192,3.3,29.7,110.7,85.8,93,82.3,425,130,397,58,13.0,30.7,8,4.2,3.0
Mengden, Daniel,596043,191,19,30.9,112.6,89.1,92.1,88.7,417,180,388,69,15.4,36.1,11,5.8,4.2
Bradley, Archie,605151,189,11.7,39.2,113.6,88.8,93.3,85.9,423,165,401,73,12.6,38.6,9,4.8,2.8
Lugo, Seth,607625,189,14.5,29.6,111.8,88.2,92.7,85.2,437,180,390,64,10.9,33.9,10,5.3,3.2
Gsellman, Robert,607229,188,12.6,29.8,108.4,86,89.7,83.4,424,153,391,58,11.5,30.9,7,3.7,2.5
Kingham, Nick,592468,188,14.5,34.6,111.8,88.5,92.8,85,456,179,411,64,13.2,34.0,15,8.0,5.8
Brebbia, John,605154,187,23.4,35.8,111.9,87.9,91.7,84.3,413,212,384,70,11.4,38.0,10,5.3,3.3
Lopez, Yoan,661255,187,11.9,36.4,112.7,92.2,94.7,90.7,466,176,416,83,20.0,44.4,18,9.6,7.3
Suero, Wander,593833,186,11,37.6,113.1,89,92.2,86.9,419,172,402,62,10.3,33.3,11,5.9,3.7
Farmer, Buck,571656,186,10,31.2,111.9,89.5,94.1,86,450,176,421,74,13.9,40.0,14,7.5,4.9
Hendriks, Liam,521230,185,21.1,34.1,112,89.8,91.9,90.7,410,197,393,72,10.4,39.6,11,5.9,3.3
Rondon, Hector,444468,185,8.2,27.6,111.9,87.1,91.1,85.8,434,152,398,63,13.3,34.2,13,7.0,5.1
Alvarez, Jose,501625,185,7.7,33.0,112.7,86.1,90.2,83.7,437,153,392,60,11.8,32.4,9,4.9,3.5
Erlin, Robbie,572362,183,9.8,36.6,112.6,87.9,92.1,86.4,424,162,408,65,14.2,35.5,11,6.0,4.4
Garcia, Luis,472610,183,10,33.9,114,88.7,93.7,86,471,168,399,65,13.8,35.7,14,7.7,5.0
Jackson, Luke,592426,181,2.4,27.1,115.9,88.8,92.3,87.2,446,131,415,61,10.0,33.7,13,7.2,4.1
Baez, Pedro,520980,180,21.6,27.8,110.2,87.4,91.2,85.5,402,190,384,47,8.3,26.6,5,2.8,1.8
VerHagen, Drew,572403,180,8.8,30.0,115.1,89.1,93.9,87.3,433,149,395,69,16.4,38.3,13,7.2,5.0
Cimber, Adam,643256,180,4.8,29.4,113.7,87.9,91.1,87.1,427,143,387,62,15.3,34.4,10,5.6,4.1
Alexander, Tyler,641302,179,17.2,32.4,116.8,90.4,94.4,87,450,185,401,73,15.2,40.8,13,7.3,5.5
Straily, Dan,573185,179,21.6,41.3,114.7,91.4,94.6,89.2,447,226,404,88,20.3,49.2,29,16.2,12.3
Swanson, Erik,657024,179,16.4,33.5,114.3,91.4,94.9,88.4,464,189,403,74,15.7,41.3,22,12.3,9.0
Trivino, Lou,642152,178,16,27.0,110.3,86.9,89.7,86.6,432,160,400,56,11.8,32.0,7,3.9,2.6
Castillo, Diego,650895,178,8,22.5,110.7,87.9,92.3,86.1,430,138,416,57,11.2,32.0,10,5.6,3.4
Barlow, Scott,605130,178,14.5,34.8,117.9,88.7,92.4,85.3,470,191,406,66,11.0,37.1,12,6.7,3.9
Dyson, Sam,473879,178,5.4,25.8,112.1,89.9,92.9,88.4,444,138,407,65,15.6,36.5,10,5.6,4.0
Doolittle, Sean,448281,177,24.9,34.5,112.6,90.9,93.5,89.8,456,217,409,74,11.7,42.0,15,8.5,5.8
Ramirez, Noe,598287,176,15.7,34.1,114.4,87.3,93.2,81.1,443,187,390,54,10.6,31.2,10,5.7,3.6
Soria, Joakim,465657,176,15.1,34.7,116,87.4,93.5,82.4,467,182,413,59,11.0,34.3,16,9.1,5.8
Armstrong, Shawn,542888,175,21.1,38.9,111.5,88.1,91.9,84.7,448,199,407,61,11.0,34.9,16,9.1,5.9
Law, Derek,571882,175,8.5,32.6,113.7,89.5,92.1,88,445,162,408,67,13.4,38.3,8,4.6,2.8
Kennedy, Ian,453178,175,14.7,29.7,109.9,88.6,92.8,86.6,423,167,396,59,11.2,33.9,11,6.3,4.1
Gant, John,607231,175,9.6,34.9,111.6,87,88.9,86.8,414,144,388,54,10.4,31.2,5,2.9,1.9
Bummer, Aaron,607481,175,-2.7,18.3,110.3,89.6,92.2,89.2,413,101,390,67,13.7,38.3,4,2.3,1.5
Weaver, Luke,596133,174,14.6,34.5,115,89.9,94.3,88,446,178,402,72,14.7,41.4,11,6.3,4.2
Eickhoff, Jerad,595191,174,16.9,36.2,110.8,89.2,95.3,83.4,426,205,392,68,15.6,39.1,19,10.9,7.8
Cishek, Steve,518553,174,11.4,29.3,113,84.7,89.9,81.7,445,156,409,45,9.3,25.9,10,5.7,3.7
Lamet, Dinelson,659275,173,16.3,37.0,113.3,88.2,91.9,84.8,455,184,403,59,10.4,34.1,14,8.1,4.5
Watson, Tony,453265,173,11.1,34.7,113.7,87.4,92.7,84,456,171,409,55,12.9,31.8,11,6.4,4.8
Green, Chad,643338,172,17.6,39.0,113.3,91.6,95.9,89.5,446,198,383,78,11.6,47.9,20,11.6,6.8
Ryan, Kyle,594986,171,6.1,27.5,114.4,88.9,91.7,88.3,420,144,384,72,15.9,42.1,6,3.5,2.3
Rogers, Taylor,573124,171,6.8,27.5,116.4,88.1,92.4,85.7,419,147,394,49,10.2,29.7,13,7.6,4.7
Colome, Alex,517008,170,10.4,33.5,116.1,91.3,94.1,88.7,408,176,397,70,14.5,41.2,15,8.8,6.0
Morin, Mike,573046,170,14,36.5,118.3,86.6,91,83.5,412,177,383,46,11.9,27.4,10,5.9,4.8
Romo, Sergio,489265,170,19.6,37.1,112,84.9,90.3,79.7,455,198,403,40,8.2,23.5,9,5.3,3.6
Bedrosian, Cam,592135,169,10.3,32.0,111.5,89,92.3,87,420,168,384,61,13.6,36.5,10,5.9,3.9
Albers, Matt,458006,169,7.7,31.4,110.6,87.2,92.1,85,435,153,398,56,13.5,33.1,10,5.9,3.9
Treinen, Blake,595014,169,12.5,31.4,110.3,88,92.3,85.7,474,159,410,58,11.5,34.7,13,7.7,4.9
Greene, Shane,572888,168,13.6,33.9,113.9,89.5,92.7,88.4,462,167,418,66,15.2,39.3,14,8.3,5.6
Iglesias, Raisel,628452,167,20.3,38.3,111.4,87.9,92.8,83.1,419,198,380,54,9.8,32.9,13,7.8,4.7
Gallegos, Giovanny,606149,167,19.6,31.1,115,88.3,92.2,85.1,440,191,406,59,10.3,35.5,12,7.2,4.3
Familia, Jeurys,544727,166,9,31.9,114.2,87.5,91.7,84.9,419,158,397,57,13.2,34.3,10,6.0,3.6
Velazquez, Hector,584171,166,16.1,37.3,112.9,88.4,93.3,86.9,429,174,393,62,13.9,38.0,13,7.8,5.3
Osuna, Roberto,532077,166,13.9,36.7,109.8,86.1,90.7,82,417,176,394,48,9.3,30.0,10,6.0,4.0
Gearrin, Cory,518715,165,8.3,38.2,113,88.6,90.7,87.7,414,168,390,60,14.8,36.8,9,5.5,3.7
Kolarek, Adam,592473,165,0.3,23.0,116.8,87.6,92.2,86.4,430,114,385,59,15.6,35.8,10,6.1,4.4
Parker, Blake,453284,165,14.7,41.8,114.7,88.9,92.4,86.1,444,189,402,65,14.6,39.4,15,9.1,5.9
Brewer, Colten,605155,165,6.7,30.9,111.2,88.8,91.8,87.2,426,150,401,50,11.6,30.5,9,5.5,3.6
Fry, Paul,643316,165,2.9,29.7,113.4,88,92.6,86,408,133,381,59,13.1,35.8,8,4.8,3.1
Civale, Aaron,650644,164,15,31.1,113.8,87,90.3,84.9,409,168,396,54,13.8,32.9,4,2.4,1.8
Harper, Ryne,607560,163,14.8,38.7,114.3,89.2,93.3,86,434,186,395,61,14.5,37.4,11,6.7,4.9
Jansen, Kenley,445276,163,19.3,32.5,114.1,86.4,90.2,84.2,435,183,408,42,7.4,26.1,10,6.1,3.8
Kintzler, Brandon,445213,162,8.4,27.8,111.8,89.4,93.7,86.9,423,151,405,69,18.1,42.6,11,6.8,4.8
Diaz, Jairo,545064,161,8.1,32.3,112.6,90.1,92.8,89.1,431,161,412,68,14.9,42.2,9,5.6,3.7
Garcia, Yimi,554340,161,23.5,29.8,113.2,87.2,91.9,80.4,479,203,404,44,9.3,27.3,12,7.5,4.9
Grace, Matt,594840,159,7.2,36.5,113.5,91.1,94.7,88.2,432,168,407,74,22.6,46.5,19,11.9,9.2
Britton, Zack,502154,159,-8.4,16.4,111.8,87.8,95.3,85.6,457,85,442,56,14.4,36.1,8,5.0,3.3
Herrera, Kelvin,516969,158,18,36.1,112.4,86.7,88.7,87.4,420,175,402,50,11.1,31.6,13,8.2,5.5
May, Trevor,543507,158,18.6,38.6,111.9,87.8,92.3,82.6,426,189,399,55,10.2,34.8,11,7.0,4.1
Pagan, Emilio,641941,157,21.4,28.7,113.7,89.3,94,86.8,461,194,392,54,9.2,34.4,10,6.4,3.7
Jeffress, Jeremy,502026,157,7.7,33.8,109.6,86.9,90.2,85,439,157,417,56,13.3,36.1,9,5.7,4.0
Carpenter, Ryan,543001,157,13.6,39.5,112.3,90.7,93.8,88.8,437,196,389,71,20.9,45.2,15,9.6,7.6
Richard, Clayton,453385,157,5.1,29.9,116.4,92.1,95,91.5,439,141,398,79,23.3,50.3,15,9.6,7.5
Miller, Shelby,571946,157,13.7,34.4,114.9,89.6,93,86.8,472,187,423,62,16.1,39.7,12,7.6,5.5
Banuelos, Manny,544365,157,15.9,36.3,111.6,88.9,91.6,87.4,427,184,407,59,14.6,37.8,13,8.3,5.5
Neris, Hector,593576,156,13,34.0,112.3,88.8,93.8,86.6,432,163,396,56,10.3,35.9,11,7.1,4.0
Brasier, Ryan,518489,156,16.7,36.5,113.1,89,93.2,84.7,434,200,399,53,10.3,35.8,14,9.0,5.8
Wittgren, Nick,621295,156,15.8,31.4,112.6,92.4,94.8,91.2,437,197,393,77,16.9,50.0,15,9.6,6.5
Stephenson, Robert,596112,156,19.1,34.0,109.8,87.3,91.2,84,420,192,388,41,8.0,26.8,8,5.1,3.1
Cole, Taylor,518566,155,7.1,35.5,112.4,86.8,88.1,86.1,410,156,394,58,13.8,37.4,5,3.2,2.2
Swarzak, Anthony,461872,155,12.9,32.9,113.1,89.9,95.6,86,436,167,405,71,17.1,45.8,14,9.0,6.0
Clippard, Tyler,461325,155,23.1,28.4,113.1,85.8,91.2,80.6,446,197,404,44,9.3,28.8,12,7.7,5.0
Leclerc, Jose,600917,154,19.1,37.7,111.5,87.2,92,83.4,427,187,390,43,7.6,28.3,7,4.5,2.3
Harris, Will,501789,153,4.3,29.4,111.3,87.5,89.9,86.5,434,141,404,48,12.2,31.8,9,5.9,3.9
Allard, Kolby,663465,153,10.3,30.7,110.8,88.5,92.2,86.7,427,151,402,55,14.5,35.9,4,2.6,1.9
Ottavino, Adam,493603,152,14.5,29.6,112.6,85.3,90.4,81.4,434,169,404,43,9.6,29.3,7,4.6,2.5
Smeltzer, Devin,656970,151,16.7,31.1,113.2,90.2,93,88,439,184,400,53,14.6,35.1,11,7.3,5.4
Suarez, Ranger,624133,150,5.2,33.3,112.4,87.3,89.2,86.4,421,146,387,52,15.0,34.7,8,5.3,3.9
Elias, Roenis,606273,150,15.6,40.0,114.4,88.7,93.2,82.7,416,197,392,53,12.9,37.3,14,9.3,6.5
Brach, Brad,542960,150,15,30.7,110.7,88.7,90.8,88.8,408,174,379,55,11.5,36.7,6,4.0,2.5
Kelley, Shawn,518875,149,19.3,42.3,107.9,88.3,92.8,82.4,453,220,404,52,12.9,34.9,17,11.4,8.3
Rodriguez, Jefry,622446,149,10,31.5,109.1,90.7,94.7,88.5,429,166,393,65,17.6,43.6,10,6.7,4.9
Garcia, Jarlin,606424,149,11.4,28.2,112.1,88.5,92.4,86.3,400,163,386,48,13.5,32.4,9,6.0,4.4
Nicasio, Juan,504379,149,9.7,36.9,111,89.4,92.1,87.4,444,159,409,58,14.4,38.9,13,8.7,6.0
Jimenez, Joe,641729,148,21.9,32.4,111.5,88.5,92.8,85.2,422,210,386,49,9.3,33.1,16,10.8,6.2
Webb, Tyler,643778,148,15.4,33.1,116,86.4,90.8,82.8,424,176,399,44,10.5,29.9,8,5.4,3.6
Diekman, Jake,518617,148,9.1,35.1,108.3,88,93.1,85.7,423,150,416,47,8.9,31.8,6,4.1,2.1
Hill, Rich,448179,148,10.6,28.4,106.2,86.8,92,83.6,425,155,388,41,9.0,27.7,7,4.7,2.9
Hirano, Yoshihisa,673633,147,11.4,32.0,111.4,88.2,92.3,85.2,416,167,395,43,9.6,29.3,8,5.4,3.4
Givens, Mychal,571710,146,15,41.8,115.5,88.9,94.2,83.4,458,193,402,58,10.6,39.7,16,11.0,6.2
Sadler, Casey,594987,146,9.1,26.7,112.5,88.6,93.2,85.9,421,147,397,53,16.7,36.3,4,2.7,2.1
Martin, Chris,455119,146,8.2,32.9,115.2,88.7,91.8,86.6,443,168,405,59,12.6,40.4,13,8.9,6.0
Burnes, Corbin,669203,145,10.7,35.9,114.4,90,92.3,89.1,453,168,408,58,13.1,40.3,17,11.7,7.2
Keller, Mitch,656605,145,11.3,39.3,115.7,87.6,91.9,83.1,402,170,392,42,8.8,35.3,9,6.2,4.0
Wisler, Matt,605538,145,15.7,32.4,112.6,88.3,92.8,85.4,423,191,396,50,11.0,34.5,9,6.2,4.0
McKay, Brendan,656713,144,17.5,36.1,109.7,91.2,93.4,91,414,196,382,64,14.9,44.4,15,10.4,6.9
Marshall, Evan,605359,144,9.8,24.3,112.7,86.9,92,84.8,435,151,409,44,11.0,30.6,8,5.6,3.8
Floro, Dylan,571670,143,9.9,28.0,111.8,87.7,90.3,87,414,149,409,48,12.6,34.3,8,5.6,4.0
Mayza, Tim,641835,143,6.1,34.3,111,87.1,93.3,82.6,431,164,386,53,12.1,37.1,10,7.0,4.4
Magill, Matt,543483,143,13.7,42.0,111.8,90.9,95,88.3,489,195,414,62,14.5,43.4,13,9.1,5.7
Wood, Hunter,621056,142,19.8,32.4,111.7,87.3,91.4,83.4,418,192,389,45,12.0,31.7,7,4.9,3.6
Pruitt, Austin,643493,142,6.5,34.5,113.1,88.3,93.4,85.4,425,153,403,48,13.9,33.8,11,7.7,5.7
Oberg, Scott,623184,142,8,28.9,114.7,88.2,92.9,86.2,439,151,412,52,12.3,36.6,9,6.3,4.0
Bard, Luke,572703,141,17.8,31.9,112.9,87.5,90.5,86.8,425,179,398,45,12.0,32.6,10,7.1,5.0
Weber, Ryan,543901,141,8.1,31.2,112.2,87.8,92.1,84.9,434,161,401,40,13.3,28.4,6,4.3,3.3
Alcantara, Victor,622505,141,7.9,27.7,112.5,90.9,94.7,89.8,456,149,411,60,16.9,42.6,13,9.2,7.1
Hardy, Blaine,543278,140,12.2,33.6,110.8,86,92.7,81.7,445,161,404,41,12.4,29.3,15,10.7,8.2
Smith, Will,519293,140,13.9,32.9,108,89.6,91.4,89.1,467,172,406,55,11.1,39.3,9,6.4,3.5
Moronta, Reyes,606625,140,17.5,29.3,113.7,87.6,92.1,85.5,451,187,418,50,11.4,35.7,9,6.4,3.7
Glasnow, Tyler,607192,140,10.5,28.6,112.1,87.4,92.1,84.6,451,157,415,45,11.4,32.1,8,5.7,3.5
Johnson, Brian,598271,139,14.2,33.8,114.9,89.3,93.4,86.3,423,189,386,51,16.5,36.7,13,9.4,6.7
Kelly, Joe,523260,139,0.9,27.3,113.5,89.1,95.2,86.6,429,126,398,55,14.7,40.4,8,5.8,3.5
Kittredge, Andrew,552640,138,6.3,31.2,110.9,86.9,92.7,82.9,429,157,387,47,11.0,34.1,7,5.1,3.3
Gott, Trevor,641627,138,13.3,32.6,110.5,88.6,93,86.9,434,175,424,51,11.6,37.0,9,6.5,4.2
Holmes, Clay,605280,138,0.4,31.2,109.2,88.6,94,85.5,422,134,408,53,15.5,39.3,7,5.1,2.9
Kahnle, Tommy,592454,138,6.1,31.2,113.2,88.4,92.4,85.2,425,151,401,49,9.3,36.3,8,5.8,3.2
Kinley, Tyler,641755,138,14.8,37.0,110.2,88,92.3,84.9,400,172,387,45,11.1,32.6,6,4.3,2.7
Duffey, Tyler,608648,138,14.5,37.0,113.5,89.4,92.7,86.1,457,181,407,51,10.3,37.0,11,8.0,4.6
Feliz, Michael,593140,137,18.8,32.1,110,87.7,90.4,86.4,415,180,395,45,9.5,32.8,15,10.9,6.3
Chafin, Andrew,605177,137,12.5,36.5,113.1,87.9,92.2,85.9,421,164,403,50,11.3,36.8,10,7.3,4.4
Fry, Jace,605240,137,4.5,29.2,111.6,89.2,93.4,87.2,443,148,417,54,12.7,39.4,8,5.8,3.2
Hand, Brad,543272,136,20.7,47.8,114.1,88.2,92.1,83.7,427,205,410,52,11.6,38.2,9,6.6,3.7
Ruiz, Jose,614179,136,18.6,33.8,112.4,88.3,91.3,86.9,469,177,412,45,12.0,33.1,10,7.4,5.1
Workman, Brandon,519443,135,9.5,31.9,112,88.2,91.1,86.7,417,152,417,43,8.9,31.9,1,0.7,0.3
Yacabonis, Jimmy,642231,134,15.6,38.1,114.6,90.7,95.2,86.9,455,190,418,54,16.7,40.3,15,11.2,7.8
Anderson, Nick,623433,134,19.6,41.0,109.6,90.2,93.7,87.6,428,212,397,56,9.4,41.8,12,9.0,4.5
Barnes, Matt,598264,134,9.1,29.9,111.6,89.5,91.8,88.7,432,164,385,45,7.8,34.1,7,5.2,2.5
Irvin, Cole,608344,134,15.5,43.3,112.3,85.9,91.5,80.2,437,188,401,44,13.6,32.8,10,7.5,5.5
Rodney, Fernando,407845,133,9.2,30.8,112.8,87.6,90.7,86.1,450,142,418,48,12.2,37.2,10,7.5,4.8
Davis, Wade,451584,133,14.9,39.8,115.9,89.4,91.5,88.5,449,178,414,46,12.5,34.6,10,7.5,4.9
Hellickson, Jeremy,476451,132,15.8,35.6,112.2,86.4,92.2,82.2,458,182,393,47,17.0,35.6,12,9.1,6.6
Peralta, Wily,503449,131,12.2,28.2,113.4,90.3,92.8,88.5,436,167,403,53,17.8,41.4,14,10.7,8.0
Vincent, Nick,543883,131,16.1,37.4,111.7,90,92.5,88.6,438,187,405,51,13.5,39.2,9,6.9,4.6
McGee, Jake,459429,131,15.9,41.2,115.8,90.1,94.7,86.5,443,209,402,54,17.3,41.2,13,9.9,7.2
Guerrero, Tayron,594027,131,13.5,32.1,114.1,90.2,93.8,88,422,177,395,53,11.7,40.5,14,10.7,6.5
Roe, Chaz,475054,131,12.3,35.1,111.5,86.5,88.4,85.7,441,163,416,37,10.6,28.2,5,3.8,2.2
Miller, Andrew,453192,131,17,35.9,110.6,88.5,91.9,87.4,411,189,391,43,10.1,33.1,11,8.4,4.7
Eshelman, Thomas,664045,130,16.7,36.9,110.5,90.5,93.2,89.1,436,195,394,54,18.9,41.5,12,9.2,7.3
Diaz, Edwin,621242,129,16.2,40.3,111.3,90.1,92.6,88,439,198,390,59,10.7,45.7,13,10.1,5.1
Drake, Oliver,543118,129,7.9,27.1,114.4,88.9,93.9,86,429,154,385,52,11.2,40.3,9,7.0,4.1
Vazquez, Felipe,553878,129,14.3,38.0,112.4,87.2,89.8,86.8,467,174,410,48,10.0,37.5,9,7.0,3.8
Garrett, Amir,607237,129,5.1,24.8,109,87.5,92,84.8,408,148,378,41,9.6,32.3,5,3.9,2.0
Brice, Austin,592169,128,13.6,34.4,108.4,88,91.9,86.3,412,168,384,47,13.1,36.7,7,5.5,3.5
Kline, Branden,571858,128,12.1,38.3,111.9,89.9,95.2,87.2,444,178,402,65,20.6,50.8,12,9.4,6.6
Bass, Anthony,542914,128,5.7,27.3,107.9,88,92.5,85.7,432,139,400,46,14.2,36.2,6,4.7,3.2
James, Josh,657624,127,16.9,33.9,110.4,89.7,91.1,89.8,439,192,375,49,9.5,39.2,6,4.7,2.3
Hader, Josh,623352,127,26.7,34.6,110,90.4,93.4,90.1,432,227,403,50,7.2,42.0,16,12.6,5.5
Pressly, Ryan,519151,126,6.8,31.0,110.8,86.6,91.9,82.3,433,153,396,38,8.9,32.5,8,6.3,3.8
Martinez, Carlos,593372,126,7.2,26.2,106.5,87.2,90,85.9,419,140,388,39,10.1,31.2,8,6.3,4.0
Hale, David,571735,126,8.7,28.6,108.3,86.1,90.6,83.5,418,146,409,34,11.4,27.6,3,2.4,1.9
Brennan, Brandon,592165,125,5.3,28.0,113,87.9,94.4,83.8,440,147,391,40,11.8,32.8,10,8.0,5.1
Hernandez, David,456696,124,20.5,38.7,114.4,89.3,91.2,87.7,433,208,399,43,10.9,35.2,11,8.9,5.5
Anderson, Justin,605121,124,18.7,31.5,109.8,88,92.9,85.5,432,185,396,42,10.0,34.4,10,8.1,4.6
Crick, Kyle,605195,123,14.4,25.2,108.7,86.8,92.2,82.2,433,172,398,36,8.5,29.3,8,6.5,3.5
Buchter, Ryan,488748,123,21.6,42.3,110.7,88.6,91,86.5,424,217,394,40,10.8,33.3,9,7.3,4.5
Chapman, Aroldis,547973,123,12.3,37.4,111.2,86.9,90.5,84.8,397,155,377,36,7.7,30.3,6,4.9,2.6
Ponce de Leon, Daniel,594965,123,15.2,25.2,109.1,88.3,90.9,88.6,422,165,406,35,8.3,28.5,8,6.5,3.9
Webb, Logan,657277,122,7.7,36.9,111.4,89.1,92.4,86.3,438,162,410,45,15.6,36.9,7,5.7,4.0
Holder, Jonathan,656547,122,16.1,33.6,111.1,88.3,91.8,86.8,447,188,397,42,12.2,34.4,10,8.2,5.5
Yates, Kirby,489446,122,11,30.3,109.5,86.9,91.6,83.4,433,164,402,44,8.7,36.1,5,4.1,2.1
Peralta, Wandy,593974,122,6.8,31.1,111.6,87.2,91.4,83.4,434,161,400,42,13.3,35.0,11,9.0,6.4
Urquidy, Jose,664353,120,17.8,35.8,109.3,87,92.7,82.1,424,191,392,35,11.0,29.2,12,10.0,7.2
Toussaint, Touki,657053,120,14.1,34.2,113.5,87.9,90.2,86.6,420,169,398,40,12.4,33.3,10,8.3,5.1
Ross, Tyson,475115,118,7.4,33.9,114.1,89.6,95.9,85.9,420,154,386,51,20.1,43.2,14,11.9,8.6
Taillon, Jameson,592791,118,7.7,33.1,114.4,89,93.1,86.4,397,152,384,47,16.7,39.8,8,6.8,5.1
Shafer, Justin,596101,117,19,35.0,111.9,88.4,94.1,83.7,432,190,388,39,11.1,33.3,9,7.7,4.9
Ferguson, Caleb,657571,117,14.9,41.9,111.5,87.3,90.5,84,443,189,403,39,9.8,33.3,8,6.8,3.9
Maton, Phil,664208,116,11.6,37.1,107.4,86.8,90,84.3,400,164,379,33,10.7,28.4,6,5.2,3.7
Hartlieb, Geoff,664129,115,8.8,33.9,112.1,90.4,91.5,90,439,165,396,48,14.8,41.7,11,9.6,6.4
Taylor, Josh,657031,114,13.1,32.5,111,86.5,92,82,462,171,411,33,8.0,30.8,8,7.0,4.1
Voth, Austin,608723,114,19.5,29.8,111.1,87.7,91.7,85.8,443,181,399,34,10.4,29.8,5,4.4,2.9
Wingenter, Trey,622259,113,15.2,37.2,112.8,88.7,91.4,88.3,418,182,407,41,9.9,36.3,8,7.1,3.7
Wood, Alex,622072,113,13.4,42.5,115.9,89,92.6,85,463,188,395,38,13.5,33.6,11,9.7,7.2
Almonte, Yency,622075,113,17.3,37.2,112.2,90.7,94.3,88.1,440,211,418,47,15.9,41.6,14,12.4,8.9
Leone, Dominic,608678,112,15.4,41.1,111.6,90.6,94.1,87.1,443,201,425,43,13.0,38.7,14,12.5,7.8
Kluber, Corey,446372,112,13.6,33.9,113.4,86.9,93.5,80.1,417,166,388,43,14.9,38.4,10,8.9,6.0
Otero, Dan,519096,111,4.2,33.3,110.6,89.2,91.5,87.6,416,141,387,40,19.7,36.0,9,8.1,6.9
Poche, Colin,621363,111,30.2,34.2,107.8,89.5,93.2,86.6,416,237,392,42,9.0,37.8,10,9.0,4.8
Tinoco, Jesus,622786,110,10,34.5,111.6,88.7,95.9,82.3,450,188,419,43,15.8,39.1,13,11.8,8.1
Perez, Oliver,424144,110,10.7,34.5,109.4,86.9,90.8,83.7,429,175,387,33,10.3,30.0,5,4.5,2.9
Gonsolin, Tony,664062,110,15.8,29.1,111.4,88.6,93.1,84.9,424,185,400,41,12.7,37.3,3,2.7,1.8
Helsley, Ryan,664854,109,17.9,34.9,111.7,88.2,90.5,86,432,193,405,39,13.1,35.8,7,6.4,4.6
Dugger, Robert,667498,109,15.5,35.8,110.6,90,95.2,84.2,437,190,401,45,17.3,41.3,7,6.4,4.5
Sheffield, Justus,656954,109,7.1,29.4,112,90.7,93.8,88.7,434,148,411,47,15.4,43.1,6,5.5,3.6
Suarez, Andrew,605498,108,9.4,37.0,113.9,89.8,96.4,86.7,458,167,417,39,15.1,36.1,14,13.0,9.5
Giles, Ken,571704,108,15.5,33.3,113.7,88.2,94.2,82.7,446,180,404,38,9.3,35.2,9,8.3,4.3
Sandoval, Patrick,663776,107,9.2,32.7,111.3,88.4,92.2,84.4,421,160,401,37,11.9,34.6,6,5.6,3.6
Reininger, Zac,643617,107,14.1,43.9,112,90.8,93.9,88.2,419,199,390,46,19.9,43.0,14,13.1,10.0
Brigham, Jeff,656257,107,19.7,33.6,110.3,88.4,91.2,86.7,440,194,399,40,12.1,37.4,10,9.3,6.2
Hembree, Heath,592390,106,26.6,41.5,110.5,89,91.3,88.6,440,223,411,37,10.7,34.9,9,8.5,5.2
Duplantier, Jon,641541,106,13.1,32.1,112.6,89.3,92.9,86.7,415,173,384,40,13.5,37.7,8,7.5,4.9
Barnes, Jacob,606930,106,7.3,38.7,110.7,89.2,93.4,86.6,425,166,410,40,14.6,37.7,8,7.5,5.0
Luciano, Elvis,672773,105,13.7,34.3,113.8,89.7,93.2,87.1,398,187,370,44,15.1,41.9,8,7.6,5.0
Littell, Zack,641793,105,14.1,39.0,114.4,91.2,94.5,89.9,424,169,404,50,17.3,47.6,10,9.5,6.8
Hill, Tim,657612,105,3.7,29.5,108.1,88.2,94.1,86.2,425,138,404,36,12.0,34.3,5,4.8,3.1
Melville, Tim,543532,104,13.7,30.8,111.5,90.2,94.2,88.4,487,182,417,36,13.3,35.0,11,10.6,7.7
Strop, Pedro,467008,104,9,30.8,115.4,89.3,94.8,86.2,454,154,415,38,10.7,36.9,10,9.6,5.6
Wright, Mike,605541,103,14.3,37.9,113.5,91.1,93.9,88.7,438,178,388,48,17.7,46.6,8,7.8,5.4
Blach, Ty,621389,102,15.4,46.1,109.5,90.2,93.3,87.7,438,199,403,43,18.7,42.6,7,6.9,5.0
Garcia, Edgar,658305,101,17,35.6,111.1,89.6,93.5,84.2,438,216,406,42,13.5,41.6,13,12.9,7.6
Barraclough, Kyle,607457,101,13.1,39.6,113.8,90.7,92.6,88.5,422,199,400,45,14.1,44.6,14,13.9,8.5
Santiago, Hector,502327,101,21.2,40.6,112.8,89.2,92.7,87.5,421,203,404,39,12.3,38.6,15,14.9,9.2
Cordero, Jimmy,622772,101,3,26.7,112.2,85.4,90.4,82.8,424,124,398,30,10.7,29.7,4,4.0,2.7
Goody, Nick,580792,101,27.3,29.7,107.1,85.3,90.6,80.5,415,201,385,30,8.2,29.7,4,4.0,2.3
Wilson, Justin,458677,101,6.3,34.7,111,85.3,88.8,82.6,384,147,372,28,8.2,27.7,5,5.0,3.0
May, Dustin,669160,100,8.2,34.0,110.5,86.8,89.3,87.7,418,152,404,33,12.4,33.0,6,6.0,4.3
Parsons, Wes,641149,100,8.5,35.0,112.9,89.2,92,87.5,452,168,426,38,13.7,38.0,7,7.0,4.5
Cisnero, Jose,542585,100,17.5,33.0,110.5,87.7,91.5,86.1,454,182,394,36,11.1,36.0,6,6.0,3.7
Biddle, Jesse,592145,100,10.7,39.0,113.8,91.4,92.8,91,465,173,418,42,17.7,43.8,11,11.0,7.2
Reid-Foley, Sean,656887,99,11.7,36.4,112.9,88.9,91,88.1,434,193,394,37,13.0,37.4,7,7.1,4.7
Smith, Josh A.,595001,99,15.4,46.5,109.2,89.3,94.5,82.3,455,207,398,39,14.3,39.4,11,11.1,7.9
Bowman, Matt,621199,99,6.4,25.3,108.9,85.4,85.9,86.2,389,127,378,29,11.6,29.9,2,2.0,1.5
Springs, Jeffrey,605488,99,21,45.5,110,88,90.2,86.5,414,221,392,38,12.5,38.4,6,6.1,3.9
Sims, Lucas,608371,99,25,37.4,112,88.7,92.3,85.2,434,214,404,31,8.8,31.3,6,6.1,3.4
Rainey, Tanner,663432,98,7.5,28.6,112.2,90.7,95.3,88.8,425,155,397,43,10.4,43.9,8,8.2,3.7
Flynn, Brian,543169,97,12,39.2,110.9,90.6,92.3,90,399,171,398,35,15.8,36.1,5,5.2,3.6
Wang, Wei-Chung,623913,96,17.1,34.4,111.2,87.1,91.2,82,403,193,376,25,10.7,26.0,5,5.2,3.9
Allen, Logan,663531,95,3.3,35.8,109.4,92.7,96.6,89.3,440,153,409,49,23.0,52.1,6,6.3,4.7
Stewart, Brock,592779,94,16,36.2,111.5,89.5,94,84.4,439,202,412,33,14.7,35.1,10,10.6,8.1
Olson, Tyler,621397,94,11.8,30.9,111,84.9,87.9,83.3,454,159,417,23,9.5,24.5,5,5.3,3.6
Rodon, Carlos,607074,94,14.5,36.2,111.9,89.8,91.9,89.3,418,162,396,37,11.6,39.4,7,7.4,4.4
Avilan, Luis,501593,94,9,30.9,111.5,84.9,89.4,80.6,445,155,423,22,8.7,23.4,5,5.3,3.5
Mejia, Adalberto,606167,94,19.8,38.3,111.4,90.3,93.7,86.3,409,203,386,44,15.3,46.8,10,10.6,6.9
McRae, Alex,656725,94,13.7,40.4,109.7,90.6,96.1,86.2,436,192,401,42,16.5,48.8,10,10.6,7.6
Phelps, David,475479,93,16.4,33.3,112.4,88.7,91.6,87.7,420,188,398,34,12.7,36.6,9,9.7,6.1
Burke, Brock,656271,93,8.7,31.2,111.1,86.6,92.4,83,435,160,411,26,12.2,28.0,7,7.5,5.8
Mills, Alec,621219,92,11.1,35.9,113.1,88.4,94,84.3,418,168,403,33,12.5,35.9,7,7.6,4.6
Stumpf, Daniel,621385,92,16.2,34.8,110.5,90.8,93.5,88.6,438,199,398,42,18.1,45.7,9,9.8,6.7
Newberry, Jake,623470,91,17.9,36.3,107.2,90.8,93.1,89.5,434,212,400,37,15.0,40.7,9,9.9,6.6
Gagnon, Drew,543193,91,16.1,34.1,109.7,87.9,95.3,83.4,421,190,397,30,14.4,34.9,12,13.2,10.3
Stewart, Kohl,640464,90,7.4,35.6,113.7,90.5,95,87.2,408,157,385,40,22.7,44.4,7,7.8,6.4
Webb, Jacob,657097,90,18,35.6,111.8,88.5,92.2,86.1,439,185,406,30,11.1,33.3,6,6.7,4.6
Adams, Chance,664856,88,15.6,31.8,118.7,89.9,93.4,85.5,418,193,393,31,13.1,38.3,10,11.4,8.1
Minter, A.J.,621345,88,11.8,38.6,114.5,87.9,92.5,82.6,422,192,402,30,10.3,34.1,5,5.7,3.4
Skoglund, Eric,607215,87,17,42.5,113.2,91.3,94.3,90.9,439,198,404,43,22.5,49.4,11,12.6,10.9
Dobnak, Randy,677976,87,6,26.4,113,88.6,92,88.2,436,128,436,37,16.7,42.5,2,2.3,1.7
Holland, Greg,518813,87,10.3,31.0,111.4,89.4,93.8,85.1,413,189,386,32,12.5,36.8,5,5.7,3.3
Wick, Rowan,592858,86,10,24.4,112.1,87.8,91.2,85.6,392,150,,27,9.4,31.4,6,7.0,4.3
Blevins, Jerry,460283,86,19.2,45.3,107.8,87.4,91,81.7,401,213,394,32,13.2,37.2,9,10.5,6.4
Warren, Adam,476589,86,8.7,38.4,114.6,87.5,91.9,82,462,182,396,30,13.8,34.9,7,8.1,5.6
Wendelken, J.B.,605525,86,18.1,27.9,107.3,87.4,91.5,83,413,180,400,26,10.6,31.7,2,2.3,1.5
Baez, Michel,673258,86,16.9,34.9,111.2,87.7,91.2,86,414,175,383,32,12.6,37.2,4,4.7,3.1
Minaya, Juan,573668,85,21,32.9,110.4,89.6,93.6,87.7,453,196,402,35,15.0,41.2,4,4.7,3.2
Fulmer, Carson,608334,85,13.7,30.6,110,88.9,93.2,86.2,439,164,390,33,12.5,38.8,4,4.7,3.0
Noesi, Hector,456051,85,21.1,35.3,109.6,90.3,92.5,89.4,427,213,397,33,13.3,38.8,7,8.2,5.6
Loaisiga, Jonathan,642528,85,13.7,35.3,113.2,89.3,92.7,86.1,430,184,390,34,12.8,40.0,4,4.7,2.9
Estrada, Marco,462136,84,29.1,22.6,111.8,87.7,91.8,90.3,440,217,405,19,10.3,29.2,7,8.3,6.6
Wieck, Brad,623364,83,18.4,42.2,108.6,90.7,93.3,89,423,211,392,36,12.2,43.4,7,8.4,4.7
Thorpe, Lewis,626929,83,16.3,42.2,109.3,89,92.2,87.5,437,194,409,30,12.9,36.1,5,6.0,4.0
Crichton, Stefan,592233,80,9,30.0,111.7,87.7,92.3,85.4,438,152,394,32,15.0,40.0,3,3.8,2.4
Jewell, Jake,657228,80,0.8,25.0,108.4,89.5,96.8,85.9,430,136,399,34,17.0,42.5,9,11.3,7.9
Lockett, Walker,621141,80,11.4,37.5,111.1,88.7,91.2,86.6,422,173,389,27,15.4,33.8,7,8.8,6.8
Cole, A.J.,595918,80,20.5,32.5,111.3,86.9,88.9,85.8,413,212,397,19,7.6,23.8,4,5.0,3.4
Alvarado, Jose,621237,80,5.4,33.8,109.8,89.3,94.7,84.8,412,168,405,28,11.8,35.0,4,5.0,2.7
Anderson, Tanner,664196,79,8.1,27.8,115.9,88.6,97.6,84.5,427,148,400,34,17.3,43.0,9,11.4,8.6
Fillmyer, Heath,641571,79,14.4,34.2,116.6,92.5,94.5,92.6,433,184,384,35,18.2,44.3,8,10.1,7.3
Koch, Matt,571863,78,15.3,38.5,113.4,91.3,95.2,89.4,429,202,406,38,22.2,48.7,8,10.3,8.3
Morgan, Adam,605388,78,14.7,34.6,107.3,88,93.1,85.2,399,185,378,25,10.8,32.1,3,3.8,2.5
Boxberger, Brad,502202,77,15.3,35.1,107.2,85.9,88.6,83.2,406,177,382,27,12.2,35.1,6,7.8,4.9
Stashak, Cody,664054,77,23.7,42.9,111.6,89.9,93.5,84.3,407,224,384,29,13.6,38.2,10,13.0,9.6
Gustave, Jandel,594311,76,12.5,36.8,113.4,91.4,91.3,93.4,385,166,385,32,17.8,42.1,4,5.3,4.0
Strickland, Hunter,519326,76,18.4,32.9,116.4,87.8,91.9,82.7,442,190,402,21,10.7,28.8,7,9.2,6.7
Coonrod, Sam,656322,75,11.3,21.3,108.2,87.8,92.3,86.9,430,137,429,23,11.1,30.7,4,5.3,3.5
Phillips, Evan,623465,75,13.1,37.3,111.9,91.7,94.6,90,420,185,408,31,12.7,41.3,4,5.3,2.9
Kela, Keone,605309,74,19.1,33.8,106.9,88.8,94.3,84.8,425,185,397,25,11.4,33.8,5,6.8,4.2
Shoemaker, Matt,533167,74,12.9,27.0,110.4,89.2,96.3,85.7,418,160,404,29,14.0,39.2,8,10.8,7.4
Dowdy, Kyle,664871,74,9.6,40.5,111.3,90.6,93,88.8,426,170,400,31,16.8,41.9,6,8.1,5.5
Sobotka, Chad,656977,74,12.3,31.1,110.1,90.4,92.8,90.5,419,174,408,25,9.6,33.8,5,6.8,3.7
Lakins Sr., Travis,664042,73,9.4,34.2,108.9,90.1,92.4,88.1,405,173,405,31,17.8,42.5,7,9.6,6.9
Ramirez, Neil,519166,73,28.1,31.5,108.9,88.2,91.1,87.7,438,223,406,22,9.8,30.1,7,9.6,6.3
Anderson, Tyler,542881,72,11.6,43.1,110.1,88.9,91.7,86.1,442,192,424,26,12.2,36.1,10,13.9,9.4
Guerrieri, Taylor,605260,72,5.1,26.4,112.3,89.4,95.8,86,420,142,395,26,13.3,36.1,4,5.6,3.3
Montero, Rafael,606160,72,13.7,34.7,114,87.3,92.6,81.9,442,188,403,22,10.2,30.6,10,13.9,8.8
Ramirez, Yefry,606162,72,8.7,29.2,109.4,88.1,92.5,85.3,412,152,386,23,11.4,31.9,4,5.6,3.4
Smith, Burch,572143,71,18,42.3,112.4,89,90.2,89,424,207,400,27,12.6,38.0,3,4.2,2.8
McClain, Reggie,596035,71,-2.5,26.8,117.9,90.8,94.6,88.6,383,114,357,31,20.0,43.7,3,4.2,3.2
Payano, Pedro,622797,70,10.7,38.6,112.1,87.4,90.9,84.1,412,157,394,28,15.7,40.0,5,7.1,4.9
Johnson, DJ,597113,70,10.5,35.7,107.9,88.8,94.6,84.9,428,153,416,27,12.1,38.6,4,5.7,3.4
Manaea, Sean,640455,70,16.9,32.9,109.9,89.5,94.6,86.6,418,170,397,26,12.3,37.1,3,4.3,2.8
Quijada, Jose,650671,70,16.3,40.0,109.5,89.6,94.8,88.4,430,191,387,33,11.4,47.1,9,12.9,6.3
Hall, Matt,664180,70,10.2,38.6,111.1,88,93.8,83.8,422,184,392,24,12.7,34.3,7,10.0,6.2
Lovelady, Richard,663992,70,8.5,32.9,105.9,88.4,91.9,85.9,383,158,366,23,13.1,32.9,1,1.4,1.0
Tepera, Ryan,572193,69,16.2,33.3,114.4,88.4,96.1,84.4,445,171,419,23,13.1,33.3,5,7.2,5.5
Smith, Joe,501925,69,7.8,21.7,112.8,91.2,94,91.3,399,154,392,34,21.3,49.3,3,4.3,3.1
Tarpley, Stephen,605501,69,12,40.6,108.7,89.5,93.6,85.2,413,170,385,31,14.4,50.0,4,5.8,3.3
Duke, Zach,435043,68,7.4,32.4,109.8,88.9,94.9,85.4,406,167,397,27,16.9,42.2,3,4.4,2.8
Zeuch, T.J.,643615,68,8.9,44.1,114.2,90.1,95,86.1,397,162,386,30,17.2,44.1,8,11.8,8.1
Neshek, Pat,450212,68,15.1,30.9,108.1,87.8,92.1,83,410,176,399,23,17.0,33.8,6,8.8,7.7
Dominguez, Seranthony,622554,68,5.6,30.9,109.7,86.3,89.7,85,400,147,392,21,9.6,30.9,3,4.4,2.7
Cabrera, Genesis,650893,67,15.4,29.9,106.3,87.7,91.6,83.4,425,192,416,21,12.7,31.3,4,6.0,4.0
Marvel, James,621086,67,7.6,34.3,111.7,89.1,94,86.7,401,153,381,25,16.2,37.3,3,4.5,3.6
Hicks, Jordan,663855,67,-2.3,23.9,110.6,86.9,92.5,84.2,389,117,380,18,9.5,28.6,3,4.5,2.7
Wilson, Bryse,669060,67,18.8,32.8,111.4,91.4,92.3,93.3,404,197,397,30,18.1,44.8,6,9.0,6.5
Clase, Emmanuel,661403,66,3.2,27.3,107.5,86.4,90.4,83.6,403,130,396,23,14.0,34.8,3,4.5,3.2
Markel, Parker,571917,66,16.8,34.8,109,89.5,94.3,84.6,444,204,398,23,12.2,35.4,5,7.6,4.5
Bashlor, Tyler,641341,66,19.4,33.3,109.9,90,94.1,85.9,419,216,406,25,14.3,40.3,6,9.1,5.8
Allen, Cody,592102,66,25,39.4,110.2,94.3,96.6,92.8,448,250,408,36,18.7,54.5,10,15.2,8.6
Oh, Seunghwan,493200,66,12.6,34.8,110.9,89.4,90.7,88.3,442,192,403,24,12.6,36.4,8,12.1,9.1
Sneed, Cy,605482,65,10.5,36.9,106.8,89.3,92.1,87.3,455,163,407,23,12.7,35.4,5,7.7,5.4
Festa, Matt,670036,65,16.3,30.8,107.2,89.1,92.8,87.8,415,176,409,23,12.6,39.0,7,10.8,6.9
Zimmer, Kyle,622092,65,11.5,44.6,110.2,85.4,89.7,81.7,412,172,378,23,11.6,35.4,5,7.7,4.9
Jackson, Jay,543351,65,15.1,36.9,106.2,88.8,93,86.1,429,189,407,22,8.3,34.9,7,10.8,5.3
Reyes, Gerardo,622103,65,16.3,30.8,109.7,89.3,91.1,88.6,433,199,393,22,9.3,33.8,5,7.7,4.3
Scott, Tayler,605463,64,4.4,32.8,112.5,91.3,92.9,90.7,425,148,394,24,15.3,37.5,4,6.3,4.3
Sipp, Tony,448609,64,17.2,37.5,114.2,88.1,91,85.4,419,187,419,22,12.3,34.4,4,6.3,4.3
Scott, Tanner,656945,64,6.2,37.5,111.2,91.5,95.4,87.8,411,165,394,27,12.8,42.2,5,7.8,4.1
McKay, David,641853,63,20.8,39.7,106.3,89.9,91.2,89.1,425,219,396,21,9.4,33.3,7,11.1,6.1
Sadzeck, Connor,592712,63,13.7,34.9,112,88.6,96.9,84.2,418,159,412,22,11.8,34.9,6,9.5,5.6
Faria, Jake,607188,63,11.2,47.6,113.8,88.2,93,84.2,398,179,383,26,13.8,41.3,8,12.7,8.4
Hildenberger, Trevor,657610,63,11.1,42.9,109,89.7,92,88.1,413,176,388,25,16.4,39.7,4,6.3,4.5
Staumont, Josh,622251,62,15.6,40.3,110.4,92.2,93.5,91.5,431,211,385,25,18.9,40.3,5,8.1,5.7
Hernandez, Darwinzon,650382,61,8.7,37.7,112.5,86.5,92.1,81.6,379,168,367,19,6.8,31.1,0,0.0,0.0
Fairbanks, Pete,664126,61,9.2,41.0,115,91.4,93.7,89.2,423,175,395,28,15.5,45.9,5,8.2,5.1
Wright, Kyle,657140,61,12,41.0,113.7,90.9,95.5,85.9,413,183,390,28,19.6,45.9,6,9.8,6.5
Martin, Corbin,656686,61,13.5,32.8,112.5,90.3,94.4,87.2,414,180,381,29,19.7,47.5,5,8.2,5.4
Adams, Austin,613534,60,10.3,28.3,112.8,89.5,93.9,86.9,426,158,374,26,10.9,44.8,5,8.3,3.8
Nelson, Jimmy,519076,60,11.9,46.7,111.1,87.1,89.9,83.8,446,189,418,21,13.9,35.0,5,8.3,4.8
Wilkerson, Aaron,658792,60,18.1,30.0,109.2,86.4,92.3,81.7,415,186,381,17,12.1,28.3,1,1.7,1.3
Mayers, Mike,594577,60,22.7,40.0,109.9,90.1,92.4,89.4,408,215,391,25,16.6,44.6,5,8.3,5.6
Rodriguez, Jose,642578,60,14.7,38.3,107.9,87.5,90.1,86.3,400,192,385,14,8.6,23.3,6,10.0,7.1
Adam, Jason,592094,60,24.1,31.7,113.9,85.6,89.9,80.2,395,203,395,13,7.4,21.7,3,5.0,3.3
Tate, Dillon,622253,59,2.5,28.8,113.6,86,88.7,85,450,120,415,17,12.2,28.8,2,3.4,2.2
Winkler, Dan,595465,59,17.1,47.5,110.8,89.7,94.2,82.7,435,216,409,21,12.4,35.6,6,10.2,6.5
Alexander, Scott,518397,59,-2.1,30.5,110.8,90.3,95.3,87.2,430,127,382,22,16.8,37.3,3,5.1,3.9
Shepherd, Chandler,605469,59,17.2,40.7,108.3,93,95.9,89.6,414,209,391,29,19.0,49.2,6,10.2,7.1
Burr, Ryan,621114,58,9.9,29.3,111.8,91.4,92.2,90.7,389,169,360,21,13.0,36.2,3,5.2,3.5
Ginkel, Kevin,656464,58,15.8,46.6,110.6,88.2,91.2,85.4,430,193,418,16,8.5,27.6,2,3.4,2.1
Bergen, Travis,664157,57,15.5,35.1,107.1,90.9,94.7,87.4,406,194,375,27,17.6,47.4,7,12.3,8.2
Davis, Austin,656354,57,12.5,42.1,111.6,87.9,91.5,83.1,428,189,404,20,10.5,35.1,4,7.0,4.1
DuRapau, Montana,657566,57,15.6,45.6,110,91.4,93,90,410,195,400,22,13.8,39.3,4,7.0,4.4
Munoz, Andres,662253,56,14.6,39.3,110.4,88,91.1,85.9,417,189,410,19,9.2,33.9,6,10.7,6.2
Shawaryn, Mike,642067,56,22.2,33.9,109.4,90.7,93.4,88.7,445,203,408,23,10.9,46.9,7,12.5,6.8
Bolanos, Ronald,671790,56,10.9,37.5,112.5,90,94.2,86,385,167,368,27,19.1,48.2,3,5.4,3.4
Hammer, JD,670456,56,16.8,39.3,111.3,89.5,92.8,87.7,400,186,385,19,13.0,33.9,4,7.1,4.9
Gomez, Jeanmar,491646,56,7.1,35.7,113.1,90.4,93.9,90.5,424,131,420,19,16.8,33.9,3,5.4,4.1
Sherfy, James,642073,55,23.5,40.0,106.7,86.7,91.2,82,422,220,371,20,14.8,36.4,4,7.3,4.8
Howard, Sam,607572,55,16.2,32.7,111.9,87.9,92.3,83.9,421,180,392,18,9.7,32.7,3,5.5,3.3
Rogers, Josh,642028,54,22.2,37.0,108.5,92.6,94.9,90,422,241,384,27,22.9,50.0,8,14.8,11.6
Bradford, Chasen,607473,54,9,20.4,113.1,89,94.4,87.4,440,137,396,20,15.9,37.0,5,9.3,7.2
Dunn, Mike,445197,54,18.1,31.5,109.7,88,93.5,81.9,459,191,415,19,13.7,35.2,5,9.3,6.7
Tuivailala, Sam,592815,54,20.5,27.8,108.1,87.7,89.7,88.6,395,194,395,20,11.9,37.0,3,5.6,3.2
Mazza, Chris,607391,54,10.5,55.6,110.7,90.3,93.5,86.9,415,187,,27,19.9,50.0,2,3.7,2.7
Boshers, Buddy,542953,54,15.9,22.2,110.6,88.8,90.2,90.9,412,159,385,14,8.9,25.9,3,5.6,3.3
Sewald, Paul,623149,54,28.3,40.7,109.1,89.4,91.4,89.1,464,242,421,21,13.4,38.9,4,7.4,5.0
Santana, Ervin,429722,53,19,34.0,110.2,89.2,95.5,84.7,423,210,408,21,18.3,39.6,11,20.8,17.2
Volquez, Edinson,450172,53,12.3,32.1,110.8,90.6,94.2,88.7,422,162,403,26,21.3,49.1,3,5.7,4.0
McGowin, Kyle,641851,53,10.8,37.7,110.8,92,96.2,88,438,190,400,25,19.1,47.2,6,11.3,7.9
Thornburg, Tyler,592804,53,20.4,39.6,112.7,92.4,95.9,88.2,450,223,420,30,17.4,56.6,8,15.1,9.3
Adams, Austin,542866,53,17.2,32.1,108.3,92.4,97.1,88.5,441,197,402,25,18.2,51.0,5,9.4,6.3
Chargois, JT,608638,53,6,34.0,109.6,89.1,93.3,85.9,406,176,400,19,13.6,35.8,5,9.4,5.7
Garrett, Reed,657585,53,12.4,34.0,111.6,94.7,98.2,91.9,425,192,396,26,18.8,49.1,9,17.0,11.7
Despaigne, Odrisamer,628333,53,17.1,47.2,110.9,89,90.9,90,430,190,420,19,17.1,35.8,3,5.7,4.4
Harvey, Joe,642840,52,12.6,34.6,109.4,91.3,92.4,90.5,419,183,400,26,16.8,50.0,4,7.7,4.8
Armenteros, Rogelio,660494,52,15.3,32.7,118.9,86.9,91.4,84.9,398,174,398,15,9.7,28.8,2,3.8,2.7
Romano, Sal,607219,52,11.8,40.4,109.4,90.4,91,89.5,437,198,404,18,14.5,37.5,5,9.6,6.5
Kimbrel, Craig,518886,52,15.6,48.1,115.3,92.6,93.3,91.1,443,228,410,24,12.8,47.1,10,19.2,10.4
Alaniz, R.J.,595798,51,14.3,31.4,108,90.1,90.4,91.3,433,167,410,22,18.3,43.1,3,5.9,4.2
Ramos, Edubray,591693,50,21.8,38.0,106.2,85.7,90.4,80.2,410,225,397,12,9.2,24.0,5,10.0,7.2
Cobb, Alex,502171,50,6.4,42.0,118.1,94.9,104.1,87.6,438,183,410,30,28.0,60.0,13,26.0,21.7
Palumbo, Joe,643478,50,17.1,36.0,112.2,92.3,96.6,86.8,449,208,417,21,14.4,42.0,6,12.0,7.4
Rogers, Tyler,643511,50,0.6,18.0,104.7,84.4,90.1,83.1,359,97,,13,10.2,26.0,0,0.0,0.0