player_name,pitch_category,Pitches,Average Pitch Speed,Average Effective Pitch Speed,Average Spin Rate,Average Horizontal Break,Average Vertical Break,Corner %,BAA,SLGA,BABIPA,wOBAA
A.J. Cole,Fastball,134,93.4,93.8,2331.3,-0.693,1.434,0.007,0.158,0.368,0.125,0.256
A.J. Cole,Off-speed,256,84.4,84.9,2240.9,-0.089,0.555,0.004,0.246,0.400,0.304,0.309
A.J. Minter,Fastball,154,95.5,95.4,2319.8,0.668,1.401,0.006,0.208,0.375,0.267,0.314
A.J. Minter,Off-speed,243,87.1,87.3,2191.8,0.140,0.302,0.004,0.196,0.294,0.286,0.238
Aaron Bummer,Off-speed,155,94.4,94.1,2059.8,0.884,0.069,0.006,0.152,0.152,0.263,0.208
Aaron Civale,Off-speed,1171,85.4,85.3,2480.1,-0.053,0.275,0.001,0.284,0.472,0.337,0.354
Aaron Fletcher,Off-speed,121,89.1,88.6,2064.7,1.106,0.320,0.008,0.350,0.550,0.500,0.533
Aaron Loup,Off-speed,341,87.5,87.2,2270.0,0.816,0.217,0.003,0.200,0.376,0.230,0.301
Aaron Nola,Fastball,290,92.8,93.9,2183.6,-1.152, 1.148,0.003,0.135,0.327,0.114,0.232
Aaron Nola,Off-speed,858,84.6,85.3,2028.2,-0.394,-0.037,0.001,0.224,0.362,0.331,0.295
Aaron Slegers,Off-speed,298,88.2,89.6,1952.9,-0.690,0.516,0.003,0.203,0.257,0.246,0.245
Adam Cimber,Off-speed,127,79.7,79.6,2314.7,0.054,0.064,0.008,0.361,0.556,0.343,0.384
Adam Kolarek,Off-speed,242,87.5,87.8,2126.9,1.242,-0.157,0.004,0.169,0.231,0.189,0.202
Adam Morgan,Off-speed,175,83.3,82.5,2490.1,0.085,0.447,0.006,0.231,0.487,0.250,0.344
Adam Ottavino,Off-speed,338,87.0,88.3,2533.0,0.112,0.361,0.003,0.270,0.419,0.375,0.350
Adam Plutko,Fastball,224,91.0,91.0,2292.8,-0.344,1.491,0.004,0.250,0.433,0.255,0.336
Adam Plutko,Off-speed,222,83.8,83.8,2506.4, 0.387,0.304,0.005,0.319,0.574,0.333,0.404
Adam Wainwright,Off-speed,844,81.3,81.8,2467.6,0.386,-0.070,0.001,0.222,0.364,0.250,0.281
Adbert Alzolay,Fastball,116,94.3,94.1,2398.9,-0.697,1.409,0.009,0.273,0.636,0.222,0.454
Adbert Alzolay,Off-speed,271,86.2,86.1,2575.6, 0.013,0.389,0.004,0.150,0.200,0.265,0.229
Adrian Houser,Fastball,187,93.8,94.4,2166.1,-0.567,1.279,0.005,0.351,0.541,0.480,0.415
Adrian Houser,Off-speed,735,88.9,89.5,2013.9,-0.701,0.239,0.001,0.275,0.445,0.303,0.365
Adrian Morejon,Fastball,181,96.6,96.4,2403.6, 0.876, 1.164,0.006,0.333,0.806,0.259,0.502
Adrian Morejon,Off-speed,141,83.5,83.1,1987.5,-0.191,-0.043,0.007,0.205,0.359,0.375,0.256
Alec Mills,Fastball,243,89.8,89.4,2185.1,-0.798,1.159,0.004,0.320,0.720,0.289,0.462
Alec Mills,Off-speed,702,81.6,81.2,2184.8,-0.473,0.132,0.001,0.206,0.372,0.216,0.291
Alex Claudio,Off-speed,315,78.4,78.0,2051.2,1.020,-0.057,0.003,0.236,0.375,0.268,0.301
Alex Cobb,Off-speed,802,88.7,87.4,2004.2,-0.899,0.473,0.001,0.255,0.422,0.278,0.335
Alex Colome,Fastball,104,94.4,94.4,2116.6,-0.200,1.428,0.010,0.200,0.267,0.250,0.342
Alex Colome,Off-speed,262,89.3,89.4,2147.3, 0.334,0.481,0.004,0.154,0.200,0.192,0.189
Alex Reyes,Fastball,180,97.5,97.6,2546.4,-0.513, 1.532,0.006,0.156,0.281,0.190,0.308
Alex Reyes,Off-speed,189,88.0,87.9,2627.8, 0.126,-0.171,0.005,0.231,0.282,0.409,0.258
Alex Wood,Off-speed,277,87.7,87.6,2119.7,0.809,0.583,0.004,0.304,0.518,0.385,0.430
Alex Young,Fastball,158,91.2,90.2,2292.2,0.794,1.297,0.006,0.290,0.645,0.240,0.428
Alex Young,Off-speed,639,85.3,84.2,2225.3,0.466,0.391,0.002,0.275,0.529,0.298,0.361
Amir Garrett,Fastball,122,94.8,95.3,2216.8,0.930,1.176,0.008,0.174,0.435,0.125,0.278
Amir Garrett,Off-speed,177,85.6,85.8,1856.4,0.062,0.323,0.006,0.154,0.308,0.250,0.264
Andre Scrubb,Off-speed,407,86.3,85.2,2542.8,0.391,-0.077,0.002,0.190,0.241,0.250,0.280
Andrew Chafin,Off-speed,114,89.4,89.9,2276.8,0.624,0.617,0.009,0.208,0.333,0.312,0.268
Andrew Heaney,Fastball,627,91.5,90.9,2435.6,1.154,1.306,0.002,0.267,0.481,0.311,0.368
Andrew Heaney,Off-speed,458,80.8,80.1,2324.8,0.278,0.105,0.002,0.224,0.344,0.292,0.260
Andrew Kittredge,Off-speed,112,90.1,91.2,2510.8,-0.351,0.407,0.009,0.296,0.370,0.333,0.319
Andrew Miller,Off-speed,143,81.8,83.1,2526.8,-0.724,0.075,0.007,0.161,0.194,0.250,0.210
Andrew Suarez,Off-speed,112,85.8,75.1,2157.3,0.399,0.411,0.009,0.269,0.500,0.273,0.367
Andrew Triggs,Off-speed,164,83.5,81.6,2388.9,-0.255,0.134,0.006,0.242,0.515,0.217,0.382
Anibal Sanchez,Fastball,277,89.2,89.3,2148.0,-0.447,1.405,0.004,0.441,0.864,0.400,0.564
Anibal Sanchez,Off-speed,694,82.8,83.0,1814.9,-0.623,0.716,0.001,0.267,0.418,0.325,0.346
Anthony Bass,Off-speed,384,90.6,91.1,2083.1,-0.479,0.680,0.003,0.189,0.300,0.224,0.246
Anthony DeSclafani,Fastball,172,94.8,95.4,2225.2,-0.635,1.358,0.006,0.484,0.871,0.481,0.641
Anthony DeSclafani,Off-speed,430,88.6,89.1,2051.8,-0.243,0.229,0.002,0.248,0.429,0.266,0.331
Anthony Kay,Fastball,231,93.6,92.9,2366.7, 0.537, 1.304,0.004,0.300,0.620,0.375,0.443
Anthony Kay,Off-speed,178,81.8,81.0,2219.7,-0.117,-0.080,0.006,0.219,0.312,0.259,0.236
Anthony Misiewicz,Off-speed,249,87.6,87.2,2571.7,-0.455,0.399,0.004,0.288,0.470,0.405,0.358
Antonio Senzatela,Fastball,635,94.3,94.5,2144.4,-0.490,0.885,0.002,0.315,0.463,0.326,0.384
Antonio Senzatela,Off-speed,501,84.9,84.9,2193.9, 0.206,0.146,0.002,0.186,0.349,0.198,0.254
Archie Bradley,Fastball,165,94.2,94.2,2214.3,-0.747, 1.388,0.006,0.250,0.325,0.333,0.298
Archie Bradley,Off-speed,111,83.9,84.2,1802.6,-0.285,-0.014,0.009,0.241,0.379,0.300,0.284
Aroldis Chapman,Fastball,144,97.8,99.1,2451.4,0.384,1.551,0.007,0.095,0.190,0.222,0.240
Asher Wojciechowski,Fastball,310,90.9,91.7,2145.4,-0.456,1.539,0.003,0.348,0.681,0.360,0.468
Asher Wojciechowski,Off-speed,364,81.8,82.4,2291.2, 0.717,0.244,0.003,0.273,0.519,0.276,0.365
Austin Brice,Fastball,124,93.8,92.4,2251.0,-1.328,0.662,0.008,0.222,0.556,0.400,0.354
Austin Brice,Off-speed,235,86.7,85.5,2424.4,-0.237,0.049,0.004,0.244,0.400,0.286,0.395
Austin Gomber,Fastball,276,92.5,93.1,2151.4, 0.465, 1.549,0.004,0.143,0.161,0.182,0.248
Austin Gomber,Off-speed,250,80.6,81.2,2307.4,-0.247,-0.483,0.004,0.250,0.386,0.333,0.317
Austin Voth,Fastball,546,92.0,92.2,2246.2,-0.513,1.386,0.002,0.330,0.670,0.337,0.482
Austin Voth,Off-speed,349,81.5,81.6,2617.8, 0.635,0.074,0.003,0.216,0.443,0.233,0.300
Blake Parker,Fastball,130,90.6,91.5,1998.8,-0.243, 1.418,0.008,0.320,0.600,0.467,0.419
Blake Parker,Off-speed,185,78.9,79.7,1285.1,-0.400,-0.164,0.005,0.118,0.206,0.167,0.185
Blake Snell,Fastball,441,95.0,95.6,2403.5,0.476,1.546,0.002,0.326,0.663,0.350,0.463
Blake Snell,Off-speed,431,85.5,85.7,2170.1,0.096,0.229,0.002,0.137,0.211,0.212,0.168
Blake Taylor,Fastball,261,93.7,94.4,2281.3,-0.102,1.349,0.004,0.120,0.140,0.162,0.218
Blake Treinen,Off-speed,360,94.2,93.1,2374.5,-0.828,0.320,0.003,0.250,0.326,0.314,0.298
Brad Boxberger,Fastball,197,92.5,91.6,2483.0,-0.480,1.494,0.005,0.194,0.389,0.263,0.347
Brad Boxberger,Off-speed,160,84.0,83.4,1819.5,-0.560,0.542,0.006,0.303,0.455,0.300,0.330
Brad Brach,Off-speed,206,86.2,85.3,2201.3,-0.402,0.595,0.005,0.206,0.324,0.273,0.366
Brad Hand,Fastball,129,91.4,90.0,2453.1, 0.983,1.257,0.008,0.152,0.273,0.227,0.259
Brad Hand,Off-speed,234,81.8,80.5,2394.2,-0.783,0.061,0.004,0.182,0.250,0.296,0.215
Brad Keller,Fastball,329,92.8,92.8,2348.5,0.218, 1.078,0.003,0.179,0.269,0.182,0.254
Brad Keller,Off-speed,529,87.4,87.2,2436.3,0.023,-0.017,0.002,0.216,0.232,0.262,0.240
Brady Lail,Off-speed,209,85.0,84.8,2273.2,-0.367,0.411,0.005,0.312,0.625,0.280,0.481
Brady Singer,Off-speed,1063,89.2,90.0,2293.3,-0.567,0.566,0.001,0.219,0.356,0.257,0.295
Brandon Bielak,Fastball,295,93.2,91.9,2326.7,-0.704,1.350,0.003,0.327,0.712,0.286,0.498
Brandon Bielak,Off-speed,302,85.3,84.1,2259.5,-0.142,0.143,0.003,0.289,0.487,0.353,0.379
Brandon Kintzler,Off-speed,338,89.8,90.3,1999.8,-1.172,0.696,0.003,0.239,0.398,0.250,0.307
Brandon Woodruff,Fastball,418,96.6,97.0,2456.8,-0.550,1.432,0.002,0.194,0.350,0.333,0.288
Brandon Woodruff,Off-speed,793,91.1,91.5,2267.2,-0.810,0.655,0.001,0.210,0.335,0.244,0.273
Brandon Workman,Fastball,104,92.5,94.4,2113.9,-0.279, 1.451,0.010,0.222,0.556,0.375,0.379
Brandon Workman,Off-speed,291,83.1,84.4,2384.6, 0.434,-0.499,0.003,0.391,0.580,0.462,0.451
Brent Suter,Fastball,369,85.4,83.3,2160.8,-0.312,1.009,0.003,0.219,0.333,0.300,0.274
Brent Suter,Off-speed,147,80.7,80.4,1895.8, 0.468,0.558,0.007,0.346,0.500,0.400,0.369
Brett Anderson,Off-speed,736,85.4,85.1,2018.0,0.729,0.520,0.001,0.273,0.459,0.295,0.352
Brett Martin,Off-speed,149,88.7,88.3,2191.1,0.296,0.368,0.007,0.147,0.353,0.120,0.252
Brooks Raley,Off-speed,297,85.1,84.3,2622.8,-0.427,0.400,0.003,0.175,0.286,0.250,0.289
Brusdar Graterol,Off-speed,282,96.2,95.1,2125.1,-0.659,0.611,0.004,0.215,0.278,0.239,0.269
Bryan Garcia,Off-speed,318,91.7,91.1,2202.2,-0.771,0.844,0.003,0.228,0.253,0.261,0.276
Bryan Shaw,Off-speed,153,88.6,88.1,2433.2,0.481,0.359,0.007,0.433,0.767,0.462,0.551
Bryse Wilson,Fastball,144,94.2,94.7,2177.3,-0.681,1.223,0.007,0.321,0.607,0.350,0.484
Bryse Wilson,Off-speed,169,88.5,89.2,2038.6,-0.443,0.564,0.006,0.265,0.324,0.360,0.281
Buck Farmer,Fastball,180,93.2,92.6,2275.9,-0.953,1.293,0.006,0.214,0.286,0.237,0.239
Buck Farmer,Off-speed,161,85.6,85.2,2027.1,-0.763,0.202,0.006,0.275,0.500,0.286,0.352
Burch Smith,Fastball,110,94.4,95.6,2443.6,-0.709,1.559,0.009,0.097,0.226,0.100,0.155
Cal Quantrill,Off-speed,474,90.5,91.1,2196.5,-0.516,0.683,0.002,0.250,0.357,0.301,0.318
Caleb Baragar,Fastball,260,93.8,94.3,2490.9,0.660,1.586,0.004,0.214,0.414,0.240,0.289
Caleb Ferguson,Fastball,242,95.5,95.3,2267.0,0.794,1.401,0.004,0.245,0.396,0.344,0.300
Caleb Smith,Fastball,137,92.1,90.4,2498.2,0.861,1.578,0.007,0.150,0.300,0.125,0.336
Caleb Smith,Off-speed,130,82.0,80.2,2372.2,0.105,0.442,0.008,0.107,0.321,0.071,0.245
Caleb Thielbar,Fastball,202,89.8,90.4,2421.3, 0.130, 1.620,0.005,0.213,0.234,0.303,0.261
Caleb Thielbar,Off-speed,169,72.7,72.8,2531.4,-0.809,-0.941,0.006,0.154,0.192,0.222,0.190
Cam Bedrosian,Fastball,127,92.2,91.7,2356.9,-0.395, 1.644,0.008,0.231,0.269,0.286,0.274
Cam Bedrosian,Off-speed,114,81.3,80.8,2519.9, 0.363,-0.549,0.009,0.160,0.240,0.190,0.211
Cam Hill,Fastball,141,92.1,92.9,2301.4,-0.322, 1.438,0.007,0.229,0.457,0.200,0.319
Cam Hill,Off-speed,150,82.2,82.6,2654.9, 0.805,-0.369,0.007,0.107,0.321,0.067,0.264
Carlos Carrasco,Fastball,374,93.8,94.4,2470.3,-0.737,1.261,0.003,0.226,0.396,0.289,0.323
Carlos Carrasco,Off-speed,727,86.9,87.8,2184.2,-0.126,0.076,0.001,0.221,0.354,0.298,0.298
Carlos Estevez,Fastball,268,96.9,97.3,2167.5,-0.719,1.257,0.004,0.246,0.609,0.262,0.406
Carlos Estevez,Off-speed,168,87.5,87.7,2107.0,-0.030,0.157,0.006,0.457,0.629,0.552,0.531
Carlos Hernandez,Off-speed,228,89.6,90.9,2192.2,-0.426,0.562,0.004,0.315,0.519,0.359,0.402
Carlos Martinez,Fastball,140,93.3,92.6,2131.9,-0.691,1.079,0.007,0.400,0.743,0.400,0.487
Carlos Martinez,Off-speed,262,86.0,85.0,2056.0,-0.306,0.132,0.004,0.321,0.571,0.350,0.409
Carson Fulmer,Fastball,102,92.5,92.3,2225.9,-0.646,1.280,0.010,0.188,0.375,0.182,0.383
Casey Mize,Fastball,138,93.7,93.7,2245.5,-0.899,1.233,0.007,0.143,0.333,0.154,0.297
Casey Mize,Off-speed,405,88.7,89.4,2001.9,-0.683,0.263,0.002,0.280,0.516,0.294,0.420
Casey Sadler,Off-speed,347,87.1,86.9,2648.6,-0.156,0.197,0.003,0.205,0.397,0.245,0.319
Cesar Valdez,Off-speed,179,78.6,77.5,1818.7,-0.905,-0.346,0.006,0.146,0.229,0.189,0.188
Chad Green,Fastball,314,95.5,95.8,2472.2,-0.456, 1.558,0.003,0.111,0.302,0.083,0.210
Chad Green,Off-speed,111,85.0,85.6,2527.9, 0.255,-0.435,0.009,0.222,0.370,0.278,0.272
Chad Kuhl,Off-speed,776,89.3,90.1,2308.7,-0.249,0.398,0.001,0.216,0.401,0.243,0.340
Charlie Morton,Fastball,234,93.4,93.6,2349.0,-0.862, 1.212,0.004,0.277,0.404,0.400,0.367
Charlie Morton,Off-speed,426,84.2,84.2,2549.2, 0.272,-0.150,0.002,0.280,0.439,0.333,0.345
Chase Anderson,Fastball,224,92.4,91.7,2185.8,-0.527,1.463,0.004,0.386,0.895,0.424,0.564
Chase Anderson,Off-speed,428,83.5,82.7,2271.6,-0.335,0.393,0.002,0.267,0.442,0.328,0.343
Chasen Shreve,Fastball,216,91.7,91.8,2398.9,0.866,1.502,0.005,0.206,0.529,0.148,0.360
Chasen Shreve,Off-speed,206,82.8,83.3,1437.3,0.828,0.284,0.005,0.182,0.273,0.360,0.246
Chaz Roe,Off-speed,150,83.7,83.3,2804.7,0.991,0.051,0.007,0.303,0.424,0.400,0.366
Chi Chi Gonzalez,Fastball,164,92.2,92.2,2356.6,-0.181,0.878,0.006,0.250,0.438,0.292,0.375
Chi Chi Gonzalez,Off-speed,183,87.3,87.2,2261.2,-0.358,0.329,0.005,0.326,0.558,0.364,0.449
Chris Bassitt,Fastball,156,93.3,93.6,2159.9,-0.651,1.235,0.006,0.167,0.222,0.375,0.179
Chris Bassitt,Off-speed,790,87.1,87.3,2130.2,-0.589,0.585,0.001,0.246,0.399,0.270,0.319
Chris Martin,Off-speed,269,89.3,89.3,2172.6,-0.044,0.601,0.004,0.133,0.200,0.175,0.174
Chris Mazza,Off-speed,447,87.1,88.2,2140.6,-0.097,0.305,0.002,0.293,0.444,0.338,0.378
Chris Paddack,Fastball,560,94.1,95.1,2169.9,-0.822,1.357,0.002,0.308,0.658,0.314,0.436
Chris Paddack,Off-speed,403,83.0,83.8,1873.8,-0.750,0.249,0.002,0.211,0.358,0.260,0.266
Chris Stratton,Fastball,254,93.2,94.1,2627.1,-0.357, 1.281,0.004,0.204,0.306,0.346,0.303
Chris Stratton,Off-speed,293,84.6,85.3,2824.8, 0.451,-0.097,0.003,0.239,0.388,0.280,0.279
Clayton Kershaw,Fastball,365,91.6,83.4,2483.9,-0.047,1.637,0.003,0.203,0.453,0.188,0.310
Clayton Kershaw,Off-speed,523,83.5,74.9,2631.4,-0.374,0.039,0.002,0.190,0.327,0.255,0.238
Codi Heuer,Off-speed,364,94.3,96.0,2291.8,-0.863,0.769,0.003,0.150,0.212,0.204,0.212
Cody Ponce,Off-speed,167,85.1,85.7,2369.6,0.020,0.222,0.006,0.233,0.605,0.200,0.369
Cody Reed,Off-speed,215,90.4,91.1,2343.1,0.290,0.297,0.005,0.250,0.455,0.300,0.383
Cody Stashak,Fastball,123,91.9,91.4,2233.7,-0.545,1.582,0.008,0.242,0.455,0.269,0.331
Cody Stashak,Off-speed,100,82.4,81.9,2184.2, 0.571,0.475,0.010,0.143,0.286,0.222,0.185
Cole Sulser,Fastball,239,93.8,94.1,2409.0,-0.834,1.562,0.004,0.250,0.444,0.286,0.413
Cole Sulser,Off-speed,177,86.4,87.0,1959.8,-0.642,0.777,0.006,0.178,0.289,0.219,0.213
Colin Rea,Off-speed,145,85.7,86.2,2202.6,-0.154,0.221,0.007,0.250,0.444,0.241,0.321
Colten Brewer,Off-speed,498,88.4,88.5,2568.6,0.431,0.087,0.002,0.288,0.529,0.329,0.401
Corbin Burnes,Off-speed,985,91.7,92.3,2730.7,-0.164,0.652,0.001,0.176,0.252,0.287,0.249
Corey Knebel,Fastball,164,94.3,93.8,2395.6,-0.321,1.474,0.006,0.361,0.750,0.375,0.503
Corey Oswalt,Fastball,108,92.1,93.0,2160.9,-0.930,1.310,0.009,0.360,0.680,0.421,0.490
Corey Oswalt,Off-speed,115,87.3,88.3,1968.5,-0.550,0.386,0.009,0.185,0.481,0.158,0.297
Craig Kimbrel,Fastball,187,96.9,97.4,2266.2,-0.892, 1.182,0.005,0.206,0.471,0.278,0.373
Craig Kimbrel,Off-speed,113,86.0,86.4,2541.6, 0.915,-0.564,0.009,0.143,0.143,0.429,0.279
Craig Stammen,Off-speed,351,89.7,90.3,2178.3,-0.634,0.639,0.003,0.281,0.393,0.338,0.323
Cristian Javier,Fastball,560,92.2,91.6,2363.6,-0.582,1.508,0.002,0.208,0.442,0.195,0.327
Cristian Javier,Off-speed,329,79.8,79.2,2492.1, 0.577,0.244,0.003,0.153,0.306,0.190,0.235
Cy Sneed,Off-speed,336,89.4,88.8,2336.7,0.293,0.966,0.003,0.310,0.535,0.404,0.397
Dakota Bacus,Off-speed,225,86.7,85.7,2475.1,-0.106,0.165,0.004,0.298,0.404,0.325,0.362
Dakota Hudson,Fastball,134,92.6,92.4,2114.2,-0.408,0.800,0.007,0.079,0.079,0.091,0.119
Dakota Hudson,Off-speed,455,89.0,89.4,2216.8,-0.481,0.493,0.002,0.216,0.412,0.242,0.320
Dallas Keuchel,Off-speed,938,83.2,83.2,2029.0,0.572,0.538,0.001,0.221,0.290,0.261,0.254
Dan Altavilla,Fastball,170,97.3,96.1,2351.2,-0.772,1.242,0.006,0.226,0.516,0.263,0.385
Dan Altavilla,Off-speed,193,90.0,88.9,2607.9, 0.079,0.598,0.005,0.244,0.400,0.333,0.319
Dan Winkler,Off-speed,232,87.7,88.3,2463.4,0.244,0.501,0.004,0.212,0.385,0.229,0.303
Dane Dunning,Fastball,120,91.8,92.4,2193.8,-0.518,1.199,0.008,0.364,0.545,0.467,0.477
Dane Dunning,Off-speed,451,87.0,87.4,2084.2,-0.681,0.177,0.002,0.162,0.267,0.192,0.236
Daniel Bard,Fastball,168,97.1,97.2,2707.5,-0.665,0.921,0.006,0.250,0.375,0.360,0.334
Daniel Bard,Off-speed,236,90.5,90.1,2603.5,-0.339,0.187,0.004,0.226,0.321,0.282,0.309
Daniel Castano,Fastball,185,89.4,89.4,2243.9,0.302,0.945,0.005,0.302,0.434,0.319,0.352
Daniel Castano,Off-speed,289,81.9,81.9,2120.5,0.283,0.614,0.003,0.230,0.377,0.226,0.296
Daniel Hudson,Fastball,287,96.4,96.5,2340.8,-0.817,1.415,0.003,0.170,0.434,0.156,0.354
Daniel Mengden,Fastball,116,90.0,90.6,2218.2,-0.795,1.606,0.009,0.333,0.476,0.333,0.423
Daniel Mengden,Off-speed,115,81.7,82.0,2269.3, 0.056,0.183,0.009,0.250,0.500,0.300,0.358
Daniel Norris,Fastball,233,92.6,91.8,2443.6,0.427, 1.304,0.004,0.288,0.423,0.341,0.343
Daniel Norris,Off-speed,257,86.6,85.6,2003.9,0.444,-0.030,0.004,0.179,0.304,0.243,0.224
Daniel Ponce de Leon,Fastball,395,93.1,92.9,2354.5,-0.775, 1.551,0.003,0.205,0.538,0.229,0.373
Daniel Ponce de Leon,Off-speed,251,82.0,81.6,2505.4, 0.304,-0.478,0.004,0.163,0.233,0.212,0.280
Danny Duffy,Fastball,372,92.2,93.3,2173.3,0.501,1.515,0.003,0.239,0.435,0.266,0.341
Danny Duffy,Off-speed,571,83.5,84.4,2249.4,0.273,0.233,0.002,0.256,0.438,0.302,0.333
Darren O'Day,Fastball,120,86.0,87.0,2315.2,-0.932,0.802,0.008,0.087,0.217,0.083,0.266
Darren O'Day,Off-speed,141,79.8,80.6,2247.1, 0.270,0.067,0.007,0.167,0.194,0.250,0.230
Darwinzon Hernandez,Fastball,128,94.3,95.3,2338.3,0.201,1.004,0.008,0.143,0.143,0.231,0.282
David Hale,Fastball,125,92.8,93.4,2279.1,-0.594,1.096,0.008,0.333,0.515,0.385,0.386
David Hale,Off-speed,157,83.9,84.5,1902.4,-0.620,0.501,0.006,0.316,0.500,0.379,0.370
David Peterson,Fastball,304,92.1,93.6,2097.5,0.952,1.164,0.003,0.164,0.262,0.180,0.283
David Peterson,Off-speed,508,84.4,85.5,2081.3,0.498,0.345,0.002,0.222,0.376,0.265,0.316
David Phelps,Off-speed,277,88.4,87.3,2438.8,-0.154,0.345,0.004,0.262,0.557,0.303,0.375
Dean Kremer,Fastball,137,92.8,92.5,2321.3,-0.770, 1.529,0.007,0.222,0.370,0.333,0.300
Dean Kremer,Off-speed,209,83.0,82.6,2379.5, 0.220,-0.074,0.005,0.214,0.405,0.300,0.330
Deivi Garcia,Fastball,317,91.9,92.4,2177.8,-0.695, 1.547,0.003,0.238,0.405,0.270,0.317
Deivi Garcia,Off-speed,215,79.2,79.3,2301.2,-0.162,-0.138,0.005,0.278,0.444,0.324,0.314
Dellin Betances,Fastball,118,93.6,94.2,2193.7,-0.281, 0.958,0.008,0.278,0.333,0.294,0.436
Dellin Betances,Off-speed,123,83.3,83.3,2510.1, 0.869,-0.140,0.008,0.259,0.259,0.412,0.325
Dennis Santana,Off-speed,272,88.3,87.4,2489.4,-0.545,0.243,0.004,0.234,0.453,0.262,0.350
Derek Holland,Off-speed,696,86.5,86.3,2332.5,0.745,0.783,0.001,0.262,0.544,0.291,0.393
Devin Smeltzer,Off-speed,179,78.5,78.2,2094.9,0.258,0.054,0.006,0.318,0.455,0.382,0.344
Devin Williams,Fastball,180,96.4,97.9,2382.6,-0.849, 1.388,0.006,0.200,0.360,0.333,0.340
Devin Williams,Off-speed,251,84.7,85.3,2813.3,-1.380,-0.096,0.004,0.047,0.078,0.125,0.099
Diego Castillo,Off-speed,316,89.6,88.4,2133.8,-0.289,0.321,0.003,0.158,0.316,0.176,0.278
Dillon Tate,Off-speed,220,88.9,88.8,2040.3,-0.784,0.474,0.005,0.195,0.293,0.212,0.283
Dinelson Lamet,Fastball,390,97.0,96.6,2494.8,-0.519,1.424,0.003,0.286,0.462,0.343,0.356
Dinelson Lamet,Off-speed,656,88.1,87.4,2590.0, 0.153,0.365,0.002,0.086,0.139,0.139,0.165
Dominic Leone,Off-speed,151,88.6,89.4,2429.2,0.183,0.302,0.007,0.312,0.562,0.500,0.404
Dovydas Neverauskas,Fastball,168,94.7,95.4,2269.4,-0.639, 1.530,0.006,0.441,0.941,0.423,0.608
Dovydas Neverauskas,Off-speed,190,84.8,85.8,2714.6, 0.453,-0.434,0.005,0.205,0.273,0.333,0.240
Drew Pomeranz,Fastball,257,94.6,93.2,2474.5,0.341,1.546,0.004,0.114,0.182,0.174,0.228
Drew Rasmussen,Fastball,206,97.6,98.0,2454.0,-0.535,1.487,0.005,0.273,0.545,0.360,0.398
Drew Smyly,Fastball,220,93.8,93.0,2248.8,0.474,1.523,0.005,0.237,0.263,0.300,0.278
Drew Smyly,Off-speed,262,83.0,82.5,2200.1,0.174,0.088,0.004,0.175,0.317,0.321,0.234
Duane Underwood Jr.,Fastball,144,94.5,94.5,2148.3,-0.651, 1.228,0.007,0.378,0.730,0.417,0.487
Duane Underwood Jr.,Off-speed,191,85.1,85.5,1933.0,-0.381,-0.023,0.005,0.262,0.452,0.417,0.341
Dustin May,Off-speed,818,94.8,95.1,2543.6,-0.797,0.461,0.001,0.228,0.376,0.245,0.299
Dylan Bundy,Fastball,342,90.0,89.2,2421.9,-0.411,1.583,0.003,0.241,0.446,0.279,0.341
Dylan Bundy,Off-speed,676,80.9,80.2,2200.8,-0.231,0.167,0.001,0.191,0.290,0.271,0.252
Dylan Cease,Fastball,519,97.5,97.1,2521.4,-0.365, 1.316,0.002,0.254,0.500,0.253,0.404
Dylan Cease,Off-speed,566,83.4,83.1,2532.4, 0.322,-0.174,0.002,0.209,0.451,0.222,0.336
Dylan Covey,Off-speed,170,86.6,86.2,1926.3,-0.184,0.277,0.006,0.304,0.478,0.343,0.340
Dylan Floro,Off-speed,356,90.0,90.0,2126.3,-0.896,0.633,0.003,0.239,0.318,0.282,0.252
Edwin Diaz,Fastball,294,97.8,99.1,2355.1,-1.199,1.098,0.003,0.231,0.385,0.435,0.329
Edwin Diaz,Off-speed,189,89.8,91.2,2311.5, 0.048,0.408,0.005,0.143,0.167,0.316,0.235
Elieser Hernandez,Fastball,267,91.3,91.8,2264.9,-0.610,1.491,0.004,0.274,0.484,0.341,0.365
Elieser Hernandez,Off-speed,186,79.7,80.1,2212.6, 0.699,0.875,0.005,0.108,0.297,0.105,0.217
Emilio Pagan,Fastball,228,94.5,95.0,2441.3,-0.459,1.467,0.004,0.245,0.509,0.250,0.365
Emilio Pagan,Off-speed,138,86.4,87.1,2248.8, 0.198,0.281,0.007,0.042,0.083,0.067,0.078
Enoli Paredes,Fastball,247,95.7,95.6,2395.7,-0.263,1.370,0.004,0.269,0.365,0.325,0.361
Enoli Paredes,Off-speed,115,85.2,85.1,2843.8, 0.681,0.125,0.009,0.167,0.250,0.250,0.192
Erasmo Ramirez,Off-speed,188,88.1,88.6,2178.2,-0.611,0.657,0.005,0.159,0.182,0.200,0.195
Eric Lauer,Fastball,130,91.5,90.8,2206.3, 0.856,1.376,0.008,0.474,0.526,0.529,0.455
Eric Lauer,Off-speed,114,83.5,82.9,2228.6,-0.091,0.260,0.009,0.276,0.621,0.333,0.487
Eric Yardley,Off-speed,410,82.7,82.4,2308.4,-0.468,-0.043,0.002,0.224,0.353,0.262,0.305
Erick Fedde,Off-speed,751,88.9,89.3,1936.6,-0.278,0.453,0.001,0.240,0.425,0.237,0.336
Erik Swanson,Fastball,111,95.6,96.6,2273.8,-0.754,1.505,0.009,0.333,0.714,0.357,0.517
Evan Marshall,Off-speed,306,86.1,85.2,2158.7,-0.547,-0.082,0.003,0.143,0.214,0.209,0.198
Evan Phillips,Fastball,188,94.5,94.4,2247.0,-0.691,1.397,0.005,0.265,0.353,0.364,0.383
Felix Pena,Off-speed,430,89.5,88.9,2223.6,-0.984,0.638,0.002,0.245,0.324,0.329,0.280
Framber Valdez,Off-speed,1028,88.4,87.7,2450.0,0.317,-0.103,0.001,0.241,0.345,0.315,0.296
Frankie Montas,Fastball,219,95.9,95.2,2384.1,-0.630,1.488,0.005,0.170,0.319,0.273,0.249
Frankie Montas,Off-speed,695,90.9,90.5,2256.1,-0.658,0.664,0.001,0.301,0.509,0.342,0.387
Franklyn Kilome,Off-speed,213,88.8,89.4,2190.2,-0.417,0.491,0.005,0.289,0.667,0.296,0.469
Freddy Peralta,Fastball,364,93.0,94.8,2416.1,-0.471, 1.358,0.003,0.203,0.275,0.325,0.250
Freddy Peralta,Off-speed,189,78.4,79.4,2350.1, 1.105,-0.254,0.005,0.205,0.410,0.350,0.381
Garrett Richards,Fastball,365,95.1,95.0,2626.3,0.024, 0.885,0.003,0.276,0.379,0.284,0.316
Garrett Richards,Off-speed,423,88.3,88.0,2899.5,0.165,-0.257,0.002,0.217,0.443,0.283,0.334
Genesis Cabrera,Fastball,200,96.1,95.4,2282.4,0.670, 1.522,0.005,0.154,0.308,0.190,0.363
Genesis Cabrera,Off-speed,197,85.1,84.4,2277.5,0.110,-0.167,0.005,0.108,0.243,0.150,0.252
Geoff Hartlieb,Off-speed,398,88.5,88.6,2295.4,-0.232,0.188,0.003,0.200,0.280,0.255,0.333
German Marquez,Fastball,464,95.9,94.5,2156.1,-0.568,1.130,0.002,0.337,0.510,0.355,0.409
German Marquez,Off-speed,762,88.4,87.3,2420.0,-0.218,0.227,0.001,0.207,0.312,0.273,0.241
Gerrit Cole,Fastball,635,96.7,97.0,2505.1,-1.015, 1.491,0.002,0.226,0.466,0.235,0.324
Gerrit Cole,Off-speed,568,86.7,87.1,2563.5, 0.353,-0.086,0.002,0.164,0.336,0.259,0.255
Gio Gonzalez,Fastball,203,90.0,90.3,2206.0,0.633,1.298,0.005,0.410,0.538,0.484,0.498
Gio Gonzalez,Off-speed,415,82.5,82.5,2045.4,0.493,0.080,0.002,0.261,0.446,0.311,0.344
Giovanny Gallegos,Fastball,111,93.7,92.6,2385.0,-0.826,1.446,0.009,0.280,0.440,0.333,0.341
Giovanny Gallegos,Off-speed,118,85.4,84.6,2401.6, 0.166,0.031,0.008,0.071,0.071,0.154,0.105
Grant Dayton,Fastball,294,90.6,90.7,2222.6, 0.691, 1.500,0.003,0.175,0.397,0.189,0.305
Grant Dayton,Off-speed,196,77.0,77.0,2426.7,-0.393,-0.868,0.005,0.275,0.325,0.355,0.287
Greg Holland,Fastball,167,92.9,92.7,2313.0,-0.037, 1.402,0.006,0.138,0.310,0.130,0.308
Greg Holland,Off-speed,280,84.5,84.5,2207.8, 0.395,-0.047,0.004,0.225,0.310,0.348,0.261
Gregory Soto,Off-speed,376,95.2,96.0,2418.2,0.871,0.783,0.003,0.183,0.280,0.255,0.288
Griffin Canning,Fastball,393,92.8,91.9,2358.6,-0.711,1.498,0.003,0.305,0.585,0.317,0.406
Griffin Canning,Off-speed,572,87.5,86.6,2304.1,-0.312,0.321,0.002,0.227,0.352,0.299,0.294
Hansel Robles,Fastball,144,95.4,95.2,2320.4,-1.001,1.338,0.007,0.355,0.742,0.400,0.506
Hansel Robles,Off-speed,173,89.1,89.1,1769.8,-0.994,0.538,0.006,0.222,0.361,0.292,0.315
Heath Hembree,Fastball,210,93.9,94.5,2500.9,-0.871,1.420,0.005,0.325,0.900,0.333,0.556
Heath Hembree,Off-speed,153,86.1,86.9,2728.3, 0.431,0.261,0.007,0.333,0.615,0.333,0.442
Hector Neris,Fastball,170,93.8,93.4,2352.5,-0.841,1.315,0.006,0.286,0.286,0.370,0.327
Hector Neris,Off-speed,229,87.0,86.9,1343.8,-0.750,0.117,0.004,0.255,0.327,0.389,0.283
Hector Rondon,Fastball,192,95.7,95.7,2044.6,-0.676,1.270,0.005,0.311,0.844,0.267,0.512
Hector Rondon,Off-speed,198,87.6,87.9,2187.9,-0.008,0.208,0.005,0.282,0.385,0.423,0.335
Hoby Milner,Off-speed,247,83.2,83.2,1907.6,0.135,0.266,0.004,0.250,0.558,0.235,0.399
Huascar Ynoa,Fastball,174,94.8,94.1,2060.6,-0.781,1.310,0.006,0.342,0.500,0.333,0.435
Huascar Ynoa,Off-speed,221,86.1,85.4,2249.4,-0.130,0.066,0.005,0.222,0.356,0.300,0.302
Humberto Castellanos,Off-speed,142,83.4,83.1,1923.0,-0.401,0.192,0.007,0.312,0.500,0.360,0.436
Humberto Mejia,Fastball,107,92.8,92.2,2230.6,-0.583,1.503,0.009,0.240,0.640,0.200,0.408
Hunter Harvey,Fastball,110,97.3,96.2,2098.1,-0.711,1.462,0.009,0.217,0.478,0.176,0.302
Hyun Jin Ryu,Fastball,273,89.8,90.1,1996.1,0.798,1.130,0.004,0.340,0.560,0.400,0.413
Hyun Jin Ryu,Off-speed,859,81.6,82.1,1904.5,0.356,0.296,0.001,0.210,0.302,0.282,0.256
Ian Anderson,Fastball,268,94.1,95.8,2063.2,-0.385,1.537,0.004,0.212,0.288,0.278,0.292
Ian Anderson,Off-speed,303,84.7,86.2,1900.8,-0.462,0.432,0.003,0.143,0.186,0.227,0.212
Ian Gibaut,Fastball,131,95.2,93.4,2052.6,-0.479,1.345,0.008,0.258,0.484,0.300,0.388
Ian Gibaut,Off-speed,110,86.2,84.2,2133.9,-0.044,0.461,0.009,0.188,0.312,0.273,0.327
Ian Kennedy,Fastball,130,93.6,94.1,2466.2,-0.828,1.318,0.008,0.300,0.633,0.316,0.419
Ian Kennedy,Off-speed,131,87.4,88.0,2236.9, 0.008,0.411,0.008,0.344,0.750,0.333,0.509
Ivan Nova,Off-speed,246,87.4,87.0,2149.0,-0.830,0.280,0.004,0.250,0.412,0.246,0.325
J.A. Happ,Fastball,349,91.6,91.2,2371.5,0.647,1.474,0.003,0.210,0.452,0.225,0.354
J.A. Happ,Off-speed,438,86.7,86.4,2098.6,0.670,0.617,0.002,0.209,0.348,0.227,0.260
J.B. Wendelken,Fastball,203,94.6,94.5,2442.4,-0.267, 1.219,0.005,0.178,0.200,0.276,0.246
J.B. Wendelken,Off-speed,224,86.5,85.2,2339.9,-0.033,-0.039,0.004,0.188,0.354,0.219,0.255
Jace Fry,Off-speed,309,85.6,84.2,2266.9,0.256,0.067,0.003,0.200,0.338,0.282,0.283
Jack Flaherty,Fastball,318,94.0,94.8,2198.9,-0.484,1.255,0.003,0.238,0.397,0.308,0.352
Jack Flaherty,Off-speed,401,84.3,84.9,2281.7, 0.296,0.046,0.002,0.209,0.349,0.268,0.289
Jacob Barnes,Fastball,144,95.2,95.6,2376.5,-0.274,1.544,0.007,0.174,0.217,0.235,0.307
Jacob Barnes,Off-speed,165,89.5,90.2,2322.6, 0.359,0.595,0.006,0.326,0.478,0.483,0.350
Jacob deGrom,Fastball,510,98.6,99.8,2477.0,-0.577,1.393,0.002,0.186,0.320,0.300,0.248
Jacob deGrom,Off-speed,625,91.8,93.2,2283.5,-0.120,0.348,0.002,0.192,0.325,0.278,0.253
Jacob Waguespack,Fastball,174,92.5,93.4,1989.7,-0.166,1.457,0.006,0.206,0.324,0.250,0.317
Jacob Waguespack,Off-speed,223,84.3,85.1,1768.5,-0.222,0.611,0.004,0.455,0.591,0.514,0.486
Jaime Barria,Fastball,161,92.1,91.7,2301.9,-0.485,1.303,0.006,0.258,0.548,0.250,0.400
Jaime Barria,Off-speed,350,85.4,85.0,2112.5,-0.125,0.579,0.003,0.211,0.356,0.261,0.263
Jairo Diaz,Off-speed,284,89.7,89.6,2236.8,-0.418,0.269,0.004,0.344,0.578,0.396,0.445
Jake Arrieta,Off-speed,726,89.7,88.1,2092.5,-0.793,0.438,0.001,0.298,0.456,0.333,0.361
Jake Diekman,Fastball,197,95.1,94.1,2253.7, 1.103,1.102,0.005,0.053,0.132,0.053,0.196
Jake Diekman,Off-speed,157,83.6,83.5,2703.8,-0.938,0.096,0.006,0.188,0.188,0.316,0.232
Jake McGee,Fastball,320,94.9,94.7,2272.9,0.938,1.278,0.003,0.194,0.361,0.300,0.250
Jake Newberry,Fastball,175,93.4,92.8,2403.3,-0.211, 1.334,0.006,0.333,0.481,0.381,0.446
Jake Newberry,Off-speed,212,83.5,83.2,2551.8, 0.351,-0.045,0.005,0.216,0.373,0.281,0.309
Jake Odorizzi,Fastball,117,93.0,92.7,2237.8,-0.917,1.295,0.009,0.278,0.333,0.417,0.329
Jake Odorizzi,Off-speed,166,84.5,84.6,1768.2,-0.086,0.322,0.006,0.306,0.694,0.259,0.454
Jake Woodford,Fastball,156,92.7,93.2,2265.6,-0.438, 1.169,0.006,0.316,0.711,0.241,0.448
Jake Woodford,Off-speed,204,82.6,82.7,2388.2, 0.336,-0.453,0.005,0.195,0.366,0.214,0.263
Jakob Junis,Fastball,137,91.1,91.2,2097.0,-0.363,1.169,0.007,0.275,0.575,0.219,0.405
Jakob Junis,Off-speed,257,82.8,82.4,2313.9, 0.681,0.008,0.004,0.369,0.585,0.438,0.434
Jalen Beeks,Fastball,137,93.0,93.4,2035.2,0.555,1.487,0.007,0.310,0.379,0.562,0.327
Jalen Beeks,Off-speed,186,87.6,87.8,1984.0,0.954,0.686,0.005,0.255,0.383,0.333,0.294
James Hoyt,Off-speed,202,82.0,81.6,2635.0,-0.097,0.215,0.005,0.184,0.327,0.276,0.271
James Karinchak,Fastball,235,95.5,95.1,2395.8,-0.420, 1.709,0.004,0.184,0.342,0.286,0.241
James Karinchak,Off-speed,233,83.2,82.9,2357.0,-0.201,-0.617,0.004,0.140,0.140,0.412,0.230
James Paxton,Fastball,202,92.1,92.1,2225.6,1.176,1.178,0.005,0.312,0.625,0.353,0.442
James Paxton,Off-speed,154,82.3,82.6,2117.3,0.221,0.058,0.006,0.242,0.394,0.389,0.302
James Pazos,Off-speed,131,88.5,89.4,2062.3,0.426,0.549,0.008,0.435,0.957,0.350,0.590
Jared Hughes,Off-speed,380,87.2,87.5,1950.2,-0.517,0.089,0.003,0.253,0.391,0.308,0.344
Jarlin Garcia,Fastball,138,93.7,93.9,2186.9,1.280,0.973,0.007,0.111,0.148,0.130,0.234
Jarlin Garcia,Off-speed,146,84.4,84.7,2265.2,0.153,0.234,0.007,0.242,0.273,0.308,0.270
Jason Adam,Fastball,139,94.8,95.5,2727.6,-0.614, 1.282,0.007,0.250,0.625,0.286,0.442
Jason Adam,Off-speed,121,84.1,84.4,2550.6, 0.085,-0.479,0.008,0.115,0.154,0.231,0.139
Javy Guerra,Fastball,193,91.8,91.5,2202.1,-0.241,1.651,0.005,0.238,0.381,0.267,0.330
Javy Guerra,Off-speed,328,91.9,91.8,2200.2,-0.551,0.548,0.003,0.420,0.531,0.500,0.439
Jeff Hoffman,Fastball,218,94.4,95.2,2425.2,-0.827, 1.267,0.005,0.356,0.627,0.360,0.449
Jeff Hoffman,Off-speed,181,82.3,82.9,1859.1,-0.275,-0.222,0.006,0.344,0.469,0.550,0.403
Jeff Samardzija,Off-speed,242,85.9,86.4,2501.4,-0.662,0.820,0.004,0.254,0.542,0.208,0.391
Jeffrey Springs,Off-speed,405,86.9,87.2,2011.3,0.536,0.843,0.002,0.333,0.589,0.431,0.422
Jeremy Jeffress,Off-speed,301,87.9,88.6,1918.1,-0.614,0.236,0.003,0.131,0.197,0.156,0.227
Jesse Chavez,Off-speed,283,88.8,88.3,2208.8,-0.682,0.747,0.004,0.311,0.607,0.304,0.421
Jesse Hahn,Off-speed,288,88.0,88.0,2645.9,-0.191,0.037,0.003,0.071,0.089,0.108,0.159
Jesus Luzardo,Fastball,307,95.5,93.9,2439.0,1.212,1.108,0.003,0.215,0.508,0.205,0.361
Jesus Luzardo,Off-speed,633,88.7,87.3,2267.3,0.938,0.347,0.002,0.273,0.398,0.348,0.324
Jesus Tinoco,Off-speed,136,90.8,90.3,2230.2,-0.804,0.471,0.007,0.120,0.120,0.158,0.234
Jeurys Familia,Off-speed,390,93.4,92.7,2123.9,-0.943,0.452,0.003,0.221,0.372,0.262,0.345
Jimmy Cordero,Off-speed,385,93.5,94.9,2050.5,-0.893,0.598,0.003,0.293,0.414,0.346,0.350
Jimmy Herget,Fastball,151,93.5,88.0,2344.9,-1.238,0.880,0.007,0.136,0.318,0.111,0.338
Jimmy Herget,Off-speed,199,83.5,79.7,2506.8, 0.081,0.191,0.005,0.213,0.340,0.273,0.312
Joakim Soria,Fastball,247,92.4,92.9,2280.7,-0.489, 1.436,0.004,0.268,0.390,0.303,0.317
Joakim Soria,Off-speed,130,79.2,79.5,2405.2, 0.665,-0.370,0.008,0.167,0.190,0.250,0.178
Joe Jimenez,Fastball,242,94.2,94.5,2465.0,-0.908,1.364,0.004,0.280,0.500,0.275,0.430
Joe Jimenez,Off-speed,147,84.9,85.5,2231.1, 0.127,0.154,0.007,0.289,0.684,0.333,0.441
Joe Kelly,Off-speed,147,89.7,89.3,2825.0,0.269,-0.431,0.007,0.267,0.367,0.364,0.304
Joe Musgrove,Fastball,182,92.6,92.2,2450.9,-0.469, 1.052,0.005,0.324,0.676,0.310,0.448
Joe Musgrove,Off-speed,491,84.7,84.3,2522.0, 0.321,-0.156,0.002,0.193,0.312,0.322,0.278
Joely Rodriguez,Off-speed,168,92.2,92.0,1648.7,1.224,0.313,0.006,0.143,0.200,0.238,0.178
Joey Gerber,Off-speed,169,88.8,89.1,2171.2,-0.414,0.924,0.006,0.216,0.351,0.219,0.308
Joey Lucchesi,Off-speed,123,85.6,86.3,2109.1,0.544,0.533,0.008,0.464,0.536,0.542,0.473
Johan Oviedo,Fastball,249,94.8,96.6,2276.9,-0.297, 0.916,0.004,0.259,0.500,0.265,0.410
Johan Oviedo,Off-speed,195,83.2,84.7,2430.9, 0.514,-0.067,0.005,0.250,0.333,0.286,0.327
John Curtiss,Fastball,214,94.0,94.5,2308.8,-0.487,1.420,0.005,0.250,0.423,0.282,0.291
John Curtiss,Off-speed,170,85.3,85.7,2564.9, 0.419,0.168,0.006,0.190,0.262,0.250,0.281
John Gant,Off-speed,208,86.8,86.8,2253.0,-0.713,0.466,0.005,0.174,0.196,0.258,0.215
John King,Off-speed,179,88.1,87.6,2050.9,0.991,0.126,0.006,0.295,0.477,0.324,0.407
John Means,Fastball,390,93.8,93.4,2458.5,0.540,1.613,0.003,0.155,0.366,0.158,0.297
John Means,Off-speed,355,83.7,83.2,2408.2,0.204,0.634,0.003,0.269,0.516,0.247,0.353
John Schreiber,Fastball,136,89.8,90.5,2141.5,-0.210,0.512,0.007,0.344,0.594,0.417,0.400
John Schreiber,Off-speed,145,80.3,80.8,2192.5, 0.523,0.088,0.007,0.250,0.375,0.280,0.329
Johnny Cueto,Fastball,369,91.4,90.6,2222.4,-0.869,1.230,0.003,0.353,0.647,0.380,0.488
Johnny Cueto,Off-speed,776,83.6,83.1,1890.4,-0.508,0.381,0.001,0.209,0.339,0.250,0.277
JoJo Romero,Off-speed,127,88.9,87.5,2196.9,0.620,0.406,0.008,0.342,0.500,0.429,0.425
Jon Gray,Fastball,318,94.0,94.7,2148.1,-0.935,0.928,0.003,0.258,0.360,0.289,0.319
Jon Gray,Off-speed,340,85.1,85.7,2192.1, 0.024,0.372,0.003,0.310,0.634,0.298,0.419
Jon Lester,Fastball,280,89.4,90.0,2219.9,0.617,1.294,0.004,0.295,0.639,0.250,0.436
Jon Lester,Off-speed,728,84.4,85.0,2251.2,0.256,0.548,0.001,0.254,0.403,0.292,0.320
Jonathan Hernandez,Off-speed,496,93.4,87.5,2301.4,-0.722,0.616,0.002,0.220,0.330,0.282,0.302
Jonathan Holder,Fastball,208,92.1,92.5,2399.2,-0.273,1.395,0.005,0.283,0.565,0.278,0.388
Jonathan Holder,Off-speed,189,85.1,85.5,2218.1,-0.317,0.223,0.005,0.279,0.326,0.324,0.310
Jonathan Loaisiga,Fastball,168,96.9,97.0,2364.1,-0.480,1.361,0.006,0.200,0.333,0.217,0.306
Jonathan Loaisiga,Off-speed,226,90.5,90.6,2284.7,-0.595,0.569,0.004,0.263,0.456,0.333,0.380
Jordan Lyles,Fastball,432,92.3,92.5,2145.0,-0.644, 1.474,0.002,0.330,0.651,0.280,0.463
Jordan Lyles,Off-speed,561,83.1,83.4,2257.8, 0.077,-0.341,0.002,0.248,0.364,0.293,0.285
Jordan Montgomery,Fastball,142,92.6,92.5,2300.8,0.573,1.339,0.007,0.400,0.600,0.500,0.450
Jordan Montgomery,Off-speed,605,86.1,85.7,2091.8,0.631,0.752,0.002,0.238,0.411,0.286,0.312
Jordan Romano,Off-speed,142,89.1,90.8,2225.4,0.292,0.023,0.007,0.219,0.438,0.227,0.306
Jordan Weems,Fastball,138,95.3,95.7,2220.6,-0.617,1.547,0.007,0.296,0.481,0.350,0.409
Jordan Yamamoto,Off-speed,184,81.4,81.2,2681.5,0.615,-0.144,0.005,0.421,0.842,0.480,0.543
Jorge Alcala,Fastball,187,96.9,96.0,2400.3,-0.622,1.425,0.005,0.333,0.455,0.435,0.398
Jorge Alcala,Off-speed,216,88.7,87.8,2413.5, 0.016,0.398,0.005,0.189,0.321,0.235,0.238
Jorge Lopez,Fastball,137,94.0,94.2,1910.1,-0.782,1.218,0.007,0.276,0.655,0.185,0.428
Jorge Lopez,Off-speed,498,87.7,87.8,2029.1,-0.557,0.105,0.002,0.306,0.427,0.362,0.357
Jose Alvarado,Off-speed,194,94.8,95.7,2162.6,0.744,0.664,0.005,0.250,0.472,0.318,0.403
Jose Alvarez,Off-speed,111,86.9,87.2,2202.7,0.945,0.666,0.009,0.300,0.350,0.429,0.339
Jose Berrios,Fastball,286,94.5,94.8,2192.1,-0.904,1.267,0.003,0.380,0.780,0.417,0.532
Jose Berrios,Off-speed,816,87.3,87.6,2067.4,-0.225,0.306,0.001,0.201,0.280,0.264,0.265
Jose Cisnero,Fastball,303,96.3,96.1,2412.0,-0.839,1.222,0.003,0.274,0.403,0.364,0.383
Jose Cisnero,Off-speed,216,88.5,87.6,2273.3,-0.149,0.199,0.005,0.128,0.149,0.200,0.145
Jose De Leon,Off-speed,140,92.0,92.9,2080.2,-0.793,0.946,0.007,0.261,0.391,0.417,0.399
Jose Urena,Off-speed,321,91.0,90.9,2216.3,-0.708,0.527,0.003,0.269,0.474,0.274,0.383
Jose Urquidy,Fastball,234,93.1,92.4,2216.3,-0.620,1.628,0.004,0.216,0.333,0.205,0.272
Jose Urquidy,Off-speed,195,80.9,80.3,2297.9,-0.014,0.102,0.005,0.196,0.321,0.209,0.275
Josh A. Smith,Off-speed,345,84.0,84.0,2604.0,0.405,0.266,0.003,0.353,0.576,0.375,0.421
Josh Fleming,Off-speed,466,87.5,87.7,1838.7,0.974,0.467,0.002,0.231,0.397,0.253,0.303
Josh Hader,Fastball,252,94.5,95.4,2063.5, 0.827, 1.423,0.004,0.179,0.462,0.190,0.358
Josh Hader,Off-speed,120,80.3,80.8,2497.6,-0.622,-0.014,0.008,0.038,0.038,0.100,0.177
Josh James,Fastball,196,96.3,96.4,2307.4,-0.670, 1.306,0.005,0.300,0.600,0.360,0.486
Josh James,Off-speed,144,86.2,86.1,2253.1, 0.067,-0.160,0.007,0.125,0.292,0.143,0.261
Josh Lindblom,Fastball,278,90.1,90.2,2551.0,-0.421,1.409,0.004,0.275,0.490,0.355,0.422
Josh Lindblom,Off-speed,515,80.4,80.5,2196.6, 0.370,0.263,0.002,0.233,0.383,0.305,0.295
Josh Osich,Off-speed,235,86.2,85.9,2228.9,-0.001,0.227,0.004,0.246,0.557,0.273,0.397
Josh Staumont,Fastball,321,98.0,98.6,2386.7,-0.331, 1.542,0.003,0.224,0.241,0.310,0.311
Josh Staumont,Off-speed,151,84.5,84.6,2855.1, 0.542,-0.900,0.007,0.200,0.371,0.417,0.339
Josh Tomlin,Fastball,106,88.3,87.2,2294.1,-0.733,1.456,0.009,0.200,0.480,0.158,0.333
Josh Tomlin,Off-speed,469,82.6,82.0,2583.5, 0.179,0.447,0.002,0.276,0.425,0.333,0.319
JT Brubaker,Fastball,112,93.5,93.0,2255.7,-0.667,1.212,0.009,0.450,0.650,0.529,0.606
JT Brubaker,Off-speed,692,89.0,88.7,2484.6,-0.439,0.341,0.001,0.239,0.399,0.287,0.308
Julian Merryweather,Fastball,133,96.7,96.6,2323.9,-0.592, 1.437,0.008,0.188,0.219,0.261,0.248
Julian Merryweather,Off-speed,100,82.5,83.0,1960.2,-0.201,-0.067,0.010,0.294,0.412,0.455,0.328
Julio Teheran,Fastball,148,89.2,89.4,2329.9,-0.658,1.118,0.007,0.379,1.000,0.312,0.603
Julio Teheran,Off-speed,424,83.6,83.7,2289.8,-0.599,0.329,0.002,0.286,0.541,0.268,0.397
Julio Urias,Fastball,489,94.2,93.3,2477.3, 0.347,1.452,0.002,0.193,0.325,0.212,0.270
Julio Urias,Off-speed,386,82.6,81.8,2516.6,-0.389,0.097,0.003,0.253,0.330,0.310,0.278
Junior Guerra,Fastball,134,93.9,94.1,2494.6,-0.400,1.525,0.007,0.182,0.273,0.211,0.353
Junior Guerra,Off-speed,270,88.0,88.2,2195.8,-0.457,0.611,0.004,0.217,0.317,0.286,0.286
Justin Dunn,Fastball,429,91.2,91.6,2240.1,-0.674,1.426,0.002,0.146,0.293,0.136,0.305
Justin Dunn,Off-speed,372,81.9,82.0,2289.5, 0.644,0.191,0.003,0.232,0.524,0.235,0.364
Justin Topa,Off-speed,118,93.2,92.9,2262.8,-0.632,0.267,0.008,0.241,0.414,0.375,0.283
Justin Wilson,Fastball,199,94.9,94.4,2281.4, 0.524,1.580,0.005,0.162,0.189,0.261,0.229
Justin Wilson,Off-speed,146,90.1,90.1,2392.8,-0.227,0.817,0.007,0.324,0.405,0.407,0.367
Justus Sheffield,Off-speed,874,87.4,86.8,2090.3,0.681,0.297,0.001,0.254,0.307,0.316,0.298
Keegan Akin,Fastball,310,91.9,90.8,2389.3,0.922,1.513,0.003,0.231,0.369,0.317,0.294
Keegan Akin,Off-speed,190,80.0,79.2,2259.6,0.269,0.074,0.005,0.316,0.526,0.423,0.411
Kendall Graveman,Off-speed,301,92.3,92.6,2253.8,-1.006,0.659,0.003,0.217,0.350,0.250,0.297
Kenley Jansen,Off-speed,446,90.4,89.1,2438.2,0.302,1.085,0.002,0.211,0.311,0.309,0.303
Kenta Maeda,Fastball,185,91.6,91.4,2269.4,-0.649,1.276,0.005,0.086,0.114,0.158,0.104
Kenta Maeda,Off-speed,801,84.1,83.8,2120.0,-0.339,0.376,0.001,0.182,0.340,0.215,0.245
Keury Mella,Off-speed,114,89.3,89.8,2311.6,-0.589,0.613,0.009,0.280,0.440,0.400,0.327
Kevin Gausman,Fastball,479,95.1,95.5,2312.5,-0.855,1.334,0.002,0.295,0.482,0.372,0.370
Kevin Gausman,Off-speed,496,84.3,84.6,1843.2,-0.894,0.375,0.002,0.149,0.298,0.206,0.203
Kevin Ginkel,Fastball,203,95.5,96.5,2387.3,-0.859, 1.374,0.005,0.421,0.632,0.536,0.492
Kevin Ginkel,Off-speed,137,84.1,84.5,2216.9, 0.252,-0.068,0.007,0.185,0.407,0.176,0.311
Keynan Middleton,Fastball,124,97.1,97.2,2489.3,-0.710,1.439,0.008,0.267,0.500,0.273,0.353
Kolby Allard,Fastball,307,91.5,91.3,2171.4,0.728,1.363,0.003,0.200,0.380,0.235,0.323
Kolby Allard,Off-speed,351,83.8,83.3,2099.9,0.030,0.413,0.003,0.262,0.400,0.311,0.340
Kris Bubic,Fastball,505,91.4,92.4,2180.1,0.505,1.359,0.002,0.299,0.464,0.403,0.390
Kris Bubic,Off-speed,427,79.2,79.9,2040.0,0.395,0.216,0.002,0.228,0.406,0.241,0.307
Kwang Hyun Kim,Fastball,298,89.9,90.8,2163.2, 0.034,1.290,0.003,0.182,0.303,0.182,0.244
Kwang Hyun Kim,Off-speed,315,79.7,80.6,2054.1,-0.215,0.182,0.003,0.211,0.342,0.250,0.266
Kyle Cody,Fastball,110,94.2,94.1,2157.8,-0.649,1.443,0.009,0.125,0.250,0.105,0.267
Kyle Cody,Off-speed,260,87.0,85.4,2336.3,-0.377,0.285,0.004,0.218,0.291,0.293,0.274
Kyle Finnegan,Off-speed,418,92.7,93.3,1860.3,-0.575,1.045,0.002,0.217,0.293,0.286,0.277
Kyle Freeland,Fastball,232,92.2,93.1,2451.2,0.591,1.166,0.004,0.306,0.444,0.312,0.362
Kyle Freeland,Off-speed,892,85.6,86.4,2119.4,0.345,0.180,0.001,0.274,0.432,0.304,0.345
Kyle Funkhouser,Off-speed,227,90.7,91.5,2215.7,-0.523,0.390,0.004,0.314,0.549,0.333,0.413
Kyle Gibson,Fastball,159,92.4,93.1,2265.3,-0.477,1.350,0.006,0.214,0.357,0.216,0.283
Kyle Gibson,Off-speed,980,86.7,87.4,2158.3,-0.556,0.467,0.001,0.290,0.484,0.338,0.395
Kyle Hart,Off-speed,187,82.8,83.0,2013.7,0.222,0.409,0.005,0.396,0.604,0.472,0.463
Kyle Hendricks,Fastball,233,87.4,87.1,1972.0,-0.473,1.243,0.004,0.196,0.348,0.212,0.266
Kyle Hendricks,Off-speed,929,81.4,80.9,2132.2,-0.544,0.475,0.001,0.248,0.376,0.281,0.280
Kyle McGowin,Off-speed,176,83.7,83.7,2757.7,0.317,0.237,0.006,0.175,0.250,0.261,0.232
Kyle Ryan,Off-speed,221,85.3,86.0,2006.5,0.064,0.301,0.005,0.277,0.574,0.265,0.397
Kyle Wright,Fastball,107,94.7,94.5,2424.9,-0.907,1.145,0.009,0.316,0.526,0.312,0.421
Kyle Wright,Off-speed,534,89.4,89.1,2310.8,-0.502,0.423,0.002,0.232,0.416,0.253,0.334
Kyle Zimmer,Fastball,179,94.1,94.4,2162.3,-0.026, 1.251,0.006,0.161,0.226,0.294,0.294
Kyle Zimmer,Off-speed,194,81.6,81.7,1992.6, 0.175,-0.110,0.005,0.184,0.286,0.243,0.230
Lance Lynn,Fastball,702,94.0,93.9,2492.0,-0.556,1.298,0.001,0.211,0.414,0.253,0.317
Lance Lynn,Off-speed,706,89.2,89.4,2486.1,-0.268,0.422,0.001,0.201,0.358,0.234,0.295
Lance McCullers Jr.,Off-speed,880,88.4,87.9,2290.1,-0.406,-0.042,0.001,0.218,0.401,0.277,0.328
Lewis Thorpe,Fastball,129,89.7,90.6,1957.8, 0.604,1.283,0.008,0.458,0.833,0.450,0.590
Lewis Thorpe,Off-speed,143,80.5,81.6,2004.7,-0.143,0.147,0.007,0.302,0.465,0.333,0.350
Liam Hendriks,Fastball,262,96.0,97.2,2445.1,-0.674, 1.636,0.004,0.200,0.283,0.282,0.223
Liam Hendriks,Off-speed,108,86.1,87.2,2200.4, 0.162,-0.051,0.009,0.074,0.074,0.182,0.066
Ljay Newsome,Fastball,126,91.4,91.2,2078.2,-0.685,1.344,0.008,0.323,0.516,0.391,0.405
Ljay Newsome,Off-speed,129,80.7,80.8,1880.3,-0.291,0.017,0.008,0.286,0.657,0.233,0.401
Logan Allen,Off-speed,101,81.6,81.5,2233.4,-0.267,-0.189,0.010,0.182,0.227,0.250,0.240
Logan Webb,Fastball,336,93.0,91.2,2118.3,-0.736,1.021,0.003,0.329,0.507,0.396,0.438
Logan Webb,Off-speed,662,86.0,79.2,2006.5,-0.589,0.049,0.002,0.266,0.388,0.327,0.342
Lou Trivino,Fastball,116,95.4,95.7,2047.7,-0.689,1.216,0.009,0.182,0.364,0.231,0.344
Lou Trivino,Off-speed,254,90.3,90.5,2177.1,-0.487,0.470,0.004,0.197,0.311,0.244,0.243
Lucas Giolito,Fastball,614,94.0,94.8,2349.0,-0.589,1.543,0.002,0.201,0.306,0.271,0.272
Lucas Giolito,Off-speed,600,82.0,82.8,1638.7,-0.405,0.786,0.002,0.165,0.314,0.235,0.259
Lucas Sims,Fastball,223,93.9,93.1,2770.9,-0.607, 1.514,0.004,0.184,0.429,0.182,0.358
Lucas Sims,Off-speed,241,82.2,81.2,3043.6, 1.131,-0.251,0.004,0.100,0.125,0.211,0.180
Luis Avilan,Off-speed,154,85.6,85.1,2192.1,1.134,0.500,0.006,0.273,0.485,0.318,0.375
Luis Castillo,Fastball,312,97.4,95.9,2188.3,-0.916,1.031,0.003,0.300,0.525,0.478,0.390
Luis Castillo,Off-speed,841,91.1,89.6,2137.7,-1.082,0.162,0.001,0.222,0.338,0.309,0.281
Luis Cessa,Off-speed,299,85.9,85.4,2329.5,-0.160,0.214,0.003,0.234,0.364,0.283,0.284
Luis Garcia,Fastball,145,94.6,94.4,2255.6,-0.580,1.408,0.007,0.231,0.538,0.217,0.414
Luis Garcia,Off-speed,242,87.0,86.6,2033.8,-0.321,0.299,0.004,0.212,0.308,0.294,0.272
Luis Patino,Fastball,226,96.7,97.6,2467.8,-0.139,1.421,0.004,0.298,0.383,0.394,0.391
Luis Patino,Off-speed,123,86.8,87.6,2262.7,-0.034,0.486,0.008,0.174,0.435,0.154,0.310
Luis Perdomo,Off-speed,270,90.0,89.7,2025.0,-0.788,0.353,0.004,0.197,0.410,0.214,0.320
Luke Jackson,Fastball,174,94.4,95.1,2249.3,-0.662, 1.550,0.006,0.324,0.514,0.303,0.424
Luke Jackson,Off-speed,314,85.5,86.2,2462.4, 0.295,-0.615,0.003,0.355,0.408,0.435,0.365
Luke Weaver,Fastball,523,94.0,93.4,2467.4,-0.617,1.530,0.002,0.319,0.593,0.380,0.414
Luke Weaver,Off-speed,445,84.8,84.5,1935.3,-0.569,0.653,0.002,0.267,0.455,0.324,0.346
Madison Bumgarner,Fastball,276,88.4,88.4,2394.7, 0.514,1.447,0.004,0.274,0.548,0.250,0.423
Madison Bumgarner,Off-speed,434,81.1,80.2,2479.4,-0.525,0.345,0.002,0.278,0.593,0.275,0.411
Marco Gonzales,Off-speed,1057,84.2,84.7,2172.0,0.494,0.788,0.001,0.222,0.361,0.263,0.280
Marcus Walden,Off-speed,248,89.4,90.4,2153.6,0.055,0.367,0.004,0.392,0.765,0.421,0.515
Mark Melancon,Off-speed,314,87.6,87.4,2450.7,0.188,-0.002,0.003,0.247,0.296,0.279,0.284
Martin Perez,Fastball,156,92.2,91.6,2048.7,0.895,1.255,0.006,0.233,0.533,0.227,0.399
Martin Perez,Off-speed,877,86.7,86.2,2025.4,0.631,0.695,0.001,0.241,0.397,0.273,0.329
Masahiro Tanaka,Fastball,185,92.3,92.0,2235.1,-0.785,1.403,0.005,0.351,0.649,0.370,0.482
Masahiro Tanaka,Off-speed,584,85.1,84.6,2045.2,-0.312,0.418,0.002,0.233,0.407,0.269,0.297
Matt Andriese,Fastball,184,91.9,91.4,2320.1,-0.676, 1.389,0.005,0.175,0.375,0.214,0.265
Matt Andriese,Off-speed,316,85.3,84.9,2295.4,-0.248,-0.046,0.003,0.192,0.356,0.213,0.295
Matt Barnes,Fastball,246,95.6,96.0,2314.6,-0.911, 1.411,0.004,0.224,0.367,0.290,0.355
Matt Barnes,Off-speed,209,84.9,85.1,2173.8, 0.205,-0.767,0.005,0.200,0.371,0.263,0.295
Matt Foster,Fastball,249,93.8,93.2,2321.9,-0.646,1.508,0.004,0.161,0.286,0.212,0.234
Matt Foster,Off-speed,187,84.2,83.8,1871.0,-0.574,0.941,0.005,0.163,0.256,0.212,0.224
Matt Hall,Off-speed,118,79.4,78.8,2481.6,-0.501,-0.564,0.008,0.375,0.583,0.421,0.478
Matt Harvey,Fastball,131,94.0,93.8,2139.2,-1.027,1.047,0.008,0.469,0.656,0.538,0.502
Matt Harvey,Off-speed,116,84.8,84.8,2176.4, 0.009,0.085,0.009,0.429,1.000,0.389,0.619
Matt Magill,Off-speed,119,84.4,85.3,2551.4,0.303,0.134,0.008,0.226,0.516,0.235,0.361
Matt Shoemaker,Off-speed,363,85.9,86.1,1753.4,-0.605,0.464,0.003,0.222,0.522,0.200,0.352
Matt Strahm,Off-speed,218,87.2,86.6,2386.7,0.578,0.428,0.005,0.157,0.314,0.158,0.304
Matt Wisler,Off-speed,378,81.3,80.8,2549.2,0.922,-0.110,0.003,0.143,0.221,0.222,0.224
Matthew Boyd,Fastball,546,91.7,91.5,2305.1,0.934, 1.179,0.002,0.322,0.643,0.322,0.443
Matthew Boyd,Off-speed,540,79.0,78.8,2204.0,0.235,-0.077,0.002,0.240,0.472,0.299,0.362
Max Fried,Fastball,376,93.1,93.6,2120.2, 0.114, 0.940,0.003,0.198,0.309,0.234,0.301
Max Fried,Off-speed,523,81.7,81.5,2431.5,-0.478,-0.389,0.002,0.220,0.347,0.294,0.285
Max Scherzer,Fastball,558,94.7,94.5,2471.6,-0.876,1.303,0.002,0.264,0.509,0.319,0.373
Max Scherzer,Off-speed,655,84.9,85.0,2205.2,-0.047,0.156,0.002,0.258,0.365,0.380,0.294
Merrill Kelly,Fastball,117,92.1,92.2,2436.3,-0.505,1.346,0.009,0.250,0.500,0.267,0.387
Merrill Kelly,Off-speed,356,87.5,87.4,2355.6,-0.367,0.317,0.003,0.214,0.378,0.246,0.269
Michael Fulmer,Fastball,146,93.2,93.9,2169.5,-0.443,1.310,0.007,0.379,0.793,0.318,0.522
Michael Fulmer,Off-speed,382,89.4,89.9,2113.8,-0.565,0.594,0.003,0.374,0.560,0.417,0.433
Michael King,Off-speed,441,89.1,88.9,2233.5,-0.996,0.508,0.002,0.279,0.471,0.325,0.374
Michael Lorenzen,Fastball,201,96.8,96.0,2528.4,-0.903,1.371,0.005,0.077,0.077,0.125,0.211
Michael Lorenzen,Off-speed,407,88.4,87.8,2413.9,-0.281,0.406,0.002,0.314,0.500,0.375,0.379
Michael Pineda,Fastball,228,92.1,92.2,1941.8,-0.599,1.225,0.004,0.381,0.524,0.444,0.433
Michael Pineda,Off-speed,227,83.2,82.9,1951.7,-0.282,0.178,0.004,0.153,0.153,0.214,0.145
Michael Wacha,Fastball,259,93.6,94.6,2126.6,-0.657,1.396,0.004,0.400,0.727,0.419,0.532
Michael Wacha,Off-speed,350,87.5,88.6,1797.5,-0.434,0.578,0.003,0.261,0.522,0.328,0.342
Miguel Castro,Off-speed,475,93.5,93.9,2486.9,-0.853,0.429,0.002,0.283,0.465,0.421,0.375
Mike Clevinger,Fastball,259,95.1,96.1,2349.0,-0.587,1.474,0.004,0.236,0.564,0.222,0.353
Mike Clevinger,Off-speed,390,82.6,83.3,2301.1, 0.577,0.002,0.003,0.231,0.330,0.308,0.295
Mike Fiers,Fastball,289,88.0,87.1,2157.9,-0.885,1.404,0.003,0.205,0.361,0.212,0.262
Mike Fiers,Off-speed,627,82.4,81.4,2227.7,-0.323,0.467,0.002,0.316,0.480,0.339,0.396
Mike Kickham,Off-speed,229,83.1,83.3,2419.2,-0.597,0.032,0.004,0.314,0.667,0.367,0.474
Mike Mayers,Fastball,172,94.2,93.4,2372.1,-0.854,1.378,0.006,0.111,0.222,0.150,0.238
Mike Mayers,Off-speed,340,86.8,85.8,2159.6, 0.222,0.268,0.003,0.187,0.267,0.283,0.222
Mike Minor,Fastball,496,90.6,90.0,2586.8,0.099,1.173,0.002,0.230,0.360,0.263,0.309
Mike Minor,Off-speed,483,84.8,83.6,2524.1,0.327,0.366,0.002,0.231,0.462,0.275,0.323
Mike Soroka,Off-speed,143,85.5,84.2,2294.9,-0.590,0.294,0.007,0.184,0.211,0.226,0.270
Mitch Keller,Fastball,214,93.9,93.7,2327.3,-0.592, 1.383,0.005,0.189,0.405,0.172,0.376
Mitch Keller,Off-speed,171,83.2,83.1,2457.4, 0.389,-0.288,0.006,0.067,0.267,0.000,0.244
Mychal Givens,Fastball,269,94.7,95.3,2416.2,-0.781,1.048,0.004,0.177,0.419,0.184,0.320
Mychal Givens,Off-speed,146,83.8,83.8,2294.9,-0.366,0.052,0.007,0.278,0.556,0.308,0.426
Nate Jones,Off-speed,356,92.1,91.6,2401.4,-0.524,0.877,0.003,0.320,0.560,0.388,0.420
Nate Pearson,Fastball,164,96.3,97.3,2305.8,-0.527, 1.509,0.006,0.205,0.385,0.207,0.350
Nate Pearson,Off-speed,160,84.0,84.9,2500.2, 0.378,-0.157,0.006,0.214,0.536,0.167,0.334
Nathan Eovaldi,Fastball,282,97.3,97.8,2121.5,-0.903,1.167,0.004,0.328,0.574,0.447,0.407
Nathan Eovaldi,Off-speed,466,87.3,87.8,2064.7, 0.125,0.099,0.002,0.246,0.429,0.292,0.334
Nick Anderson,Fastball,152,95.2,95.2,2222.1,-0.515,1.579,0.007,0.097,0.194,0.118,0.143
Nick Goody,Fastball,106,91.6,91.4,2195.8,-0.683,1.476,0.009,0.316,0.579,0.462,0.433
Nick Goody,Off-speed,140,81.5,80.9,2328.8, 0.602,0.232,0.007,0.296,0.704,0.278,0.445
Nick Margevicius,Fastball,435,90.0,90.5,2126.4, 0.368,1.508,0.002,0.269,0.529,0.278,0.373
Nick Margevicius,Off-speed,244,79.3,79.8,1803.0,-0.181,0.009,0.004,0.192,0.250,0.286,0.211
Nick Nelson,Fastball,214,96.3,96.3,2091.5,-0.641,1.422,0.005,0.314,0.629,0.296,0.463
Nick Nelson,Off-speed,160,86.2,86.0,2159.1,-0.362,0.036,0.006,0.209,0.279,0.267,0.230
Nick Pivetta,Fastball,143,92.8,93.5,2332.4,-0.662, 1.624,0.007,0.306,0.667,0.333,0.442
Nick Pivetta,Off-speed,147,82.8,83.3,2401.1, 0.416,-0.324,0.007,0.259,0.444,0.316,0.355
Nick Ramirez,Off-speed,158,84.4,83.5,1824.9,0.894,0.690,0.006,0.222,0.472,0.208,0.355
Nick Tropeano,Off-speed,181,80.7,79.6,1946.7,-0.510,0.222,0.006,0.222,0.400,0.321,0.308
Nick Vincent,Fastball,154,89.1,88.9,2336.1,-0.431,1.419,0.006,0.289,0.553,0.375,0.403
Nick Vincent,Off-speed,169,86.6,86.4,2231.0,-0.163,0.990,0.006,0.255,0.489,0.231,0.350
Nick Wittgren,Fastball,228,92.9,93.8,2221.0,-0.820,1.360,0.004,0.130,0.304,0.154,0.263
Nick Wittgren,Off-speed,149,85.9,86.7,2033.9,-0.605,0.128,0.007,0.300,0.525,0.357,0.435
Nik Turley,Fastball,207,94.2,94.7,2535.6, 0.560, 1.311,0.005,0.148,0.259,0.159,0.227
Nik Turley,Off-speed,166,76.6,76.0,2814.7,-1.017,-1.310,0.006,0.238,0.381,0.385,0.425
Noe Ramirez,Fastball,121,88.7,88.1,2183.5,-0.813, 1.045,0.008,0.071,0.071,0.091,0.120
Noe Ramirez,Off-speed,215,80.2,79.4,2330.0,-0.116,-0.300,0.005,0.289,0.489,0.306,0.386
Oliver Perez,Off-speed,242,83.0,83.1,2143.6,0.333,0.263,0.004,0.200,0.255,0.250,0.278
Pablo Lopez,Fastball,291,93.9,94.8,2124.3,-0.545,1.116,0.003,0.227,0.360,0.333,0.327
Pablo Lopez,Off-speed,612,88.8,89.5,2071.3,-0.924,0.342,0.002,0.236,0.343,0.282,0.269
Patrick Corbin,Fastball,238,90.1,90.1,2145.2,0.711,1.229,0.004,0.415,0.679,0.396,0.484
Patrick Corbin,Off-speed,830,82.9,83.6,2124.8,0.338,0.500,0.001,0.283,0.444,0.352,0.334
Patrick Murphy,Off-speed,102,91.4,91.0,2178.7,-0.339,0.253,0.010,0.273,0.409,0.353,0.310
Patrick Sandoval,Fastball,267,92.8,92.1,2021.3,0.422,1.277,0.004,0.324,0.568,0.317,0.415
Patrick Sandoval,Off-speed,331,83.6,83.0,2162.6,0.068,0.315,0.003,0.178,0.452,0.171,0.290
Paul Fry,Fastball,200,92.8,92.6,2281.5, 0.483, 1.153,0.005,0.340,0.553,0.378,0.421
Paul Fry,Off-speed,176,84.9,84.4,2780.6,-1.195,-0.374,0.006,0.146,0.220,0.263,0.223
Pedro Baez,Fastball,129,94.4,93.7,2226.2,-0.485,1.489,0.008,0.207,0.345,0.227,0.254
Pedro Baez,Off-speed,177,86.9,86.0,1828.5,-0.610,0.847,0.006,0.118,0.235,0.115,0.232
Pete Fairbanks,Fastball,281,97.4,98.4,2431.7,-0.021, 1.412,0.004,0.277,0.340,0.400,0.371
Pete Fairbanks,Off-speed,209,87.5,88.2,2364.6, 0.188,-0.345,0.005,0.189,0.283,0.310,0.254
Phil Maton,Fastball,176,93.5,95.3,2457.5,-0.040, 1.123,0.006,0.295,0.341,0.542,0.344
Phil Maton,Off-speed,203,82.3,83.3,2829.9, 1.050,-0.371,0.005,0.238,0.405,0.310,0.351
Phillips Valdez,Off-speed,509,88.0,86.9,2185.4,-1.341,0.072,0.002,0.282,0.410,0.353,0.369
Pierce Johnson,Off-speed,302,89.9,89.0,2681.5,0.200,0.356,0.003,0.217,0.348,0.317,0.293
Rafael Dolis,Off-speed,411,91.0,90.6,2119.3,-0.770,0.795,0.002,0.195,0.280,0.294,0.289
Rafael Montero,Fastball,138,95.8,95.6,2284.1,-0.718,1.250,0.007,0.200,0.480,0.286,0.343
Rafael Montero,Off-speed,151,91.2,91.2,2174.8,-1.021,0.595,0.007,0.184,0.316,0.214,0.271
Raisel Iglesias,Fastball,138,96.0,95.5,2416.9,-0.764,1.355,0.007,0.219,0.406,0.300,0.296
Raisel Iglesias,Off-speed,223,87.7,87.4,2368.8,-0.138,0.395,0.004,0.180,0.180,0.290,0.194
Ramon Rosso,Fastball,126,93.6,93.2,2527.9,-0.067,1.107,0.008,0.240,0.480,0.333,0.422
Randy Dobnak,Off-speed,714,87.5,86.8,2081.0,-0.744,0.001,0.001,0.276,0.368,0.308,0.322
Reynaldo Lopez,Fastball,255,94.2,94.5,2137.9,-0.596,1.411,0.004,0.327,0.633,0.364,0.476
Reynaldo Lopez,Off-speed,248,82.7,83.1,1923.8,-0.165,0.420,0.004,0.218,0.527,0.179,0.349
Rich Hill,Fastball,274,87.8,87.8,2393.3, 0.811, 1.567,0.004,0.250,0.481,0.263,0.353
Rich Hill,Off-speed,345,73.7,73.0,2775.8,-1.356,-0.821,0.003,0.179,0.202,0.231,0.238
Richard Bleier,Off-speed,217,85.9,86.3,1939.7,0.634,0.353,0.005,0.230,0.311,0.280,0.274
Richard Rodriguez,Fastball,281,92.9,93.6,2542.7,-1.095, 1.331,0.004,0.210,0.371,0.256,0.280
Richard Rodriguez,Off-speed,111,81.5,82.2,2412.7, 0.535,-0.389,0.009,0.100,0.100,0.286,0.209
Rick Porcello,Fastball,103,91.6,91.2,2299.0,-0.645,1.360,0.010,0.211,0.211,0.444,0.212
Rick Porcello,Off-speed,880,86.8,86.4,2175.3,-0.675,0.671,0.001,0.311,0.453,0.369,0.362
Riley Smith,Off-speed,250,89.2,89.1,2216.4,-0.551,0.422,0.004,0.234,0.312,0.311,0.272
Robbie Erlin,Fastball,257,89.3,89.1,2261.5, 0.699, 1.416,0.004,0.274,0.645,0.261,0.397
Robbie Erlin,Off-speed,204,78.7,78.4,2192.0,-0.049,-0.511,0.005,0.320,0.640,0.382,0.462
Robbie Ray,Fastball,503,93.9,93.9,2419.6,0.801,1.419,0.002,0.292,0.689,0.296,0.489
Robbie Ray,Off-speed,561,86.3,85.9,2311.4,0.099,0.428,0.002,0.227,0.340,0.358,0.287
Robert Dugger,Off-speed,122,82.0,81.9,2364.2,0.120,-0.015,0.008,0.423,0.846,0.435,0.554
Robert Gsellman,Off-speed,225,90.4,90.6,2208.7,-0.652,0.826,0.004,0.348,0.630,0.351,0.458
Robert Stephenson,Off-speed,123,83.8,83.8,2763.1,0.200,-0.115,0.008,0.231,0.577,0.250,0.406
Robert Stock,Fastball,162,96.8,96.8,2217.5,-0.926,1.186,0.006,0.361,0.417,0.500,0.406
Rony Garcia,Fastball,248,93.3,92.6,2275.9,-0.793,0.956,0.004,0.317,0.617,0.304,0.432
Rony Garcia,Off-speed,145,86.5,85.9,2088.7,-0.268,0.376,0.007,0.222,0.519,0.200,0.341
Ross Detwiler,Off-speed,225,86.4,85.3,2119.1,0.623,0.380,0.004,0.250,0.304,0.311,0.278
Ross Stripling,Fastball,355,91.7,91.2,2275.2,-0.427, 1.522,0.003,0.333,0.787,0.269,0.506
Ross Stripling,Off-speed,460,82.5,81.9,2318.0,-0.045,-0.269,0.002,0.252,0.390,0.312,0.308
Rowan Wick,Fastball,161,94.9,95.2,2345.5,-0.076, 1.525,0.006,0.275,0.375,0.367,0.320
Rowan Wick,Off-speed,143,80.8,80.7,2612.1, 0.514,-0.852,0.007,0.250,0.429,0.353,0.307
Ryan Borucki,Off-speed,322,90.3,90.4,2200.8,0.732,0.625,0.003,0.200,0.300,0.282,0.286
Ryan Brasier,Fastball,247,96.2,97.1,2252.9,-0.616,1.380,0.004,0.268,0.446,0.333,0.323
Ryan Brasier,Off-speed,177,87.1,88.5,2306.2, 0.167,0.235,0.006,0.214,0.286,0.321,0.285
Ryan Castellani,Fastball,365,92.5,92.7,2348.6,-0.880,1.022,0.003,0.256,0.538,0.230,0.437
Ryan Castellani,Off-speed,392,83.5,83.5,2230.2, 0.007,0.006,0.003,0.218,0.513,0.183,0.366
Ryan Helsley,Off-speed,110,85.4,85.9,2453.2,0.245,-0.127,0.009,0.130,0.391,0.083,0.291
Ryan Pressly,Fastball,131,94.6,94.7,2532.7,-0.017, 1.323,0.008,0.357,0.607,0.409,0.413
Ryan Pressly,Off-speed,222,86.3,86.0,2924.3, 0.668,-0.319,0.005,0.204,0.315,0.345,0.290
Ryan Sherriff,Off-speed,126,88.9,88.6,2082.8,1.029,0.180,0.008,0.188,0.188,0.200,0.198
Ryan Tepera,Off-speed,316,89.5,89.7,2270.6,-0.349,0.649,0.003,0.232,0.362,0.368,0.327
Ryan Thompson,Off-speed,381,84.8,85.2,2004.2,-0.167,0.006,0.003,0.287,0.457,0.311,0.352
Ryan Weber,Off-speed,637,84.5,83.4,2054.4,-0.742,-0.021,0.002,0.272,0.488,0.277,0.372
Ryan Yarbrough,Off-speed,834,81.4,81.7,2068.8,0.462,0.673,0.001,0.256,0.374,0.299,0.326
Ryne Harper,Fastball,153,88.4,89.3,1829.9,0.006, 0.901,0.007,0.486,0.946,0.483,0.642
Ryne Harper,Off-speed,255,73.7,74.1,2242.6,1.025,-0.585,0.004,0.175,0.254,0.244,0.202
Ryne Stanek,Off-speed,106,88.5,88.3,2006.4,-0.267,0.438,0.009,0.304,0.478,0.462,0.380
Sam Coonrod,Off-speed,214,92.8,92.9,2183.1,-0.772,0.433,0.005,0.261,0.435,0.286,0.380
Sam Howard,Fastball,135,92.0,91.1,2431.0, 0.804,1.499,0.007,0.243,0.432,0.280,0.348
Sam Howard,Off-speed,226,84.6,84.2,2467.0,-0.163,0.450,0.004,0.200,0.450,0.273,0.369
Sam Selman,Fastball,146,91.2,91.8,2476.2, 0.236,1.310,0.007,0.304,0.565,0.429,0.454
Sam Selman,Off-speed,215,80.1,80.4,2569.5,-1.046,0.145,0.005,0.128,0.191,0.161,0.215
Sandy Alcantara,Fastball,164,96.9,96.1,2320.0,-0.792,1.277,0.006,0.250,0.350,0.357,0.290
Sandy Alcantara,Off-speed,498,91.3,90.7,2330.9,-0.724,0.392,0.002,0.217,0.357,0.250,0.299
Scott Alexander,Off-speed,198,92.2,91.9,2202.5,0.985,0.406,0.005,0.220,0.366,0.233,0.318
Scott Barlow,Fastball,188,94.9,96.4,2310.9,-0.494, 1.259,0.005,0.324,0.649,0.360,0.438
Scott Barlow,Off-speed,319,81.7,82.8,2421.0, 0.849,-0.406,0.003,0.197,0.263,0.304,0.252
Sean Doolittle,Fastball,104,90.7,91.0,2186.7,0.277,1.599,0.010,0.381,0.714,0.400,0.471
Sean Manaea,Off-speed,812,86.1,87.6,1682.5,0.643,0.523,0.001,0.270,0.427,0.311,0.318
Sean Newcomb,Fastball,162,93.4,93.0,2306.9, 0.361, 1.383,0.006,0.448,0.759,0.478,0.538
Sean Newcomb,Off-speed,138,81.8,81.2,2287.0,-0.127,-0.337,0.007,0.226,0.419,0.208,0.393
Sean Poppen,Off-speed,153,89.0,89.2,1993.0,-0.265,0.168,0.007,0.290,0.387,0.429,0.339
Sergio Romo,Off-speed,321,77.7,73.2,2729.6,0.526,0.553,0.003,0.206,0.368,0.234,0.323
Seth Elledge,Off-speed,231,89.7,89.7,2367.0,-0.610,0.593,0.004,0.262,0.571,0.346,0.427
Seth Lugo,Fastball,197,93.5,93.2,2241.2,-0.669,1.408,0.005,0.275,0.686,0.421,0.434
Seth Lugo,Off-speed,413,86.8,86.3,2460.7,-0.286,0.155,0.002,0.274,0.400,0.324,0.324
Shane Bieber,Fastball,463,94.1,94.7,2353.7,-0.746, 1.525,0.002,0.210,0.310,0.345,0.257
Shane Bieber,Off-speed,775,86.0,86.5,2341.8, 0.195,-0.313,0.001,0.145,0.243,0.225,0.213
Shane Greene,Off-speed,391,87.4,86.7,2222.7,-0.281,0.515,0.003,0.239,0.348,0.282,0.309
Shaun Anderson,Fastball,107,94.4,95.4,2494.7,-0.145,1.282,0.009,0.385,0.615,0.400,0.506
Shaun Anderson,Off-speed,170,88.3,89.2,2612.3, 0.314,0.274,0.006,0.119,0.310,0.125,0.254
Shawn Armstrong,Fastball,102,93.6,94.1,2479.1,-0.374,1.480,0.010,0.095,0.190,0.154,0.241
Shawn Armstrong,Off-speed,135,87.4,87.8,2662.7, 0.679,0.187,0.007,0.219,0.375,0.240,0.256
Shun Yamaguchi,Fastball,205,90.8,90.3,2129.1,-0.908,1.299,0.005,0.324,0.618,0.409,0.473
Shun Yamaguchi,Off-speed,297,83.2,83.4,1609.0,-0.447,0.200,0.003,0.262,0.523,0.277,0.384
Sixto Sanchez,Fastball,133,98.5,98.1,2164.2,-0.860,1.123,0.008,0.217,0.565,0.231,0.373
Sixto Sanchez,Off-speed,426,91.1,90.8,2094.8,-0.789,0.317,0.002,0.256,0.289,0.312,0.281
Sonny Gray,Fastball,250,93.0,93.6,2521.0,-0.170, 1.279,0.004,0.250,0.477,0.290,0.336
Sonny Gray,Off-speed,718,86.1,86.2,2696.5, 0.333,-0.121,0.001,0.190,0.264,0.290,0.271
Spencer Howard,Fastball,248,94.0,94.3,2344.9,-0.825,1.495,0.004,0.280,0.400,0.333,0.345
Spencer Howard,Off-speed,191,81.1,81.6,2043.5,-0.064,0.206,0.005,0.320,0.660,0.324,0.441
Spencer Turnbull,Fastball,434,93.7,94.0,2500.3,-0.180,0.932,0.002,0.198,0.309,0.273,0.313
Spencer Turnbull,Off-speed,529,88.8,88.8,2342.2,-0.452,0.103,0.002,0.244,0.354,0.297,0.299
Stefan Crichton,Off-speed,396,86.8,85.7,2209.9,-0.486,0.193,0.003,0.229,0.344,0.292,0.314
Stephen Tarpley,Off-speed,175,87.0,86.9,2206.6,0.473,0.263,0.006,0.289,0.526,0.346,0.447
Steve Cishek,Off-speed,364,83.9,85.9,2326.2,-0.039,0.119,0.003,0.280,0.507,0.309,0.414
Steven Brault,Fastball,290,92.3,92.6,2179.5,0.707,1.273,0.003,0.149,0.149,0.219,0.326
Steven Brault,Off-speed,456,85.0,85.6,2014.6,0.398,0.160,0.002,0.216,0.294,0.250,0.264
Steven Matz,Off-speed,633,89.1,89.4,2267.9,0.854,0.507,0.002,0.323,0.700,0.346,0.453
T.J. McFarland,Off-speed,331,85.0,84.1,1974.9,0.853,0.011,0.003,0.302,0.547,0.292,0.395
T.J. Zeuch,Off-speed,170,88.4,88.5,2043.3,-0.668,0.505,0.006,0.220,0.366,0.216,0.292
Taijuan Walker,Fastball,338,93.2,92.8,2142.6,-0.570,1.534,0.003,0.156,0.344,0.159,0.318
Taijuan Walker,Off-speed,546,86.1,85.7,2142.4,-0.290,0.347,0.002,0.241,0.380,0.280,0.303
Tanner Houck,Off-speed,167,85.8,85.6,2279.4,0.100,0.068,0.006,0.000,0.000,0.000,0.168
Tanner Rainey,Fastball,182,96.6,96.6,2457.1,-0.517, 1.466,0.005,0.149,0.447,0.107,0.300
Tanner Rainey,Off-speed,117,87.1,87.4,2406.5, 0.336,-0.198,0.009,0.050,0.050,0.250,0.129
Tanner Roark,Fastball,285,90.6,90.3,2079.3,-0.311,1.491,0.004,0.344,0.721,0.348,0.495
Tanner Roark,Off-speed,616,83.3,82.9,2139.4,-0.198,0.500,0.002,0.295,0.568,0.323,0.408
Tanner Scott,Fastball,205,96.5,96.2,2655.7, 0.337, 1.226,0.005,0.212,0.333,0.222,0.359
Tanner Scott,Off-speed,140,88.6,88.6,2770.2,-0.365,-0.038,0.007,0.128,0.154,0.238,0.199
Tarik Skubal,Fastball,348,94.4,94.1,2422.1,0.928,1.425,0.003,0.250,0.547,0.256,0.366
Tarik Skubal,Off-speed,243,83.4,83.5,2024.4,0.179,0.420,0.004,0.218,0.436,0.250,0.345
Taylor Clarke,Fastball,320,94.3,94.0,2335.6,-0.455,1.524,0.003,0.217,0.449,0.220,0.337
Taylor Clarke,Off-speed,383,85.9,85.6,2061.5,-0.104,0.129,0.003,0.217,0.402,0.250,0.301
Taylor Guilbeau,Off-speed,129,88.4,88.1,1920.2,1.049,0.422,0.008,0.267,0.367,0.296,0.344
Taylor Hearn,Fastball,212,94.9,93.0,2289.2, 0.476,1.473,0.005,0.174,0.239,0.259,0.280
Taylor Hearn,Off-speed,140,84.2,81.9,2062.1,-0.102,0.512,0.007,0.294,0.529,0.333,0.391
Taylor Rogers,Off-speed,354,88.3,87.8,2357.3,0.260,0.371,0.003,0.306,0.471,0.400,0.364
Taylor Widener,Fastball,233,94.5,95.2,2396.8,-0.567,1.440,0.004,0.191,0.404,0.250,0.349
Taylor Widener,Off-speed,131,86.3,87.1,2158.7,-0.281,0.334,0.008,0.192,0.538,0.111,0.395
Taylor Williams,Fastball,119,95.0,94.8,2307.6,-0.969,0.904,0.008,0.385,0.462,0.476,0.476
Taylor Williams,Off-speed,153,86.1,86.0,2464.6, 0.001,0.145,0.007,0.129,0.258,0.200,0.234
Tejay Antone,Off-speed,593,88.0,88.3,2679.7,0.042,0.235,0.002,0.165,0.314,0.216,0.275
Thomas Eshelman,Fastball,120,86.0,86.3,1865.2,-0.022,1.055,0.008,0.333,0.528,0.323,0.430
Thomas Eshelman,Off-speed,409,80.2,80.3,1716.4, 0.059,0.406,0.002,0.232,0.495,0.212,0.326
Thomas Hatch,Fastball,207,95.5,95.5,2597.7,-0.617,1.313,0.005,0.234,0.298,0.278,0.327
Thomas Hatch,Off-speed,234,87.9,88.1,2305.3,-0.326,0.542,0.004,0.149,0.298,0.182,0.252
Tim Hill,Fastball,153,91.4,92.2,2234.8,1.528, 0.382,0.007,0.111,0.333,0.100,0.223
Tim Hill,Off-speed,195,88.1,89.0,2087.4,1.176,-0.188,0.005,0.318,0.477,0.342,0.410
Tommy Hunter,Off-speed,402,89.5,89.7,2587.5,-0.122,0.604,0.002,0.244,0.400,0.308,0.337
Tommy Milone,Fastball,298,86.1,85.9,2191.2,0.687,1.569,0.003,0.269,0.577,0.289,0.396
Tommy Milone,Off-speed,399,79.1,79.0,1883.8,0.802,0.616,0.003,0.347,0.610,0.412,0.420
Tony Gonsolin,Fastball,335,95.1,94.3,2488.5,-0.780,1.512,0.003,0.191,0.270,0.219,0.214
Tony Gonsolin,Off-speed,370,85.5,84.9,2225.7,-0.556,0.305,0.003,0.195,0.312,0.298,0.256
Tony Watson,Off-speed,269,85.7,85.1,2294.5,1.214,0.626,0.004,0.197,0.348,0.204,0.268
Touki Toussaint,Fastball,177,94.0,95.5,2292.7,-0.638, 1.186,0.006,0.233,0.533,0.250,0.441
Touki Toussaint,Off-speed,314,81.6,82.6,2138.4, 0.208,-0.406,0.003,0.294,0.559,0.366,0.446
Travis Bergen,Fastball,113,92.3,91.9,2242.4,0.977,1.342,0.009,0.125,0.312,0.143,0.355
Travis Lakins Sr.,Fastball,158,93.2,92.9,2227.4,-0.349,1.261,0.006,0.250,0.292,0.333,0.392
Travis Lakins Sr.,Off-speed,312,87.2,86.8,2480.4, 0.453,0.087,0.003,0.253,0.413,0.309,0.318
Trevor Bauer,Fastball,476,93.5,93.7,2776.5,-0.759, 1.652,0.002,0.140,0.310,0.173,0.234
Trevor Bauer,Off-speed,689,83.4,83.3,2903.9, 0.620,-0.346,0.001,0.171,0.297,0.237,0.243
Trevor Cahill,Off-speed,409,84.2,84.0,2168.3,-0.503,-0.018,0.002,0.203,0.367,0.265,0.321
Trevor Gott,Fastball,138,95.4,94.9,2316.3,-0.781,1.207,0.007,0.282,0.795,0.222,0.513
Trevor May,Fastball,196,96.3,97.5,2396.9,-0.593,1.381,0.005,0.275,0.575,0.412,0.393
Trevor May,Off-speed,215,86.9,88.1,2323.3,-0.092,0.285,0.005,0.188,0.250,0.276,0.212
Trevor Richards,Fastball,292,90.5,91.0,2155.0,-0.573,1.614,0.003,0.328,0.466,0.367,0.378
Trevor Richards,Off-speed,284,82.5,83.1,2265.0,-0.690,0.540,0.004,0.316,0.544,0.357,0.387
Trevor Rogers,Fastball,308,93.6,94.0,2426.2,1.120,1.248,0.003,0.314,0.627,0.429,0.470
Trevor Rogers,Off-speed,260,84.0,84.7,1854.5,0.616,0.307,0.004,0.262,0.410,0.357,0.303
Trevor Rosenthal,Fastball,257,97.9,97.7,2453.7,-0.471,1.503,0.004,0.154,0.212,0.286,0.230
Trevor Rosenthal,Off-speed,124,88.8,89.3,2194.8,-0.111,0.394,0.008,0.138,0.448,0.143,0.273
Trevor Williams,Fastball,434,91.5,92.8,2277.3,-0.300,1.102,0.002,0.270,0.586,0.250,0.425
Trevor Williams,Off-speed,583,83.7,85.1,2123.5,-0.088,0.210,0.002,0.321,0.500,0.372,0.378
Triston McKenzie,Fastball,292,92.8,94.1,2336.5,-0.359,1.675,0.003,0.194,0.328,0.268,0.264
Triston McKenzie,Off-speed,258,84.2,85.4,2078.5, 0.122,0.209,0.004,0.160,0.420,0.138,0.293
Ty Buttrey,Fastball,249,96.1,95.2,2232.2,-1.108, 1.102,0.004,0.318,0.515,0.352,0.388
Ty Buttrey,Off-speed,179,84.1,82.9,1903.8,-0.630,-0.001,0.006,0.212,0.455,0.200,0.300
Tyler Alexander,Fastball,132,90.6,90.7,2209.6,0.655,1.215,0.008,0.143,0.179,0.182,0.247
Tyler Alexander,Off-speed,467,86.0,86.3,2102.3,0.392,0.487,0.002,0.324,0.602,0.370,0.434
Tyler Anderson,Fastball,388,90.3,89.8,2304.2,0.654,1.585,0.003,0.244,0.500,0.233,0.371
Tyler Anderson,Off-speed,566,82.8,82.6,2168.8,0.569,1.018,0.002,0.262,0.362,0.315,0.323
Tyler Bashlor,Off-speed,119,88.0,88.4,2318.6,-0.271,0.219,0.008,0.290,0.645,0.304,0.484
Tyler Chatwood,Off-speed,308,90.3,90.4,2605.6,-0.337,0.473,0.003,0.278,0.472,0.383,0.355
Tyler Clippard,Off-speed,340,81.1,80.8,1975.4,-0.673,0.746,0.003,0.210,0.333,0.246,0.252
Tyler Duffey,Fastball,154,92.6,92.6,2291.0,-0.584, 1.319,0.006,0.158,0.289,0.238,0.217
Tyler Duffey,Off-speed,214,83.1,83.3,2432.0, 0.200,-0.714,0.005,0.149,0.255,0.194,0.238
Tyler Glasnow,Fastball,584,96.9,97.6,2409.1,-0.052, 1.452,0.002,0.246,0.460,0.276,0.350
Tyler Glasnow,Off-speed,380,83.5,84.6,2801.9, 0.361,-1.193,0.003,0.135,0.315,0.296,0.213
Tyler Kinley,Fastball,124,95.9,94.6,2343.0,-0.340,1.343,0.008,0.280,0.320,0.318,0.358
Tyler Kinley,Off-speed,247,89.3,88.6,2511.2, 0.134,0.325,0.004,0.115,0.250,0.138,0.255
Tyler Mahle,Fastball,468,93.9,94.3,2388.7,-1.031,1.456,0.002,0.218,0.425,0.291,0.363
Tyler Mahle,Off-speed,384,86.9,87.7,2452.2,-0.070,0.420,0.003,0.176,0.318,0.218,0.249
Tyler Matzek,Fastball,299,94.3,94.6,2356.3, 0.311, 1.479,0.003,0.225,0.338,0.366,0.289
Tyler Matzek,Off-speed,184,83.8,84.0,2886.5,-0.620,-0.386,0.005,0.184,0.184,0.292,0.248
Tyler Rogers,Fastball,239,82.4,81.4,1948.5,-0.190,-1.072,0.004,0.259,0.293,0.326,0.277
Tyler Rogers,Off-speed,219,74.1,72.9,2204.1, 0.639, 0.700,0.005,0.308,0.481,0.400,0.420
Tyler Webb,Fastball,137,90.0,90.5,2153.6,0.160,1.440,0.007,0.286,0.457,0.320,0.352
Tyler Webb,Off-speed,209,81.4,81.8,2004.8,0.357,0.845,0.005,0.163,0.209,0.212,0.197
Tyler Zuber,Fastball,183,94.1,93.7,2243.2,-0.675, 1.244,0.005,0.184,0.368,0.294,0.359
Tyler Zuber,Off-speed,229,83.8,83.4,2475.8, 0.438,-0.243,0.004,0.211,0.368,0.231,0.320
Victor Gonzalez,Off-speed,260,90.6,90.7,2313.6,0.792,0.271,0.004,0.174,0.203,0.250,0.227
Vince Velasquez,Fastball,343,93.7,94.2,2435.3,-0.448,1.596,0.003,0.239,0.479,0.333,0.398
Vince Velasquez,Off-speed,307,86.4,87.0,2154.8,-0.206,0.053,0.003,0.302,0.397,0.400,0.329
Wade LeBlanc,Off-speed,349,81.0,80.7,1840.6,0.507,0.578,0.003,0.300,0.544,0.288,0.393
Wade Miley,Off-speed,254,83.6,83.6,2210.2,0.033,0.295,0.004,0.240,0.360,0.282,0.345
Walker Buehler,Fastball,323,96.8,96.9,2546.0,-0.433,1.607,0.003,0.102,0.119,0.167,0.168
Walker Buehler,Off-speed,277,89.0,89.1,2850.7, 0.413,0.093,0.004,0.237,0.539,0.220,0.359
Walker Lockett,Off-speed,220,88.3,88.5,2236.5,-0.463,0.307,0.005,0.328,0.484,0.358,0.403
Wander Suero,Off-speed,381,89.6,89.9,2427.7,0.063,0.886,0.003,0.227,0.318,0.317,0.307
Wandy Peralta,Fastball,109,94.8,88.5,2184.8,0.780,1.216,0.009,0.364,0.727,0.353,0.485
Wandy Peralta,Off-speed,379,88.7,83.4,2262.0,0.722,0.533,0.003,0.179,0.244,0.232,0.260
Wes Benjamin,Fastball,192,90.9,90.1,2365.7, 0.692,1.640,0.005,0.191,0.255,0.229,0.244
Wes Benjamin,Off-speed,197,83.4,82.7,2308.9,-0.066,0.211,0.005,0.341,0.614,0.387,0.424
Wil Crowe,Off-speed,129,86.4,86.6,2246.9,-0.201,0.414,0.008,0.304,0.652,0.312,0.477
Will Harris,Off-speed,345,88.3,89.0,2449.0,0.465,0.442,0.003,0.284,0.446,0.360,0.357
Will Smith,Fastball,114,92.6,92.8,2259.7, 0.539,1.352,0.009,0.111,0.278,0.083,0.218
Will Smith,Off-speed,138,81.0,80.9,2301.9,-0.640,0.097,0.007,0.318,1.000,0.222,0.558
Wilmer Font,Fastball,199,95.0,95.7,2274.4,-0.530,1.418,0.005,0.447,0.632,0.516,0.496
Wilmer Font,Off-speed,169,87.0,87.8,2160.0,-0.162,0.460,0.006,0.306,0.417,0.370,0.370
Yency Almonte,Fastball,176,94.8,96.1,2121.8,-0.653,0.960,0.006,0.275,0.425,0.263,0.347
Yency Almonte,Off-speed,270,85.7,86.6,2190.1,-0.014,0.080,0.004,0.222,0.333,0.310,0.297
Yimi Garcia,Fastball,119,94.4,93.9,2569.2,-0.555,1.069,0.008,0.125,0.188,0.235,0.197
Yimi Garcia,Off-speed,122,86.6,86.2,2459.7, 0.148,0.159,0.008,0.217,0.261,0.263,0.230
Yoan Lopez,Fastball,156,95.4,96.3,2091.7,-0.354, 1.303,0.006,0.268,0.415,0.306,0.337
Yoan Lopez,Off-speed,130,85.7,85.9,2460.2, 0.512,-0.089,0.008,0.270,0.649,0.273,0.407
Yohan Ramirez,Fastball,250,95.6,96.3,2361.7,-0.760,1.231,0.004,0.222,0.472,0.200,0.425
Yohan Ramirez,Off-speed,170,82.1,82.9,2418.2, 1.443,0.298,0.006,0.030,0.061,0.062,0.206
Yonny Chirinos,Off-speed,174,90.2,90.0,1961.6,-0.978,0.688,0.006,0.333,0.524,0.364,0.442
Yoshihisa Hirano,Fastball,112,89.9,90.0,2116.9,-0.810,1.493,0.009,0.412,0.647,0.462,0.545
Yoshihisa Hirano,Off-speed,136,82.1,82.6,1163.6,-0.824,0.238,0.007,0.306,0.444,0.357,0.354
Yu Darvish,Fastball,170,95.9,96.4,2581.5,-0.512,1.525,0.006,0.205,0.256,0.444,0.213
Yu Darvish,Off-speed,983,85.9,86.5,2623.5, 0.352,0.011,0.001,0.212,0.332,0.280,0.266
Yusei Kikuchi,Fastball,300,95.0,95.4,2177.6, 0.549,1.533,0.003,0.265,0.388,0.382,0.334
Yusei Kikuchi,Off-speed,495,89.3,90.1,2198.2,-0.003,0.528,0.002,0.228,0.358,0.278,0.291
Yusmeiro Petit,Fastball,134,88.1,89.5,2134.3,-0.401,1.490,0.007,0.207,0.310,0.179,0.248
Yusmeiro Petit,Off-speed,181,81.5,82.4,1988.3,-0.056,1.024,0.006,0.245,0.396,0.314,0.300
Zac Gallen,Fastball,436,93.2,93.6,2379.7,-0.303,1.477,0.002,0.185,0.250,0.254,0.274
Zac Gallen,Off-speed,681,84.8,85.3,2115.5, 0.018,0.004,0.001,0.224,0.382,0.278,0.291
Zac Grotz,Off-speed,202,87.3,87.4,1878.8,-0.659,0.282,0.005,0.367,0.833,0.304,0.622
Zach Davies,Off-speed,1055,84.1,83.8,1951.8,-1.041,0.855,0.001,0.217,0.362,0.251,0.280
Zach Eflin,Off-speed,825,90.1,90.8,2133.2,-0.709,0.445,0.001,0.273,0.440,0.364,0.336
Zach Plesac,Fastball,292,92.8,92.9,2086.2,-0.636,1.416,0.003,0.321,0.577,0.339,0.394
Zach Plesac,Off-speed,484,85.1,85.3,1930.9,-0.318,0.454,0.002,0.107,0.198,0.133,0.160
Zack Britton,Off-speed,289,92.1,91.5,2113.8,0.713,0.293,0.003,0.179,0.239,0.235,0.230
Zack Godley,Off-speed,522,85.4,84.3,2106.0,-0.155,0.097,0.002,0.342,0.633,0.376,0.457
Zack Greinke,Fastball,437,87.9,87.6,2323.2,-0.096,1.450,0.002,0.321,0.536,0.369,0.398
Zack Greinke,Off-speed,623,80.8,80.5,2111.5,-0.039,0.125,0.002,0.225,0.343,0.296,0.253
Zack Wheeler,Fastball,454,96.9,98.6,2336.0,-0.481,1.174,0.002,0.297,0.405,0.340,0.338
Zack Wheeler,Off-speed,624,90.9,92.3,2250.5,-0.378,0.424,0.002,0.222,0.307,0.281,0.293
