last_name, first_name,player_id,year,pa,bip,ba,est_ba,est_ba_minus_ba_diff,slg,est_slg,est_slg_minus_slg_diff,woba,est_woba,est_woba_minus_woba_diff,era,xera,era_minus_xera_diff
Marquez, German,608566,2020,344,246,.247,.262,-.015,.373,.396,-.023,.288,.305,-.017,3.75,4.24,-0.49
Lynn, Lance,458681,2020,344,224,.206,.209,-.003,.386,.351,.035,.283,.269,.014,3.32,3.26,0.06
Hendricks, Kyle,543294,2020,315,242,.240,.239,.001,.372,.385,-.013,.265,.266,-.001,2.88,3.18,-0.30
Civale, Aaron,650644,2020,312,224,.282,.267,.015,.474,.437,.037,.334,.310,.024,4.74,4.39,0.35
Freeland, Kyle,607536,2020,304,232,.278,.284,-.006,.433,.435,-.002,.330,.332,-.002,4.33,5.11,-0.78
Senzatela, Antonio,622608,2020,303,240,.254,.273,-.019,.409,.428,-.019,.304,.317,-.013,3.44,4.61,-1.17
Gibson, Kyle,502043,2020,301,207,.275,.283,-.008,.460,.450,.010,.350,.347,.003,5.35,5.65,-0.30
Bieber, Shane,669456,2020,297,153,.167,.187,-.020,.265,.320,-.055,.218,.242,-.024,1.63,2.63,-1.00
Darvish, Yu,506433,2020,297,187,.211,.228,-.017,.321,.349,-.028,.246,.259,-.013,2.01,3.01,-1.00
Scherzer, Max,453286,2020,295,179,.260,.251,.009,.424,.430,-.006,.314,.304,.010,3.74,4.21,-0.47
Corbin, Patrick,571578,2020,295,217,.308,.289,.019,.489,.469,.020,.351,.329,.022,4.66,5.01,-0.35
Woodruff, Brandon,605540,2020,293,180,.204,.200,.004,.341,.341,.000,.260,.257,.003,3.05,2.97,0.08
Castillo, Luis,622491,2020,292,178,.233,.212,.021,.365,.316,.049,.286,.260,.026,3.21,3.04,0.17
Gallen, Zac,668678,2020,291,181,.210,.228,-.018,.336,.372,-.036,.271,.286,-.015,2.75,3.70,-0.95
Nola, Aaron,605400,2020,289,168,.205,.224,-.019,.354,.358,-.004,.267,.274,-.007,3.28,3.38,-0.10
Cole, Gerrit,543037,2020,288,175,.197,.199,-.002,.405,.382,.023,.275,.262,.013,2.84,3.09,-0.25
Giolito, Lucas,608337,2020,288,161,.184,.196,-.012,.310,.323,-.013,.253,.260,-.007,3.48,3.04,0.44
Valdez, Framber,664285,2020,288,191,.240,.240,.000,.342,.377,-.035,.275,.290,-.015,3.57,3.81,-0.24
Wheeler, Zack,554430,2020,288,212,.254,.251,.003,.348,.350,-.002,.287,.284,.003,2.92,3.64,-0.72
Carrasco, Carlos,471911,2020,280,169,.221,.223,-.002,.361,.368,-.007,.288,.289,-.001,2.91,3.78,-0.87
Heaney, Andrew,571760,2020,279,188,.246,.250,-.004,.414,.443,-.029,.301,.307,-.006,4.46,4.30,0.16
Bauer, Trevor,545333,2020,278,158,.159,.165,-.006,.302,.290,.012,.223,.219,.004,1.73,2.17,-0.44
Cueto, Johnny,456501,2020,277,192,.248,.261,-.013,.423,.418,.005,.319,.324,-.005,5.40,4.84,0.56
Gonzales, Marco,594835,2020,277,202,.222,.245,-.023,.361,.435,-.074,.260,.291,-.031,3.10,3.84,-0.74
Davies, Zach,605200,2020,276,194,.216,.267,-.051,.361,.475,-.114,.269,.329,-.060,2.73,5.01,-2.28
Ryu, Hyun Jin,547943,2020,275,185,.234,.232,.002,.352,.334,.018,.275,.266,.009,2.69,3.18,-0.49
Greinke, Zack,425844,2020,273,196,.256,.249,.007,.405,.422,-.017,.289,.286,.003,4.03,3.70,0.33
Boyd, Matthew,571510,2020,271,184,.278,.258,.020,.552,.476,.076,.372,.332,.040,6.71,5.11,1.60
Berrios, Jose,621244,2020,271,174,.238,.249,-.011,.383,.400,-.017,.303,.310,-.007,4.00,4.39,-0.39
deGrom, Jacob,594798,2020,268,146,.190,.195,-.005,.323,.335,-.012,.242,.246,-.004,2.38,2.72,-0.34
Bundy, Dylan,605164,2020,267,173,.208,.212,-.004,.343,.331,.012,.263,.258,.005,3.29,2.99,0.30
Lamet, Dinelson,659275,2020,267,150,.161,.188,-.027,.260,.318,-.058,.221,.250,-.029,2.09,2.81,-0.72
Lyles, Jordan,543475,2020,266,205,.285,.275,.010,.494,.474,.020,.351,.341,.010,7.02,5.43,1.59
Lester, Jon,452657,2020,265,203,.262,.280,-.018,.459,.515,-.056,.328,.348,-.020,5.16,5.69,-0.53
Singer, Brady,663903,2020,263,177,.220,.233,-.013,.356,.371,-.015,.281,.296,-.015,4.06,3.98,0.08
Perez, Martin,527048,2020,262,185,.240,.250,-.010,.415,.423,-.008,.320,.322,-.002,4.50,4.77,-0.27
Wainwright, Adam,425794,2020,262,191,.221,.266,-.045,.369,.439,-.070,.273,.314,-.041,3.15,4.52,-1.37
Bassitt, Chris,605135,2020,261,187,.233,.241,-.008,.371,.389,-.018,.283,.289,-.006,2.29,3.78,-1.49
Porcello, Rick,519144,2020,261,190,.303,.295,.008,.434,.471,-.037,.335,.336,-.001,5.64,5.25,0.39
Anderson, Tyler,542881,2020,260,190,.256,.263,-.007,.410,.421,-.011,.320,.322,-.002,4.37,4.77,-0.40
Keuchel, Dallas,572971,2020,257,198,.218,.282,-.064,.286,.397,-.111,.245,.310,-.065,1.99,4.39,-2.40
Fiers, Mike,571666,2020,257,200,.275,.261,.014,.436,.449,-.013,.326,.320,.006,4.58,4.71,-0.13
Cease, Dylan,656302,2020,255,171,.234,.280,-.046,.477,.509,-.032,.349,.372,-.023,4.01,6.65,-2.64
Mills, Alec,621219,2020,252,185,.230,.263,-.033,.448,.462,-.014,.311,.329,-.018,4.48,5.01,-0.53
Williams, Trevor,592866,2020,252,178,.296,.263,.033,.543,.444,.099,.376,.329,.047,6.18,5.01,1.17
Ray, Robbie,592662,2020,251,137,.261,.253,.008,.522,.486,.036,.384,.362,.022,6.62,6.23,0.39
Maeda, Kenta,628317,2020,248,158,.168,.209,-.041,.307,.351,-.044,.215,.248,-.033,2.70,2.76,-0.06
Luzardo, Jesus,666200,2020,248,169,.257,.257,.000,.429,.416,.013,.315,.308,.007,4.12,4.33,-0.21
Webb, Logan,657277,2020,246,167,.288,.285,.003,.429,.419,.010,.348,.341,.007,5.47,5.43,0.04
Houser, Adrian,605288,2020,246,177,.285,.268,.017,.457,.404,.053,.348,.321,.027,5.30,4.74,0.56
Gausman, Kevin,592332,2020,245,149,.221,.229,-.008,.389,.384,.005,.278,.278,.000,3.62,3.49,0.13
Eflin, Zach,621107,2020,245,159,.263,.224,.039,.447,.361,.086,.320,.271,.049,3.97,3.31,0.66
Sanchez, Anibal,434671,2020,245,181,.313,.283,.030,.536,.476,.060,.377,.338,.039,6.62,5.32,1.30
Paddack, Chris,663978,2020,245,173,.262,.276,-.014,.515,.487,.028,.336,.331,.005,4.73,5.08,-0.35
Duffy, Danny,518633,2020,242,161,.249,.250,-.001,.437,.444,-.007,.319,.318,.001,4.95,4.64,0.31
Turnbull, Spencer,605513,2020,242,160,.226,.277,-.051,.337,.430,-.093,.291,.342,-.051,3.97,5.47,-1.50
Lopez, Pablo,641154,2020,240,161,.230,.220,.010,.346,.342,.004,.274,.270,.004,3.61,3.28,0.33
Burnes, Corbin,669203,2020,240,125,.174,.193,-.019,.249,.325,-.076,.235,.266,-.031,2.11,3.18,-1.07
Minor, Mike,501985,2020,239,156,.230,.236,-.006,.415,.437,-.022,.302,.304,-.002,5.56,4.21,1.35
Glasnow, Tyler,607192,2020,238,125,.200,.191,.009,.400,.363,.037,.285,.263,.022,4.08,3.11,0.97
Canning, Griffin,656288,2020,238,158,.257,.233,.024,.443,.423,.020,.325,.307,.018,3.99,4.30,-0.31
Montas, Frankie,593423,2020,237,153,.270,.248,.022,.464,.429,.035,.340,.316,.024,5.60,4.58,1.02
Weaver, Luke,596133,2020,236,162,.292,.253,.039,.523,.458,.065,.362,.316,.046,6.58,4.58,2.00
Gray, Sonny,543243,2020,235,135,.203,.237,-.034,.309,.348,-.039,.271,.297,-.026,3.70,4.01,-0.31
Yarbrough, Ryan,642232,2020,234,171,.256,.252,.004,.374,.390,-.016,.296,.296,.000,3.56,3.98,-0.42
Sheffield, Justus,656954,2020,232,161,.251,.258,-.007,.304,.369,-.065,.280,.303,-.023,3.58,4.18,-0.60
McCullers Jr., Lance,621121,2020,227,146,.220,.246,-.026,.405,.415,-.010,.303,.320,-.017,3.93,4.71,-0.78
Cobb, Alex,502171,2020,226,168,.252,.307,-.055,.417,.503,-.086,.315,.362,-.047,4.30,6.23,-1.93
Voth, Austin,608723,2020,225,159,.281,.268,.013,.571,.506,.065,.378,.342,.036,6.34,5.47,0.87
Walker, Taijuan,592836,2020,225,152,.214,.254,-.040,.368,.454,-.086,.286,.325,-.039,2.70,4.87,-2.17
Urias, Julio,628711,2020,224,161,.220,.218,.002,.327,.368,-.041,.265,.275,-.010,3.27,3.41,-0.14
May, Dustin,669160,2020,224,163,.220,.257,-.037,.371,.412,-.041,.278,.307,-.029,2.57,4.30,-1.73
Fried, Max,608331,2020,224,151,.211,.201,.010,.332,.289,.043,.272,.257,.015,2.25,2.97,-0.72
Manaea, Sean,640455,2020,222,168,.270,.266,.004,.427,.414,.013,.304,.292,.012,4.50,3.86,0.64
Bubic, Kris,663460,2020,222,149,.263,.271,-.008,.434,.450,-.016,.331,.335,-.004,4.32,5.22,-0.90
Fedde, Erick,607200,2020,222,169,.241,.280,-.039,.441,.463,-.022,.323,.344,-.021,4.29,5.54,-1.25
Kershaw, Clayton,477132,2020,221,150,.194,.217,-.023,.365,.387,-.022,.247,.263,-.016,2.16,3.11,-0.95
Roark, Tanner,543699,2020,220,154,.309,.285,.024,.613,.553,.060,.411,.372,.039,6.80,6.65,0.15
Stripling, Ross,548389,2020,220,161,.281,.298,-.017,.538,.549,-.011,.367,.369,-.002,5.84,6.52,-0.68
Keller, Brad,641745,2020,215,161,.202,.271,-.069,.244,.397,-.153,.232,.314,-.082,2.47,4.52,-2.05
Javier, Cristian,664299,2020,214,140,.188,.185,.003,.391,.341,.050,.276,.256,.020,3.48,2.94,0.54
Richards, Garrett,572070,2020,213,148,.244,.249,-.005,.415,.444,-.029,.308,.315,-.007,4.03,4.55,-0.52
Plesac, Zach,668676,2020,206,142,.191,.228,-.037,.347,.413,-.066,.237,.274,-.037,2.28,3.38,-1.10
Peterson, David,656849,2020,205,138,.202,.229,-.027,.337,.389,-.052,.285,.310,-.025,3.44,4.39,-0.95
Brubaker, JT,664141,2020,205,137,.262,.243,.019,.426,.405,.021,.323,.310,.013,4.94,4.39,0.55
Young, Alex,622065,2020,204,150,.277,.289,-.012,.549,.545,.004,.355,.357,-.002,5.44,6.04,-0.60
Snell, Blake,605483,2020,203,122,.228,.232,-.004,.429,.400,.029,.307,.295,.012,3.24,3.95,-0.71
Anderson, Brett,474463,2020,202,156,.270,.274,-.004,.454,.447,.007,.323,.323,.000,4.21,4.81,-0.60
Mahle, Tyler,641816,2020,201,116,.198,.188,.010,.372,.342,.030,.286,.272,.014,3.59,3.33,0.26
Dobnak, Randy,677976,2020,200,154,.278,.263,.015,.367,.381,-.014,.308,.305,.003,4.05,4.24,-0.19
Eovaldi, Nathan,543135,2020,199,136,.273,.253,.020,.476,.429,.047,.330,.300,.030,3.72,4.09,-0.37
Dunn, Justin,643290,2020,198,127,.189,.246,-.057,.409,.482,-.073,.314,.356,-.042,4.34,6.00,-1.66
Kuhl, Chad,641771,2020,197,122,.212,.271,-.059,.394,.503,-.109,.317,.369,-.052,4.27,6.52,-2.25
Tanaka, Masahiro,547888,2020,197,143,.257,.244,.013,.455,.439,.016,.314,.297,.017,3.56,4.01,-0.45
Happ, J.A.,457918,2020,196,137,.208,.222,-.014,.382,.343,.039,.280,.270,.010,3.47,3.28,0.19
Kikuchi, Yusei,579328,2020,194,127,.238,.232,.006,.366,.324,.042,.295,.279,.016,5.17,3.51,1.66
Montgomery, Jordan,656756,2020,193,134,.265,.251,.014,.442,.404,.038,.316,.292,.024,5.11,3.86,1.25
Lindblom, Josh,458676,2020,191,120,.244,.245,-.001,.413,.377,.036,.314,.297,.017,5.16,4.01,1.15
Arrieta, Jake,453562,2020,190,141,.298,.292,.006,.456,.459,-.003,.346,.348,-.002,5.08,5.69,-0.61
Bumgarner, Madison,518516,2020,190,141,.276,.304,-.028,.576,.613,-.037,.377,.391,-.014,6.48,7.51,-1.03
Castellani, Ryan,624418,2020,189,133,.236,.294,-.058,.522,.542,-.020,.368,.391,-.023,5.82,7.51,-1.69
Weber, Ryan,543901,2020,185,141,.265,.282,-.017,.476,.467,.009,.340,.340,.000,4.40,5.39,-0.99
Clarke, Taylor,664199,2020,183,122,.217,.243,-.026,.422,.461,-.039,.305,.324,-.019,4.36,4.84,-0.48
Milone, Tommy,543548,2020,181,133,.324,.273,.051,.600,.488,.112,.388,.321,.067,6.69,4.74,1.95
Holland, Derek,502706,2020,179,116,.261,.275,-.014,.540,.554,-.014,.363,.364,-.001,6.86,6.32,0.54
Brault, Steven,643230,2020,178,113,.195,.231,-.036,.248,.359,-.111,.263,.313,-.050,3.38,4.49,-1.11
Means, John,607644,2020,176,123,.220,.194,.026,.451,.381,.070,.299,.262,.037,4.53,3.09,1.44
Gonsolin, Tony,664062,2020,176,122,.193,.240,-.047,.289,.383,-.094,.222,.271,-.049,2.31,3.31,-1.00
Gray, Jon,592351,2020,174,139,.281,.297,-.016,.481,.491,-.010,.341,.346,-.005,6.69,5.61,1.08
Lopez, Jorge,605347,2020,174,131,.297,.277,.020,.465,.493,-.028,.343,.346,-.003,6.69,5.61,1.08
Alcantara, Sandy,645261,2020,172,117,.226,.243,-.017,.355,.386,-.031,.284,.298,-.014,3.00,4.04,-1.04
Margevicius, Nick,676606,2020,170,120,.244,.251,-.007,.436,.437,-.001,.309,.307,.002,4.57,4.30,0.27
Morton, Charlie,450203,2020,170,114,.279,.239,.040,.429,.382,.047,.325,.293,.032,4.74,3.89,0.85
Flaherty, Jack,656427,2020,170,102,.221,.262,-.041,.369,.433,-.064,.294,.328,-.034,4.91,4.97,-0.06
Wright, Kyle,657140,2020,168,114,.243,.283,-.040,.431,.511,-.080,.335,.372,-.037,5.21,6.65,-1.44
Wojciechowski, Asher,592879,2020,168,119,.308,.271,.037,.596,.503,.093,.392,.345,.047,6.81,5.58,1.23
Musgrove, Joe,605397,2020,166,93,.226,.197,.029,.404,.311,.093,.303,.268,.035,3.86,3.23,0.63
Tomlin, Josh,458708,2020,163,118,.263,.266,-.003,.434,.477,-.043,.305,.314,-.009,4.76,4.52,0.24
Clevinger, Mike,605182,2020,162,107,.231,.265,-.034,.415,.437,-.022,.303,.319,-.016,3.02,4.68,-1.66
Lugo, Seth,607625,2020,160,101,.274,.266,.008,.500,.452,.048,.340,.318,.022,5.15,4.64,0.51
Sandoval, Patrick,663776,2020,159,114,.252,.277,-.025,.510,.490,.020,.339,.340,-.001,5.65,5.39,0.26
DeSclafani, Anthony,543101,2020,158,114,.301,.288,.013,.529,.514,.015,.378,.365,.013,7.22,6.36,0.86
Sanchez, Sixto,664350,2020,158,112,.250,.214,.036,.333,.323,.010,.280,.262,.018,3.46,3.09,0.37
Hill, Rich,448179,2020,156,107,.204,.258,-.054,.307,.451,-.144,.268,.331,-.063,3.03,5.08,-2.05
Wacha, Michael,608379,2020,156,110,.313,.260,.053,.599,.460,.139,.391,.312,.079,6.62,4.45,2.17
Kim, Kwang Hyun,547942,2020,154,118,.197,.255,-.058,.324,.380,-.056,.247,.290,-.043,1.62,3.81,-2.19
Anderson, Chase,502624,2020,154,105,.315,.291,.024,.622,.556,.066,.405,.363,.042,7.22,6.28,0.94
Velasquez, Vince,592826,2020,154,88,.269,.231,.038,.440,.390,.050,.344,.307,.037,5.56,4.30,1.26
Gonzalez, Gio,461829,2020,153,97,.305,.276,.029,.473,.426,.047,.376,.344,.032,4.83,5.54,-0.71
Alexander, Tyler,641302,2020,152,105,.283,.261,.022,.507,.459,.048,.355,.324,.031,3.96,4.84,-0.88
Allard, Kolby,663465,2020,152,99,.238,.235,.003,.392,.410,-.018,.319,.320,-.001,7.75,4.71,3.04
Hudson, Dakota,641712,2020,151,104,.178,.222,-.044,.319,.359,-.040,.253,.284,-.031,2.77,3.64,-0.87
Richards, Trevor,670950,2020,150,112,.321,.275,.046,.511,.451,.060,.370,.319,.051,5.91,4.68,1.23
Teheran, Julio,527054,2020,149,111,.305,.318,-.013,.641,.630,.011,.414,.410,.004,10.05,8.45,1.60
Bielak, Brandon,656232,2020,148,103,.305,.294,.011,.578,.542,.036,.405,.379,.026,6.75,6.96,-0.21
Lorenzen, Michael,547179,2020,147,94,.236,.206,.030,.362,.313,.049,.300,.271,.029,4.28,3.31,0.97
Buehler, Walker,621111,2020,147,93,.178,.217,-.039,.356,.396,-.040,.257,.283,-.026,3.44,3.62,-0.18
Garcia, Deivi,665620,2020,146,106,.254,.275,-.021,.420,.459,-.039,.300,.315,-.015,4.98,4.55,0.43
Eshelman, Thomas,664045,2020,144,117,.260,.298,-.038,.504,.538,-.034,.337,.359,-.022,3.89,6.11,-2.22
Godley, Zack,643327,2020,143,98,.336,.293,.043,.624,.539,.085,.427,.374,.053,8.16,6.74,1.42
Ponce de Leon, Daniel,594965,2020,143,76,.190,.220,-.030,.430,.419,.011,.318,.321,-.003,4.96,4.74,0.22
Dunning, Dane,641540,2020,142,92,.197,.226,-.029,.315,.355,-.040,.264,.287,-.023,3.97,3.73,0.24
Matz, Steven,571927,2020,142,96,.323,.304,.019,.700,.571,.129,.432,.370,.062,9.68,6.57,3.11
Antone, Tejay,622088,2020,141,78,.165,.169,-.004,.314,.286,.028,.257,.258,-.001,2.80,2.99,-0.19
Anderson, Ian,666120,2020,138,81,.172,.184,-.012,.230,.234,-.004,.231,.239,-.008,1.95,2.57,-0.62
Valdez, Phillips,570488,2020,137,88,.282,.245,.037,.410,.353,.057,.344,.310,.034,3.26,4.39,-1.13
Fulmer, Michael,605242,2020,136,103,.375,.336,.039,.617,.564,.053,.433,.394,.039,8.78,7.65,1.13
Mazza, Chris,607391,2020,136,90,.288,.298,-.010,.415,.468,-.053,.343,.359,-.016,4.80,6.11,-1.31
Quantrill, Cal,615698,2020,135,92,.254,.250,.004,.385,.416,-.031,.300,.304,-.004,2.25,4.21,-1.96
Skubal, Tarik,669373,2020,134,84,.235,.222,.013,.496,.462,.034,.331,.308,.023,5.63,4.33,1.30
Mize, Casey,663554,2020,133,89,.252,.294,-.042,.478,.551,-.073,.354,.386,-.032,6.99,7.27,-0.28
Barria, Jaime,642545,2020,132,95,.223,.213,.010,.405,.329,.076,.286,.254,.032,3.62,2.90,0.72
Jackson, Luke,592426,2020,132,97,.345,.277,.068,.442,.367,.075,.365,.320,.045,6.84,4.71,2.13
Stratton, Chris,608717,2020,131,79,.224,.222,.002,.353,.368,-.015,.282,.284,-.002,3.90,3.64,0.26
Fleming, Josh,676596,2020,130,97,.230,.230,.000,.393,.363,.030,.284,.276,.008,2.78,3.43,-0.65
Rogers, Trevor,669432,2020,130,76,.283,.216,.067,.504,.339,.165,.362,.278,.084,6.11,3.49,2.62
Suter, Brent,608718,2020,129,85,.244,.221,.023,.366,.349,.017,.276,.257,.019,3.13,2.97,0.16
McKenzie, Triston,663474,2020,127,75,.179,.205,-.026,.368,.422,-.054,.260,.284,-.024,3.24,3.64,-0.40
Andriese, Matt,542882,2020,126,81,.184,.219,-.035,.360,.368,-.008,.267,.284,-.017,4.50,3.64,0.86
Castano, Daniel,641447,2020,126,103,.263,.297,-.034,.404,.465,-.061,.312,.343,-.031,3.03,5.50,-2.47
Peralta, Freddy,642547,2020,125,63,.204,.180,.024,.324,.323,.001,.275,.260,.015,3.99,3.04,0.95
Kelly, Merrill,518876,2020,125,90,.218,.247,-.029,.395,.440,-.045,.270,.294,-.024,2.59,3.92,-1.33
Barlow, Scott,605130,2020,125,75,.239,.245,-.006,.389,.425,-.036,.291,.301,-.010,4.20,4.12,0.08
Hernandez, Jonathan,642546,2020,125,82,.218,.192,.026,.327,.292,.035,.270,.245,.025,2.90,2.70,0.20
Cordero, Jimmy,622772,2020,124,90,.300,.291,.009,.418,.427,-.009,.332,.338,-.006,6.08,5.32,0.76
Rogers, Tyler,643511,2020,123,86,.277,.235,.042,.375,.310,.065,.310,.270,.040,4.50,3.28,1.22
Cisnero, Jose,542585,2020,123,76,.209,.239,-.030,.291,.404,-.113,.262,.307,-.045,3.03,4.30,-1.27
Brewer, Colten,605155,2020,122,82,.290,.319,-.029,.523,.563,-.040,.379,.398,-.019,5.61,7.84,-2.23
Erlin, Robbie,572362,2020,122,88,.295,.260,.035,.643,.535,.108,.396,.338,.058,8.10,5.32,2.78
King, Michael,650633,2020,121,82,.278,.251,.027,.491,.427,.064,.357,.321,.036,7.76,4.74,3.02
Matzek, Tyler,554431,2020,121,66,.211,.181,.030,.284,.273,.011,.257,.238,.019,2.79,2.55,0.24
Mayers, Mike,594577,2020,121,68,.162,.172,-.010,.252,.300,-.048,.216,.231,-.015,2.10,2.40,-0.30
Smith, Josh A.,595001,2020,121,91,.314,.264,.050,.495,.423,.072,.359,.322,.037,6.84,4.77,2.07
Lopez, Reynaldo,625643,2020,121,81,.269,.250,.019,.577,.506,.071,.390,.352,.038,6.49,5.84,0.65
Familia, Jeurys,544727,2020,120,75,.204,.225,-.021,.337,.346,-.009,.304,.314,-.010,3.71,4.52,-0.81
Yamaguchi, Shun,685493,2020,120,75,.283,.234,.049,.556,.419,.137,.392,.328,.064,8.06,4.97,3.09
Toussaint, Touki,657053,2020,120,69,.276,.262,.014,.551,.504,.047,.401,.373,.028,8.88,6.69,2.19
Gomber, Austin,596295,2020,119,75,.190,.235,-.045,.260,.326,-.066,.258,.299,-.041,1.86,4.06,-2.20
Dayton, Grant,594795,2020,117,73,.214,.212,.002,.369,.417,-.048,.282,.290,-.008,2.30,3.81,-1.51
Fairbanks, Pete,664126,2020,117,62,.228,.199,.029,.307,.302,.005,.290,.274,.016,2.70,3.38,-0.68
Urquidy, Jose,664353,2020,116,90,.206,.283,-.077,.327,.468,-.141,.259,.335,-.076,2.73,5.22,-2.49
Estevez, Carlos,608032,2020,116,77,.317,.289,.028,.615,.501,.114,.413,.354,.059,7.50,5.92,1.58
Lakins Sr., Travis,664042,2020,116,76,.250,.275,-.025,.380,.435,-.055,.317,.338,-.021,2.81,5.32,-2.51
Akin, Keegan,669211,2020,116,70,.262,.246,.016,.427,.414,.013,.320,.308,.012,4.56,4.33,0.23
Plutko, Adam,592644,2020,116,93,.280,.271,.009,.495,.467,.028,.346,.322,.024,4.88,4.77,0.11
Norris, Daniel,596057,2020,116,80,.231,.234,-.003,.361,.414,-.053,.274,.290,-.016,3.25,3.81,-0.56
Pena, Felix,570240,2020,115,77,.255,.239,.016,.358,.359,-.001,.292,.283,.009,4.05,3.62,0.43
Shoemaker, Matt,533167,2020,115,80,.210,.249,-.039,.467,.497,-.030,.307,.330,-.023,4.71,5.04,-0.33
Castro, Miguel,612434,2020,115,63,.277,.223,.054,.455,.346,.109,.351,.291,.060,4.01,3.84,0.17
Thompson, Ryan,657044,2020,114,83,.274,.232,.042,.425,.344,.081,.319,.273,.046,4.44,3.36,1.08
Junis, Jakob,596001,2020,114,87,.333,.289,.044,.581,.506,.075,.394,.344,.050,6.39,5.54,0.85
Peralta, Wandy,593974,2020,114,76,.220,.240,-.020,.350,.369,-.019,.287,.308,-.021,3.29,4.33,-1.04
Howard, Spencer,675921,2020,113,79,.300,.251,.049,.530,.423,.107,.370,.312,.058,5.92,4.45,1.47
Almonte, Yency,622075,2020,113,81,.243,.231,.012,.369,.384,-.015,.288,.287,.001,2.93,3.73,-0.80
Oviedo, Johan,670912,2020,112,81,.253,.305,-.052,.432,.532,-.100,.333,.379,-.046,5.47,6.96,-1.49
Staumont, Josh,622251,2020,112,56,.215,.198,.017,.290,.320,-.030,.295,.289,.006,2.45,3.78,-1.33
Buttrey, Ty,621142,2020,112,84,.283,.268,.015,.495,.446,.049,.339,.309,.030,5.81,4.36,1.45
Holland, Greg,518813,2020,112,71,.200,.198,.002,.310,.317,-.007,.250,.250,.000,1.91,2.81,-0.90
Pineda, Michael,501381,2020,111,78,.248,.226,.022,.307,.331,-.024,.265,.270,-.005,3.38,3.28,0.10
Smyly, Drew,592767,2020,111,60,.198,.223,-.025,.297,.383,-.086,.244,.287,-.043,3.42,3.73,-0.31
Harper, Ryne,607560,2020,110,75,.290,.264,.026,.510,.453,.057,.357,.319,.038,7.61,4.68,2.93
Brasier, Ryan,518489,2020,110,69,.245,.249,-.004,.378,.402,-.024,.297,.301,-.004,3.96,4.12,-0.16
Hatch, Thomas,641672,2020,109,71,.191,.242,-.051,.298,.411,-.113,.271,.325,-.054,2.73,4.87,-2.14
Crichton, Stefan,592233,2020,109,73,.229,.259,-.030,.344,.355,-.011,.279,.294,-.015,2.42,3.92,-1.50
Foster, Matt,641582,2020,109,69,.162,.242,-.080,.273,.453,-.180,.222,.312,-.090,2.20,4.45,-2.25
Diaz, Edwin,621242,2020,109,44,.191,.156,.035,.287,.233,.054,.268,.234,.034,1.75,2.46,-0.71
Karinchak, James,675916,2020,109,40,.159,.130,.029,.227,.196,.031,.230,.222,.008,2.67,2.22,0.45
Hughes, Jared,453172,2020,109,69,.256,.229,.027,.422,.371,.051,.347,.319,.028,4.84,4.68,0.16
Greene, Shane,572888,2020,109,77,.229,.223,.006,.333,.346,-.013,.277,.279,-.002,2.60,3.51,-0.91
Treinen, Blake,595014,2020,107,75,.240,.237,.003,.313,.308,.005,.271,.271,.000,3.86,3.31,0.55
Wisler, Matt,605538,2020,107,56,.165,.146,.019,.275,.274,.001,.258,.247,.011,1.07,2.74,-1.67
Finnegan, Kyle,640448,2020,107,66,.226,.222,.004,.312,.355,-.043,.272,.282,-.010,2.92,3.59,-0.67
Diaz, Jairo,545064,2020,106,72,.365,.341,.024,.612,.597,.015,.442,.424,.018,7.65,9.21,-1.56
Hernandez, Elieser,622694,2020,106,65,.212,.216,-.004,.414,.376,.038,.285,.268,.017,3.16,3.23,-0.07
Wendelken, J.B.,605525,2020,106,63,.183,.187,-.004,.280,.325,-.045,.243,.260,-.017,1.80,3.04,-1.24
Bard, Daniel,453268,2020,106,66,.237,.232,.005,.344,.370,-.026,.292,.296,-.004,3.65,3.98,-0.33
Cahill, Trevor,502239,2020,105,59,.184,.218,-.034,.333,.380,-.047,.278,.304,-.026,3.24,4.21,-0.97
Stammen, Craig,489334,2020,105,79,.278,.252,.026,.381,.344,.037,.303,.277,.026,5.63,3.46,2.17
Hoffman, Jeff,656546,2020,104,73,.352,.300,.052,.571,.497,.074,.406,.350,.056,9.28,5.76,3.52
Urena, Jose,570632,2020,104,74,.247,.249,-.002,.427,.463,-.036,.338,.346,-.008,5.40,5.61,-0.21
Martinez, Carlos,593372,2020,104,76,.352,.300,.052,.637,.512,.125,.421,.358,.063,9.90,6.07,3.83
Sims, Lucas,608371,2020,104,55,.146,.134,.012,.292,.211,.081,.253,.224,.029,2.45,2.26,0.19
Neris, Hector,593576,2020,103,63,.267,.240,.027,.311,.355,-.044,.295,.294,.001,4.57,3.92,0.65
LeBlanc, Wade,453281,2020,103,81,.293,.255,.038,.533,.411,.122,.364,.307,.057,8.06,4.30,3.76
Guerra, Junior,448855,2020,103,65,.205,.235,-.030,.301,.356,-.055,.283,.315,-.032,3.04,4.55,-1.51
Jansen, Kenley,445276,2020,102,57,.211,.190,.021,.311,.285,.026,.275,.255,.020,3.33,2.92,0.41
Barnes, Matt,598264,2020,102,55,.214,.239,-.025,.369,.435,-.066,.307,.332,-.025,4.30,5.11,-0.81
Suero, Wander,593833,2020,102,61,.227,.218,.009,.318,.366,-.048,.279,.287,-.008,3.80,3.73,0.07
Hunter, Tommy,488984,2020,102,68,.239,.299,-.060,.391,.454,-.063,.300,.339,-.039,4.01,5.36,-1.35
Scrubb, Andre,668687,2020,102,58,.190,.195,-.005,.241,.298,-.057,.276,.299,-.023,1.90,4.06,-2.16
Shreve, Chasen,592741,2020,102,56,.191,.208,-.017,.371,.342,.029,.282,.277,.005,3.96,3.46,0.50
Workman, Brandon,519443,2020,101,65,.352,.292,.060,.568,.533,.035,.417,.371,.046,5.95,6.61,-0.66
Holder, Jonathan,656547,2020,101,76,.281,.252,.029,.449,.454,-.005,.339,.325,.014,4.98,4.87,0.11
Kintzler, Brandon,445213,2020,101,76,.236,.257,-.021,.393,.425,-.032,.293,.316,-.023,2.22,4.58,-2.36
Hartlieb, Geoff,664129,2020,101,60,.205,.223,-.018,.282,.315,-.033,.310,.332,-.022,3.63,5.11,-1.48
Slegers, Aaron,642083,2020,101,75,.194,.233,-.039,.237,.329,-.092,.210,.262,-.052,3.46,3.09,0.37
Jimenez, Joe,641729,2020,101,68,.284,.278,.006,.580,.526,.054,.383,.362,.021,7.15,6.23,0.92
Williams, Devin,642207,2020,100,36,.090,.109,-.019,.157,.184,-.027,.161,.179,-.018,0.33,1.49,-1.16
Dolis, Rafael,503569,2020,100,54,.193,.172,.021,.277,.313,-.036,.273,.274,-.001,1.50,3.38,-1.88
Sulser, Cole,642121,2020,100,64,.210,.221,-.011,.358,.379,-.021,.309,.317,-.008,5.56,4.61,0.95
Green, Chad,643338,2020,100,60,.144,.161,-.017,.322,.317,.005,.218,.221,-.003,3.51,2.20,1.31
Loaisiga, Jonathan,642528,2020,100,66,.241,.251,-.010,.414,.407,.007,.315,.316,-.001,3.52,4.58,-1.06
Bass, Anthony,542914,2020,100,70,.189,.176,.013,.300,.265,.035,.239,.223,.016,3.51,2.24,1.27
Ynoa, Huascar,660623,2020,100,68,.277,.275,.002,.422,.422,.000,.343,.346,-.003,5.82,5.61,0.21
Springs, Jeffrey,605488,2020,99,63,.333,.268,.065,.589,.492,.097,.399,.329,.070,7.08,5.01,2.07
Zuber, Tyler,676604,2020,99,48,.197,.218,-.021,.368,.415,-.047,.325,.341,-.016,4.09,5.43,-1.34
Curtiss, John,595928,2020,99,69,.223,.238,-.015,.351,.409,-.058,.263,.283,-.020,1.80,3.62,-1.82
Fry, Paul,643316,2020,98,59,.250,.184,.066,.398,.276,.122,.313,.243,.070,2.45,2.65,-0.20
Soto, Gregory,642397,2020,98,54,.193,.205,-.012,.289,.309,-.020,.277,.286,-.009,4.30,3.70,0.60
Kay, Anthony,641743,2020,98,62,.268,.271,-.003,.500,.468,.032,.358,.345,.013,5.14,5.58,-0.44
Floro, Dylan,571670,2020,98,75,.250,.254,-.004,.348,.346,.002,.259,.276,-.017,2.59,3.43,-0.84
Benjamin, Wes,605138,2020,98,70,.264,.238,.026,.429,.406,.023,.317,.291,.026,4.84,3.84,1.00
Clippard, Tyler,461325,2020,98,68,.202,.210,-.008,.309,.392,-.083,.233,.257,-.024,2.77,2.97,-0.20
Wittgren, Nick,621295,2020,98,59,.209,.243,-.034,.407,.467,-.060,.295,.321,-.026,3.42,4.74,-1.32
Rondon, Hector,444468,2020,97,62,.298,.263,.035,.631,.487,.144,.405,.340,.065,7.65,5.39,2.26
Yardley, Eric,642233,2020,97,67,.224,.227,-.003,.353,.363,-.010,.289,.295,-.006,1.54,3.95,-2.41
Soria, Joakim,465657,2020,96,62,.217,.202,.015,.289,.317,-.028,.243,.248,-.005,2.82,2.76,0.06
Maton, Phil,664208,2020,96,54,.267,.207,.060,.372,.274,.098,.310,.250,.060,4.57,2.81,1.76
Cabrera, Genesis,650893,2020,96,44,.132,.187,-.055,.276,.372,-.096,.276,.319,-.043,2.42,4.68,-2.26
Kinley, Tyler,641755,2020,96,55,.167,.187,-.020,.269,.316,-.047,.259,.282,-.023,5.32,3.59,1.73
Garcia, Rony,665621,2020,96,73,.287,.312,-.025,.586,.579,.007,.387,.389,-.002,8.14,7.41,0.73
May, Trevor,543507,2020,96,51,.227,.201,.026,.398,.390,.008,.287,.271,.016,3.86,3.31,0.55
Loup, Aaron,571901,2020,96,66,.200,.245,-.045,.376,.419,-.043,.269,.299,-.030,2.52,4.06,-1.54
Melancon, Mark,453343,2020,95,72,.262,.247,.015,.310,.347,-.037,.272,.275,-.003,2.78,3.41,-0.63
Cole, A.J.,595918,2020,95,66,.226,.194,.032,.393,.301,.092,.286,.239,.047,3.09,2.57,0.52
Newberry, Jake,623470,2020,94,56,.256,.237,.019,.410,.399,.011,.334,.319,.015,4.09,4.68,-0.59
Alcala, Jorge,660896,2020,94,59,.244,.225,.019,.372,.362,.010,.295,.278,.017,2.63,3.49,-0.86
Ramirez, Yohan,670990,2020,94,44,.130,.151,-.021,.275,.281,-.006,.294,.305,-.011,2.61,4.24,-1.63
Cishek, Steve,518553,2020,93,59,.269,.260,.009,.487,.455,.032,.359,.350,.009,5.40,5.76,-0.36
Givens, Mychal,571710,2020,93,56,.200,.198,.002,.450,.400,.050,.315,.294,.021,3.63,3.92,-0.29
Rodriguez, Richard,593144,2020,93,51,.179,.218,-.039,.298,.366,-.068,.234,.270,-.036,2.70,3.28,-0.58
Trivino, Lou,642152,2020,93,57,.193,.202,-.009,.325,.374,-.049,.266,.282,-.016,3.86,3.59,0.27
Cessa, Luis,570666,2020,93,68,.235,.247,-.012,.400,.408,-.008,.295,.299,-.004,3.32,4.06,-0.74
Marshall, Evan,605359,2020,93,56,.198,.197,.001,.279,.258,.021,.237,.229,.008,2.38,2.36,0.02
Garcia, Bryan,650530,2020,93,70,.222,.270,-.048,.247,.354,-.107,.258,.309,-.051,1.66,4.36,-2.70
Vincent, Nick,543883,2020,92,68,.271,.289,-.018,.518,.537,-.019,.351,.354,-.003,4.43,5.92,-1.49
Duffey, Tyler,608648,2020,92,54,.153,.206,-.053,.271,.315,-.044,.214,.250,-.036,1.88,2.81,-0.93
McFarland, T.J.,519008,2020,92,77,.302,.300,.002,.547,.513,.034,.372,.355,.017,4.35,5.96,-1.61
Hendriks, Liam,521230,2020,92,52,.161,.211,-.050,.218,.322,-.104,.170,.227,-.057,1.78,2.32,-0.54
Hudson, Daniel,543339,2020,92,50,.195,.184,.011,.468,.406,.062,.333,.301,.032,6.10,4.12,1.98
Cody, Kyle,621129,2020,92,61,.190,.200,-.010,.278,.315,-.037,.266,.279,-.013,1.59,3.51,-1.92
Heuer, Codi,676051,2020,92,58,.145,.218,-.073,.205,.323,-.118,.200,.269,-.069,1.52,3.26,-1.74
Turley, Nik,543867,2020,92,58,.173,.212,-.039,.293,.341,-.048,.258,.289,-.031,4.98,3.78,1.20
Iglesias, Raisel,628452,2020,91,54,.193,.195,-.002,.265,.301,-.036,.219,.236,-.017,2.74,2.50,0.24
Rogers, Taylor,573124,2020,91,62,.302,.246,.056,.465,.387,.078,.341,.284,.057,4.05,3.64,0.41
Pressly, Ryan,519151,2020,91,54,.253,.209,.044,.410,.297,.113,.307,.247,.060,3.43,2.74,0.69
Zimmer, Kyle,622092,2020,91,54,.175,.213,-.038,.263,.289,-.026,.244,.268,-.024,1.57,3.23,-1.66
Gonzalez, Chi Chi,592346,2020,91,62,.289,.291,-.002,.500,.449,.051,.376,.357,.019,6.86,6.04,0.82
Rosenthal, Trevor,572096,2020,91,44,.148,.132,.016,.296,.265,.031,.229,.210,.019,1.90,2.00,-0.10
Hembree, Heath,592390,2020,90,60,.329,.287,.042,.759,.666,.093,.462,.406,.056,9.00,8.24,0.76
Paredes, Enoli,660600,2020,90,58,.237,.288,-.051,.329,.414,-.085,.297,.350,-.053,3.05,5.76,-2.71
Paxton, James,572020,2020,90,56,.284,.227,.057,.531,.443,.088,.362,.301,.061,6.64,4.12,2.52
Waguespack, Jacob,621097,2020,90,63,.346,.272,.074,.474,.393,.081,.385,.327,.058,8.15,4.94,3.21
Colome, Alex,517008,2020,90,64,.163,.214,-.051,.213,.301,-.088,.213,.262,-.049,0.81,3.09,-2.28
Nelson, Nick,656793,2020,90,61,.256,.287,-.031,.436,.485,-.049,.333,.360,-.027,4.79,6.16,-1.37
Howard, Sam,607572,2020,90,51,.221,.211,.010,.442,.364,.078,.324,.291,.033,3.86,3.84,0.02
Tepera, Ryan,572193,2020,89,45,.227,.212,.015,.347,.309,.038,.303,.286,.017,3.92,3.70,0.22
Neverauskas, Dovydas,596720,2020,89,56,.304,.265,.039,.557,.470,.087,.392,.339,.053,7.11,5.36,1.75
Farmer, Buck,571656,2020,89,70,.244,.273,-.029,.390,.459,-.069,.285,.336,-.051,3.80,5.25,-1.45
Castillo, Diego,650895,2020,89,54,.156,.176,-.020,.312,.276,.036,.258,.256,.002,1.66,2.94,-1.28
Altavilla, Dan,656186,2020,89,53,.234,.258,-.024,.442,.499,-.057,.332,.353,-.021,5.75,5.88,-0.13
Widener, Taylor,642203,2020,88,51,.192,.209,-.017,.452,.422,.030,.329,.322,.007,4.50,4.77,-0.27
Jeffress, Jeremy,502026,2020,88,57,.137,.251,-.114,.192,.368,-.176,.220,.320,-.100,1.54,4.71,-3.17
Nova, Ivan,467100,2020,88,70,.278,.318,-.040,.481,.589,-.108,.352,.402,-.050,8.53,8.04,0.49
Baragar, Caleb,670056,2020,88,63,.210,.220,-.010,.395,.425,-.030,.276,.288,-.012,4.03,3.75,0.28
Underwood Jr., Duane,621249,2020,88,54,.313,.252,.061,.575,.460,.115,.383,.310,.073,5.66,4.39,1.27
Petit, Yusmeiro,433589,2020,88,66,.232,.230,.002,.366,.455,-.089,.271,.311,-.040,1.66,4.42,-2.76
Graterol, Brusdar,660813,2020,88,69,.225,.225,.000,.288,.321,-.033,.246,.260,-.014,3.09,3.04,0.05
Lopez, Yoan,661255,2020,87,62,.269,.227,.042,.526,.455,.071,.354,.310,.044,5.95,4.39,1.56
Webb, Tyler,643778,2020,87,61,.218,.240,-.022,.321,.396,-.075,.261,.297,-.036,2.08,4.01,-1.93
Keller, Mitch,656605,2020,87,52,.132,.203,-.071,.338,.466,-.128,.298,.358,-.060,2.91,6.07,-3.16
Taylor, Blake,642130,2020,87,58,.173,.180,-.007,.280,.278,.002,.253,.258,-.005,2.18,2.99,-0.81
Romo, Sergio,489265,2020,87,54,.211,.221,-.010,.368,.376,-.008,.289,.293,-.004,4.05,3.89,0.16
Alzolay, Adbert,640470,2020,87,44,.169,.186,-.017,.268,.284,-.016,.259,.279,-.020,2.95,3.51,-0.56
Brice, Austin,592169,2020,87,47,.236,.220,.016,.458,.368,.090,.354,.319,.035,5.95,4.68,1.27
Herget, Jimmy,623474,2020,87,54,.188,.237,-.049,.333,.382,-.049,.297,.332,-.035,3.20,5.11,-1.91
Pagan, Emilio,641941,2020,87,55,.182,.217,-.035,.377,.444,-.067,.272,.304,-.032,4.50,4.21,0.29
Scott, Tanner,656945,2020,86,50,.164,.201,-.037,.233,.290,-.057,.247,.283,-.036,1.31,3.62,-2.31
Hand, Brad,543272,2020,86,49,.169,.175,-.006,.260,.319,-.059,.213,.235,-.022,2.05,2.48,-0.43
Wilson, Justin,458677,2020,86,53,.240,.218,.022,.293,.323,-.030,.278,.274,.004,3.66,3.38,0.28
Jones, Nate,518858,2020,86,55,.325,.264,.061,.571,.488,.083,.393,.329,.064,6.27,5.01,1.26
Osich, Josh,592612,2020,86,55,.266,.242,.024,.506,.396,.110,.348,.299,.049,6.38,4.06,2.32
Sadler, Casey,594987,2020,86,53,.205,.247,-.042,.397,.356,.041,.309,.312,-.003,5.12,4.45,0.67
Reyes, Alex,621052,2020,86,45,.197,.186,.011,.282,.318,-.036,.277,.279,-.002,3.20,3.51,-0.31
Chatwood, Tyler,543022,2020,86,52,.289,.274,.015,.474,.452,.022,.352,.334,.018,5.30,5.18,0.12
Patino, Luis,672715,2020,85,49,.257,.191,.066,.400,.347,.053,.348,.302,.046,5.19,4.15,1.04
Woodford, Jake,663765,2020,85,64,.253,.269,-.016,.532,.525,.007,.337,.341,-.004,5.57,5.43,0.14
Font, Wilmer,521655,2020,85,60,.378,.289,.089,.527,.477,.050,.414,.359,.055,9.92,6.11,3.81
Minter, A.J.,621345,2020,85,52,.200,.212,-.012,.320,.308,.012,.256,.257,-.001,0.83,2.97,-2.14
Phelps, David,475479,2020,85,48,.241,.219,.022,.519,.483,.036,.336,.308,.028,6.53,4.33,2.20
Ottavino, Adam,493603,2020,85,50,.270,.218,.052,.419,.355,.064,.332,.288,.044,5.89,3.75,2.14
Ramirez, Noe,598287,2020,85,61,.203,.239,-.036,.324,.388,-.064,.262,.295,-.033,3.00,3.95,-0.95
Diekman, Jake,518617,2020,84,40,.114,.137,-.023,.157,.250,-.093,.199,.240,-.041,0.42,2.59,-2.17
Harris, Will,501789,2020,84,54,.280,.269,.011,.440,.456,-.016,.342,.335,.007,3.06,5.22,-2.16
Raley, Brooks,548384,2020,84,47,.178,.178,.000,.356,.319,.037,.276,.263,.013,4.95,3.11,1.84
Sneed, Cy,605482,2020,83,52,.310,.227,.083,.535,.434,.101,.384,.306,.078,5.71,4.27,1.44
Fry, Jace,605240,2020,83,47,.225,.227,-.002,.394,.366,.028,.310,.296,.014,3.66,3.98,-0.32
Misiewicz, Anthony,664948,2020,83,51,.263,.242,.021,.421,.357,.064,.315,.278,.037,4.05,3.49,0.56
Strahm, Matt,621381,2020,83,59,.189,.242,-.053,.338,.431,-.093,.270,.320,-.050,2.61,4.71,-2.10
Kremer, Dean,665152,2020,83,49,.214,.225,-.011,.386,.437,-.051,.306,.319,-.013,4.82,4.68,0.14
James, Josh,657624,2020,83,43,.234,.251,-.017,.484,.503,-.019,.384,.389,-.005,7.27,7.41,-0.14
Selman, Sam,572125,2020,82,48,.186,.192,-.006,.314,.271,.043,.273,.260,.013,3.72,3.04,0.68
Thielbar, Caleb,573204,2020,82,51,.192,.205,-.013,.219,.310,-.091,.233,.265,-.032,2.25,3.16,-0.91
Pearson, Nate,663878,2020,81,52,.209,.222,-.013,.448,.398,.050,.331,.318,.013,6.00,4.64,1.36
Funkhouser, Kyle,608335,2020,81,58,.319,.314,.005,.522,.468,.054,.391,.371,.020,7.27,6.61,0.66
Claudio, Alex,592222,2020,81,59,.243,.220,.023,.378,.317,.061,.296,.264,.032,4.26,3.13,1.13
Beeks, Jalen,656222,2020,81,51,.276,.226,.050,.382,.297,.085,.298,.241,.057,3.26,2.61,0.65
Detwiler, Ross,446321,2020,81,60,.253,.240,.013,.387,.383,.004,.294,.283,.011,3.20,3.62,-0.42
Johnson, Pierce,572955,2020,80,44,.214,.222,-.008,.343,.357,-.014,.281,.283,-.002,2.70,3.62,-0.92
Robles, Hansel,570663,2020,80,49,.284,.282,.002,.537,.524,.013,.382,.376,.006,10.26,6.82,3.44
Gonzalez, Victor,624647,2020,80,52,.176,.170,.006,.203,.229,-.026,.194,.214,-.020,1.33,2.07,-0.74
Ginkel, Kevin,656464,2020,79,48,.318,.248,.070,.530,.434,.096,.400,.334,.066,6.75,5.18,1.57
Boxberger, Brad,502202,2020,79,52,.246,.244,.002,.420,.433,-.013,.320,.331,-.011,3.00,5.08,-2.08
Hill, Tim,657612,2020,79,51,.239,.238,.001,.423,.366,.057,.311,.289,.022,4.50,3.78,0.72
McGee, Jake,459429,2020,79,43,.187,.187,.000,.347,.347,.000,.236,.231,.005,2.66,2.40,0.26
Morejon, Adrian,670970,2020,79,50,.267,.277,-.010,.573,.542,.031,.359,.345,.014,4.66,5.58,-0.92
Hader, Josh,623352,2020,78,34,.123,.144,-.021,.292,.283,.009,.255,.256,-.001,3.79,2.94,0.85
Barnes, Jacob,606930,2020,78,48,.275,.250,.025,.391,.434,-.043,.306,.306,.000,5.50,4.27,1.23
Samardzija, Jeff,502188,2020,77,65,.296,.282,.014,.634,.565,.069,.403,.360,.043,9.72,6.16,3.56
Thorpe, Lewis,626929,2020,77,57,.358,.305,.053,.597,.546,.051,.434,.385,.049,6.06,7.23,-1.17
Graveman, Kendall,608665,2020,77,54,.221,.238,-.017,.412,.374,.038,.300,.296,.004,5.79,3.98,1.81
Chavez, Jesse,445926,2020,77,56,.303,.299,.004,.621,.577,.044,.395,.377,.018,6.88,6.87,0.01
Winkler, Dan,595465,2020,76,46,.175,.225,-.050,.317,.409,-.092,.281,.327,-.046,2.95,4.94,-1.99
Britton, Zack,502154,2020,76,53,.174,.194,-.020,.232,.275,-.043,.219,.247,-.028,1.89,2.74,-0.85
Hearn, Taylor,621368,2020,76,41,.206,.181,.025,.317,.294,.023,.291,.268,.023,3.63,3.23,0.40
Hale, David,571735,2020,75,57,.324,.312,.012,.507,.521,-.014,.365,.357,.008,3.71,6.04,-2.33
Rainey, Tanner,663432,2020,75,35,.119,.184,-.065,.328,.360,-.032,.227,.260,-.033,2.66,3.04,-0.38
Ferguson, Caleb,657571,2020,75,45,.222,.162,.060,.417,.293,.124,.280,.207,.073,2.89,1.95,0.94