Pitches,Year,BA,BABIP,wOBA,xwOBA,xBA,Hits,ABs,spin_rate,Velocity,W,L,G,BFP,ERA,H,HR,BB,SO,K_percent,BB_percent,hard_hit_percent,barrel_percent,ERA_t1,BFP_per_G,xwOBA_minus_wOBA,luck_adj_ERA
3492,2015,0.217,0.269,0.254,0.272,0.23,185,854,1991,86.3,20,8,33,911,2.48,185,17,51,216,0.237,0.056,28,3.3,4.55,27.606060606060606,0.018000000000000016,2.6171176276431947
3449,2015,0.22,0.297,0.272,0.289,0.228,175,795,2099,92.3,12,13,34,868,3.23,175,19,66,252,0.29,0.076,38.9,4.6,4.02,25.529411764705884,0.01699999999999996,3.4397486634125958
3438,2015,0.185,0.247,0.225,0.248,0.207,150,811,2312,91.5,22,6,33,870,1.77,150,10,48,236,0.271,0.055,24.7,2.2,3.1,26.363636363636363,0.022999999999999993,1.9794003399054314
3392,2015,0.194,0.283,0.231,0.235,0.195,163,839,2201,89,16,7,33,890,2.13,163,15,42,301,0.338,0.047,24.4,3.3,1.69,26.96969696969697,0.003999999999999976,2.3532798826174797
3388,2015,0.23,0.292,0.27,0.284,0.233,190,826,2147,90.8,9,4,21,592,2.53,133,13,29,138,0.233,0.049,31,4.6,3.99,28.19047619047619,0.013999999999999957,2.8503825190237797
3373,2015,0.272,0.33,0.312,0.314,0.267,218,802,1988,87.7,9,10,32,862,3.36,218,16,44,177,0.205,0.051,32.9,4.3,3.2,26.9375,0.0020000000000000018,3.3941583337080434
3359,2015,0.208,0.273,0.259,0.26,0.207,176,847,2287,90.8,14,12,33,899,2.79,176,27,34,276,0.307,0.038,29.8,5.8,2.96,27.242424242424242,0.0010000000000000009,3.081023097768866
3343,2015,0.238,0.297,0.293,0.294,0.233,190,800,2014,88.8,6,7,20,537,3.64,113,12,39,137,0.255,0.073,33.2,4.6,3.32,26.85,0.0010000000000000009,3.616179774276379
3339,2015,0.273,0.305,0.33,0.332,0.27,228,836,2273,91.1,11,13,32,910,4.96,228,29,49,163,0.179,0.054,31.8,5.2,3.81,28.4375,0.0020000000000000018,4.530449627929215
3336,2015,0.248,0.303,0.335,0.311,0.234,189,763,2177,86.8,13,7,33,860,3.91,189,33,81,216,0.251,0.094,37.7,5.6,4.28,26.060606060606062,-0.02400000000000002,3.988300833490793
3323,2015,0.233,0.324,0.285,0.268,0.215,185,794,2217,89.6,13,11,31,854,3.41,185,23,42,274,0.321,0.049,27,4,3.34,27.548387096774192,-0.01699999999999996,3.242104260965478
3312,2015,0.222,0.284,0.266,0.281,0.229,181,814,2256,88,18,9,32,869,2.93,181,21,39,234,0.269,0.045,30.1,4.8,2.74,27.15625,0.015000000000000013,3.1133828720171577
3298,2015,0.251,0.293,0.305,0.34,0.269,190,758,2121,88.8,13,9,34,850,3.55,190,16,72,155,0.182,0.085,33.5,5.9,5.37,25,0.03500000000000003,3.681358921756918
3275,2015,0.253,0.293,0.322,0.341,0.268,189,748,2078,87.2,11,8,33,843,4.04,189,27,73,171,0.203,0.087,36.6,5.1,3.21,25.545454545454547,0.019000000000000017,4.0154939597776576
3273,2015,0.231,0.3,0.283,0.291,0.233,189,819,2300,90.2,9,16,32,886,3.49,189,22,45,245,0.277,0.051,32.5,5.6,3.14,27.6875,0.008000000000000007,3.6005667654782156
3268,2015,0.242,0.284,0.293,0.311,0.251,194,803,2133,89.5,7,6,19,516,2.62,93,11,29,120,0.233,0.056,31.8,4.9,2.79,27.157894736842106,0.018000000000000016,2.9506697365045986
3247,2015,0.238,0.289,0.29,0.292,0.231,183,769,2199,91.3,6,17,33,860,3.02,183,13,73,171,0.199,0.085,27.7,3.6,6.15,26.060606060606062,0.0020000000000000018,2.969650730143316
3241,2015,0.263,0.312,0.308,0.293,0.237,207,788,2298,85,19,7,32,859,3.89,207,19,53,171,0.199,0.062,29.2,3.5,4.34,26.84375,-0.015000000000000013,3.4997479431577827
3239,2015,0.187,0.232,0.224,0.258,0.214,148,790,2246,89,19,3,32,843,1.66,148,14,40,200,0.237,0.047,27.8,4,4.37,26.34375,0.034,2.213548616073391
3238,2015,0.239,0.308,0.274,0.298,0.243,183,765,2137,93,19,8,32,832,2.6,183,11,44,202,0.243,0.053,34.7,4.3,3.88,26,0.023999999999999966,2.9273930842330085
3235,2015,0.252,0.29,0.304,0.32,0.257,186,737,2053,89,11,11,32,821,3.84,186,18,65,145,0.177,0.079,34.4,5,5.07,25.65625,0.016000000000000014,3.819173404135854
3226,2015,0.268,0.303,0.32,0.33,0.277,193,720,2133,88.3,13,11,33,793,3.42,193,15,68,121,0.153,0.086,34.7,2.8,5.42,24.03030303030303,0.010000000000000009,3.1715701096873703
3194,2015,0.265,0.309,0.323,0.319,0.256,201,758,2130,87.8,11,11,32,831,4.46,201,17,64,147,0.177,0.077,31.5,4.5,4.98,25.96875,-0.0040000000000000036,4.094535216754322
3185,2015,0.24,0.306,0.289,0.283,0.229,183,764,2209,88.5,11,12,32,828,3.34,183,16,47,207,0.25,0.057,28.4,4.4,2.44,25.875,-0.006000000000000005,3.287005423791005
3162,2015,0.227,0.254,0.313,0.321,0.229,156,687,2125,87.6,9,9,33,776,3.59,156,29,71,162,0.209,0.091,35.6,7.9,4.25,23.515151515151516,0.008000000000000007,3.8548097265954433
3109,2015,0.279,0.335,0.335,0.315,0.25,200,718,2095,92.2,6,16,31,804,4.34,200,19,66,165,0.205,0.082,34.4,5.1,4.76,25.93548387096774,-0.020000000000000018,4.172790075464199
3103,2015,0.264,0.306,0.304,0.316,0.262,204,774,2306,90.4,13,10,33,831,3.66,204,24,39,164,0.197,0.047,32.9,4.2,4.87,25.181818181818183,0.01200000000000001,3.5749245625731234
3078,2015,0.217,0.256,0.262,0.296,0.238,166,765,2317,90.4,14,7,31,831,2.73,166,17,59,169,0.203,0.071,34.6,4.5,5.69,26.806451612903224,0.033999999999999975,3.0304612480133395
3060,2015,0.257,0.31,0.32,0.313,0.248,182,707,1987,88.1,12,10,32,791,4.11,182,20,68,168,0.212,0.086,31.8,4.2,5.44,24.71875,-0.007000000000000006,3.835835664211212
3042,2015,0.238,0.285,0.308,0.307,0.233,162,680,2177,85.6,5,9,21,509,3.89,117,14,43,121,0.238,0.084,29.4,5.9,4.48,24.238095238095237,-0.0010000000000000009,3.8161261483853366
3040,2015,0.24,0.291,0.299,0.298,0.237,180,750,1999,88.3,18,9,31,826,3.53,180,23,58,191,0.231,0.07,34.4,4.2,3.82,26.64516129032258,-0.0010000000000000009,3.517305226477934
3014,2015,0.265,0.292,0.336,0.318,0.252,193,729,2162,91.5,14,9,32,809,4.67,193,32,63,150,0.185,0.078,32.8,6.1,4.26,25.28125,-0.018000000000000016,4.458843478966599
3010,2015,0.262,0.293,0.325,0.313,0.253,192,732,2022,88.2,11,8,31,792,3.34,192,28,41,153,0.193,0.052,31.9,6.1,4.96,25.548387096774192,-0.01200000000000001,3.5147829564934208
2983,2015,0.223,0.294,0.281,0.301,0.237,155,695,1980,88.9,12,7,31,773,3.38,155,15,70,205,0.265,0.091,28,4.3,5.46,24.93548387096774,0.019999999999999962,3.2893182769088622
2976,2015,0.215,0.277,0.251,0.263,0.216,149,694,2176,92.2,14,8,30,751,2.54,149,16,38,205,0.273,0.051,29.6,4,3.04,25.033333333333335,0.01200000000000001,2.776528079410249
2976,2015,0.255,0.286,0.323,0.33,0.251,180,706,2143,88.3,11,14,32,800,4.08,180,22,77,137,0.171,0.096,36.9,5.7,4.33,25,0.007000000000000006,4.101225809874914
2947,2015,0.269,0.343,0.312,0.309,0.244,181,673,2229,88.7,11,8,31,758,3.79,181,8,69,169,0.223,0.091,34.5,4.7,4.57,24.451612903225808,-0.0030000000000000027,3.75589255679556
2943,2015,0.267,0.295,0.331,0.33,0.261,176,660,2136,88.1,11,11,31,741,4.99,176,20,64,120,0.162,0.086,32.3,5.1,3.77,23.903225806451612,-0.0010000000000000009,4.556770183571019
2937,2015,0.236,0.276,0.294,0.306,0.242,162,687,1989,90.5,17,7,30,762,3.38,162,19,58,153,0.201,0.076,33.2,4.8,5.09,25.4,0.01200000000000001,3.4669660501095785
2913,2015,0.273,0.324,0.321,0.316,0.257,194,710,2026,90.3,9,13,31,785,4.05,194,17,55,151,0.192,0.07,34.3,4.9,3.28,25.322580645161292,-0.0050000000000000044,3.9503700378779616
2913,2015,0.203,0.217,0.276,0.296,0.222,134,659,2302,85.4,13,8,34,725,3.13,134,24,55,131,0.181,0.076,30.8,5.3,3.48,21.323529411764707,0.019999999999999962,3.294463088465078
2911,2015,0.258,0.306,0.347,0.332,0.255,166,644,2265,88,9,15,30,713,4.28,166,31,52,174,0.244,0.073,39.6,8.1,3.68,23.766666666666666,-0.014999999999999958,4.449329091051176
2909,2015,0.275,0.322,0.316,0.326,0.27,198,720,1864,86.6,7,6,20,509,3.54,132,8,36,90,0.177,0.071,33.1,4.3,3.73,25.45,0.010000000000000009,3.513403865733969
2869,2015,0.232,0.279,0.314,0.317,0.233,152,655,2170,88.9,11,12,31,744,4.55,152,23,79,170,0.228,0.106,33.9,5.9,4.26,24,0.0030000000000000027,4.386534820917445
2844,2015,0.25,0.324,0.301,0.294,0.231,168,671,1999,91.6,14,7,31,755,3.01,168,13,63,184,0.244,0.083,33.6,4.6,3.04,24.35483870967742,-0.007000000000000006,3.207937396712319
2798,2015,0.222,0.277,0.266,0.261,0.214,156,703,2263,93.2,13,8,29,755,2.71,156,18,37,188,0.249,0.049,30.6,3.4,4.86,26.03448275862069,-0.0050000000000000044,2.8162559752007392
2793,2015,0.244,0.3,0.296,0.297,0.248,166,681,2126,86.4,8,7,32,739,3.95,166,17,43,167,0.226,0.058,28.5,3.3,2.13,23.09375,0.0010000000000000009,3.4624275854344173
2791,2015,0.246,0.288,0.308,0.31,0.235,163,663,2112,90.6,11,13,30,752,4.11,163,18,65,148,0.197,0.086,28.7,4.8,4.62,25.066666666666666,0.0020000000000000018,3.830730122276132
2780,2015,0.274,0.317,0.32,0.309,0.251,179,654,1818,87.6,8,11,30,736,4.49,179,15,60,129,0.175,0.082,30,3.5,5.44,24.533333333333335,-0.01100000000000001,3.873156968683269
2777,2015,0.228,0.304,0.28,0.272,0.217,154,675,2136,91.8,14,12,30,730,3.63,154,18,43,216,0.296,0.059,34.5,4.9,3.32,24.333333333333332,-0.008000000000000007,3.672420758240223
2755,2015,0.231,0.273,0.295,0.318,0.244,149,644,1937,88.4,9,9,28,700,3.35,149,18,46,150,0.214,0.066,33.9,6.2,3.69,25,0.02300000000000002,3.5686097833165307
2754,2015,0.243,0.263,0.296,0.337,0.278,174,717,2152,88.3,9,5,21,556,3.56,123,14,34,90,0.162,0.061,35.6,5.3,4.69,26.476190476190474,0.041000000000000036,3.681692217679771
2744,2015,0.287,0.333,0.34,0.334,0.272,196,682,2392,88,9,15,28,737,4.92,196,25,38,149,0.202,0.052,36.3,5.6,3.15,26.321428571428573,-0.006000000000000005,4.669686751444439
2701,2015,0.28,0.309,0.333,0.328,0.268,192,686,1952,85.9,9,10,33,770,4.13,192,20,55,113,0.147,0.071,32.4,4.4,4.91,23.333333333333332,-0.0050000000000000044,3.896048347771174
2663,2015,0.304,0.336,0.339,0.357,0.3,198,651,1746,90.5,6,11,30,714,4.26,198,11,45,86,0.12,0.063,36.8,4.6,5.07,23.8,0.01799999999999996,4.105254506115672
2638,2015,0.285,0.339,0.316,0.32,0.266,175,615,1922,90.8,14,3,27,673,4.2,175,10,49,121,0.18,0.073,34.6,4.8,4.76,24.925925925925927,0.0040000000000000036,4.048280786522673
2630,2015,0.252,0.293,0.31,0.324,0.255,163,648,1997,91.8,11,8,29,706,4.56,163,25,40,157,0.222,0.057,33.8,7.6,4.22,24.344827586206897,0.014000000000000012,4.507419048393219
2572,2015,0.268,0.315,0.317,0.321,0.261,164,612,2245,88.7,7,15,30,672,4.18,164,18,48,136,0.202,0.071,34.2,5.3,4.57,22.4,0.0040000000000000036,4.080870781607142
2548,2015,0.278,0.335,0.322,0.294,0.245,176,634,2012,90.4,12,10,27,668,4.37,176,21,21,156,0.234,0.031,34,5.7,4.82,24.74074074074074,-0.028000000000000025,4.241228337940114
2532,2015,0.252,0.281,0.33,0.311,0.246,152,603,2199,88.9,10,10,25,660,4.99,152,29,49,138,0.209,0.074,31.1,6.1,5.87,26.4,-0.019000000000000017,4.628160192533077
2478,2015,0.264,0.296,0.334,0.346,0.27,151,573,2202,85.8,9,12,27,636,4.62,151,22,43,121,0.19,0.068,36.7,8.2,3.71,23.555555555555557,0.011999999999999955,4.650304651095914
2462,2015,0.272,0.304,0.324,0.315,0.254,158,581,2129,87.5,6,6,27,640,4.3,158,18,40,111,0.173,0.062,31.1,5.2,4.39,23.703703703703702,-0.009000000000000008,4.07256900176683
2448,2015,0.264,0.275,0.33,0.317,0.246,163,617,2050,77.8,7,12,26,669,4.64,163,24,33,90,0.135,0.049,28.5,6.2,5.06,25.73076923076923,-0.013000000000000012,4.306997052026892
2441,2015,0.239,0.288,0.307,0.324,0.246,132,553,2242,88.2,7,5,27,621,3.67,132,19,56,145,0.233,0.09,37.1,7,5.15,23,0.017000000000000015,3.8995828152960703
2409,2015,0.236,0.273,0.289,0.312,0.255,145,614,2087,87.4,11,6,34,666,3.75,145,16,40,126,0.189,0.06,33.7,4.9,3.77,19.58823529411765,0.02300000000000002,3.737620899437574
2393,2015,0.294,0.323,0.359,0.342,0.276,176,598,1956,89.1,6,14,26,666,5.63,176,23,57,104,0.156,0.086,32,4.8,4.51,25.615384615384617,-0.01699999999999996,4.9224552165981335
2378,2015,0.276,0.32,0.335,0.34,0.273,145,526,2111,92,10,6,25,587,4.82,145,15,49,110,0.187,0.083,41.1,4.5,5.18,23.48,0.0050000000000000044,4.559421351995537
2360,2015,0.264,0.3,0.327,0.339,0.262,137,518,2233,90.3,7,8,30,588,4.08,137,15,53,102,0.173,0.09,32.8,4.5,3.51,19.6,0.01200000000000001,3.8871645671469235
2290,2015,0.221,0.243,0.287,0.314,0.248,126,571,1954,88.1,12,7,24,609,3.51,126,25,27,139,0.228,0.044,36.7,7.7,3.07,25.375,0.027000000000000024,3.805388356625784
2255,2015,0.293,0.305,0.346,0.372,0.308,184,629,2125,88.1,11,9,27,651,4.4,184,29,16,94,0.144,0.025,40.6,7.6,5.95,24.11111111111111,0.026000000000000023,4.534352551616394
2150,2015,0.229,0.268,0.276,0.268,0.221,113,493,2419,89.3,5,8,20,535,3.38,113,13,32,113,0.211,0.06,27.6,4.1,3.04,26.75,-0.008000000000000007,3.2568672741518987
2089,2015,0.259,0.288,0.326,0.311,0.24,135,522,1827,86.9,7,10,25,569,4.46,135,24,35,116,0.204,0.062,34.3,6,3.88,22.76,-0.015000000000000013,4.341297834103866
2067,2015,0.26,0.283,0.315,0.322,0.258,128,493,2094,84.6,9,5,24,543,3.92,128,17,36,91,0.168,0.066,29.6,5.3,5.71,22.625,0.007000000000000006,3.7905751739889166
2043,2015,0.236,0.316,0.285,0.275,0.222,115,488,2159,92,11,7,23,523,3.46,115,14,26,155,0.296,0.05,33.3,4.4,3.6,22.73913043478261,-0.009999999999999953,3.4779491576033243
1898,2015,0.276,0.303,0.333,0.356,0.289,126,456,2033,88,6,9,21,502,4.05,126,15,38,77,0.153,0.076,38.2,5.8,4.11,23.904761904761905,0.022999999999999965,4.115520729879679
1876,2015,0.251,0.29,0.318,0.317,0.248,109,434,2154,92.2,4,7,25,470,4.25,109,17,29,103,0.219,0.062,34.2,6.3,3.61,18.8,-0.0010000000000000009,4.216273530850249
1868,2015,0.24,0.274,0.29,0.316,0.264,117,487,1985,85.4,9,5,20,516,3.54,117,18,21,111,0.215,0.041,34.2,5.5,4.12,25.8,0.026000000000000023,3.6553348164217394
1858,2015,0.272,0.304,0.318,0.345,0.28,119,438,2191,88,4,8,23,482,4.5,119,11,33,77,0.16,0.068,35.9,4.1,2.28,20.956521739130434,0.02699999999999997,4.169783946085611
1857,2015,0.225,0.27,0.256,0.284,0.237,106,471,2235,87.3,10,6,20,510,2.43,106,6,30,97,0.19,0.059,30.5,3.7,4.67,25.5,0.02799999999999997,2.689780471271721
1754,2015,0.302,0.323,0.363,0.347,0.279,130,430,1766,90.9,5,10,20,478,4.72,130,14,37,60,0.126,0.077,36.9,5,4.86,23.9,-0.016000000000000014,4.476229223472012
1716,2015,0.26,0.33,0.292,0.283,0.242,114,438,2221,87.4,7,7,18,469,3.26,114,6,23,107,0.228,0.049,31.7,1.8,4.78,26.055555555555557,-0.009000000000000008,2.581379348219617
1678,2015,0.253,0.288,0.317,0.347,0.281,104,411,2085,89,7,5,17,457,4,104,12,36,82,0.179,0.079,40.6,4.8,3.38,26.88235294117647,0.02999999999999997,4.0176661351912095
1654,2015,0.295,0.316,0.341,0.335,0.277,120,407,1907,84.2,5,7,25,449,4.19,120,14,24,63,0.14,0.053,32.6,5.3,4.64,17.96,-0.006000000000000005,4.044768789970804
1566,2015,0.228,0.29,0.3,0.3,0.226,81,356,2222,88.7,3,7,18,395,4.15,81,11,28,104,0.263,0.071,30.9,6.3,2.53,21.944444444444443,0,4.063346044774224
1529,2015,0.269,0.293,0.344,0.338,0.269,99,368,2210,89.3,6,11,17,413,5.07,99,13,33,63,0.153,0.08,37.4,6.8,4.9,24.294117647058822,-0.00599999999999995,4.910900079774363
1463,2015,0.297,0.336,0.382,0.361,0.281,100,337,2217,91.3,2,9,18,305,7.06,84,14,25,50,0.164,0.082,37.3,7.7,4.22,16.944444444444443,-0.02100000000000002,6.444953054798533
1336,2015,0.308,0.327,0.379,0.364,0.296,103,334,2208,88.6,4,8,18,373,6.88,103,13,27,50,0.134,0.072,33.8,5.2,5.82,20.72222222222222,-0.015000000000000013,5.890661591234364
1254,2015,0.272,0.329,0.321,0.331,0.269,91,335,2097,89.2,6,5,16,357,3.6,91,9,17,78,0.218,0.048,41.5,6.2,5.15,22.3125,0.010000000000000009,3.867172010535639
1215,2015,0.285,0.326,0.318,0.323,0.274,88,309,1957,88.7,3,6,14,339,4.46,88,3,24,48,0.142,0.071,33.3,4.5,4.39,24.214285714285715,0.0050000000000000044,4.145655631198774
1178,2015,0.239,0.253,0.315,0.313,0.227,67,280,1858,74.9,5,4,16,310,4.09,67,12,27,52,0.168,0.087,29.1,6.5,3.33,19.375,-0.0020000000000000018,3.979190117096964
1136,2015,0.23,0.285,0.304,0.326,0.237,58,252,2064,85.8,5,2,12,275,3.11,58,11,20,77,0.28,0.073,35.6,10.7,4.88,22.916666666666668,0.02200000000000002,3.5760582151647964
1056,2015,0.298,0.332,0.361,0.354,0.27,74,248,2309,88.5,3,4,12,278,5.43,74,9,23,46,0.165,0.083,37.6,8.3,4.08,23.166666666666668,-0.007000000000000006,5.282874599212263
949,2015,0.195,0.199,0.274,0.325,0.242,47,241,2380,85.8,7,2,10,251,3.02,47,13,8,57,0.227,0.032,36.4,11.4,4.4,25.1,0.05099999999999999,3.5294495993537747
767,2015,0.29,0.335,0.331,0.325,0.269,54,186,1883,89.8,2,5,10,212,5.14,54,2,19,30,0.142,0.09,36.3,2.5,5.83,21.2,-0.006000000000000005,4.0441427756162085
655,2015,0.293,0.331,0.353,0.327,0.264,44,150,1961,85.6,2,2,8,171,4.46,44,4,17,27,0.158,0.099,38.1,4,4.83,21.375,-0.025999999999999968,4.169245514051803
616,2015,0.329,0.36,0.371,0.333,0.293,55,167,2102,85.9,0,3,8,183,5.9,55,5,11,25,0.137,0.06,30.8,3.4,4.68,22.875,-0.03799999999999998,4.704786639427896
3668,2016,0.207,0.256,0.272,0.282,0.211,171,827,2533,90,16,9,34,903,3.04,171,30,57,254,0.281,0.063,32.9,7.5,3.82,26.558823529411764,0.009999999999999953,3.395925103282793
3595,2016,0.258,0.314,0.309,0.302,0.244,227,879,2055,89.4,17,9,35,951,3.99,227,30,50,228,0.24,0.053,33,6.3,3.38,27.17142857142857,-0.007000000000000006,4.0042478952132115
3571,2016,0.213,0.268,0.269,0.286,0.219,179,841,2293,87.4,15,9,34,912,2.74,179,26,54,251,0.275,0.059,31.2,6.7,3.32,26.823529411764707,0.01699999999999996,3.1187420525101346
3563,2016,0.199,0.259,0.267,0.263,0.199,165,830,2371,90.6,20,7,34,902,2.96,165,31,56,284,0.315,0.062,29.5,6.1,2.51,26.529411764705884,-0.0040000000000000036,3.209939528940642
3431,2016,0.227,0.281,0.282,0.298,0.237,190,837,2218,88.6,17,10,32,907,3.34,190,27,45,233,0.257,0.05,33.2,5.7,2.9,28.34375,0.016000000000000014,3.5142822127642406
3410,2016,0.23,0.269,0.274,0.307,0.247,193,840,2361,86.6,22,4,33,890,3.15,193,23,32,189,0.212,0.036,35.1,7,4.65,26.96969696969697,0.032999999999999974,3.4878435544514508
3409,2016,0.238,0.3,0.304,0.309,0.232,183,769,2171,91.7,9,19,33,850,4.02,183,30,67,233,0.274,0.079,40.5,8.4,4.07,25.757575757575758,0.0050000000000000044,4.280444467738525
3378,2016,0.236,0.269,0.312,0.331,0.245,173,733,2311,89.2,11,11,33,818,3.68,173,33,66,184,0.225,0.081,38.7,7.7,5.38,24.78787878787879,0.019000000000000017,3.9666904894594737
3355,2016,0.228,0.274,0.282,0.314,0.245,173,758,2173,88.9,16,10,34,855,2.83,173,17,73,172,0.201,0.085,30.5,5.4,4.67,25.147058823529413,0.03200000000000003,3.09792312612941
3308,2016,0.241,0.273,0.306,0.327,0.257,170,706,2101,88.8,10,6,33,773,3.69,170,29,54,166,0.215,0.07,35.9,8.4,4.14,23.424242424242426,0.02100000000000002,3.9523168404651488
3299,2016,0.238,0.296,0.276,0.297,0.25,195,818,2136,88.3,18,5,32,881,2.79,195,15,45,198,0.225,0.051,33.2,4.4,4.52,27.53125,0.020999999999999963,3.0399939975200834
3285,2016,0.245,0.288,0.304,0.324,0.246,184,752,2240,89.6,7,7,21,549,4.08,125,20,40,109,0.199,0.073,31.3,6.4,5.52,26.142857142857142,0.020000000000000018,4.033308356469596
3282,2016,0.246,0.294,0.297,0.3,0.248,192,779,2006,88.5,13,12,32,837,3.2,192,22,50,181,0.216,0.06,34.2,4.5,4.49,26.15625,0.0030000000000000027,3.3332857630629826
3253,2016,0.243,0.299,0.307,0.323,0.248,185,760,1999,88.9,15,5,32,848,3.32,185,24,77,200,0.236,0.091,35.7,6,4.2,26.5,0.016000000000000014,3.5680345056664935
3232,2016,0.286,0.322,0.343,0.354,0.277,217,758,2181,88.3,10,11,34,853,5.37,217,23,76,139,0.163,0.089,35.5,6.3,4.19,25.08823529411765,0.010999999999999954,5.042352965826564
3195,2016,0.287,0.334,0.335,0.338,0.279,220,766,2334,84.7,13,9,33,847,4.62,220,22,59,161,0.19,0.07,30.2,5.9,5.11,25.666666666666668,0.0030000000000000027,4.326894062627216
3190,2016,0.249,0.288,0.303,0.316,0.254,190,764,2366,91.3,12,11,32,829,3.81,190,24,54,167,0.201,0.065,35.1,6.1,4.42,25.90625,0.013000000000000012,3.90641503286966
3189,2016,0.216,0.274,0.275,0.287,0.225,170,788,2399,90.1,18,9,32,860,3.14,170,22,57,227,0.264,0.066,30.4,6,2.25,26.875,0.011999999999999955,3.344708422572565
3176,2016,0.267,0.355,0.332,0.325,0.25,185,694,2226,91.9,8,15,32,776,4.9,185,24,71,218,0.281,0.091,39.5,6.9,2.89,24.25,-0.007000000000000006,4.842270023395007
3161,2016,0.211,0.258,0.264,0.283,0.226,154,730,2287,89.3,19,5,32,796,2.44,154,21,52,197,0.247,0.065,29.2,4.1,4.33,24.875,0.01899999999999996,2.716740762970211
3159,2016,0.282,0.34,0.338,0.299,0.239,206,730,2386,84,13,10,33,796,4.34,206,25,54,177,0.222,0.068,28.3,4.8,3.55,24.12121212121212,-0.039000000000000035,3.963910508281946
3133,2016,0.288,0.304,0.377,0.368,0.282,208,723,2203,86.5,2,7,11,284,4.28,69,9,27,57,0.201,0.095,33.3,8.4,5.23,25.818181818181817,-0.009000000000000008,4.3274826641114705
3124,2016,0.194,0.242,0.261,0.298,0.226,138,710,2366,91.7,18,8,31,795,3.1,138,16,76,190,0.239,0.096,29.8,4.8,3.53,25.64516129032258,0.03699999999999998,3.213963187424297
3116,2016,0.262,0.321,0.317,0.325,0.256,179,684,2261,87.5,11,11,32,765,4.57,179,19,59,171,0.224,0.077,33.8,5.9,2.96,23.90625,0.008000000000000007,4.397401511117004
3113,2016,0.262,0.311,0.319,0.324,0.257,183,698,2142,91.2,9,12,30,757,3.61,183,28,47,174,0.23,0.062,33.7,7.3,4.68,25.233333333333334,0.0050000000000000044,3.8083510213145333
3102,2016,0.264,0.31,0.312,0.314,0.262,209,792,2314,90.3,9,10,32,855,4.37,209,21,54,166,0.194,0.063,41.9,4.9,3.09,26.71875,0.0020000000000000018,4.315252820738873
3092,2016,0.248,0.294,0.31,0.334,0.262,179,721,2264,89.1,12,8,35,811,4.26,179,20,70,168,0.207,0.086,39.5,5.7,4.19,23.17142857142857,0.02400000000000002,4.2791357158312255
3078,2016,0.27,0.29,0.323,0.364,0.294,205,758,2034,89.7,10,11,33,855,4.39,205,18,76,103,0.12,0.089,37.4,6,4.82,25.90909090909091,0.04099999999999998,4.361912467062035
3061,2016,0.22,0.242,0.307,0.329,0.243,154,699,2066,86,14,8,34,792,3.76,154,31,73,162,0.205,0.092,35,7.5,4.26,23.294117647058822,0.02200000000000002,3.9542361343222057
3055,2016,0.278,0.315,0.332,0.34,0.279,204,735,1945,88.4,14,8,32,814,4.79,204,22,59,138,0.17,0.072,34.9,5.6,5.05,25.4375,0.008000000000000007,4.549756247608192
3028,2016,0.251,0.281,0.313,0.3,0.239,187,745,2269,85.6,11,14,33,811,3.65,187,30,42,167,0.206,0.052,35,5.7,4.71,24.575757575757574,-0.013000000000000012,3.768078074416624
3028,2016,0.233,0.287,0.286,0.291,0.229,169,724,2080,92.1,16,9,31,809,3.04,169,15,70,174,0.215,0.087,30.5,3.8,3.64,26.096774193548388,0.0050000000000000044,3.073907961843453
3017,2016,0.266,0.34,0.335,0.307,0.234,184,693,2038,90.7,6,12,32,756,4.82,184,27,53,207,0.274,0.07,39.1,6.7,4.39,23.625,-0.028000000000000025,4.762487744712072
3000,2016,0.277,0.301,0.34,0.34,0.274,195,705,1984,84,12,13,32,779,4.64,195,24,62,115,0.148,0.08,35.8,4.6,4.88,24.34375,0,4.338871177444018
2984,2016,0.268,0.303,0.345,0.337,0.252,186,693,2248,91.4,8,16,32,807,4.62,186,25,86,140,0.173,0.107,35.1,5.7,3.49,25.21875,-0.007999999999999952,4.441882344579709
2971,2016,0.223,0.262,0.281,0.306,0.238,157,703,2206,86.3,7,10,30,758,3.21,157,22,41,167,0.22,0.054,33.6,6.5,4.49,25.266666666666666,0.024999999999999967,3.479327405674377
2935,2016,0.236,0.273,0.278,0.3,0.253,179,759,1982,87.2,14,4,31,805,3.07,179,22,36,165,0.205,0.045,36.3,4.3,4.74,25.967741935483872,0.021999999999999964,3.2587387858168277
2931,2016,0.245,0.285,0.296,0.322,0.258,168,685,2132,89,7,11,30,748,3.38,168,19,53,149,0.199,0.071,31.7,5.9,3.28,24.933333333333334,0.026000000000000023,3.524857490414277
2930,2016,0.229,0.283,0.281,0.292,0.23,150,655,2296,84.1,16,11,32,716,3.48,150,20,50,179,0.25,0.07,25.7,5.6,4.22,22.375,0.010999999999999954,3.4130169439200735
2925,2016,0.243,0.276,0.304,0.333,0.268,173,711,2172,85.7,12,10,32,772,3.71,173,24,45,154,0.199,0.058,28.2,6.9,4.73,24.125,0.029000000000000026,3.7191097027306057
2919,2016,0.224,0.268,0.277,0.323,0.256,161,719,2344,92.1,15,2,30,790,3,161,15,63,161,0.204,0.08,39.8,6.1,4.25,26.333333333333332,0.045999999999999985,3.4048901225885078
2888,2016,0.207,0.252,0.254,0.266,0.215,142,686,2106,85.2,16,8,31,745,2.13,142,15,44,170,0.228,0.059,26.2,3.4,3.03,24.032258064516128,0.01200000000000001,2.404650668926523
2843,2016,0.203,0.234,0.279,0.301,0.223,132,651,2362,84,9,9,29,723,3.48,132,23,65,165,0.228,0.09,30.9,7.2,4.98,24.93103448275862,0.021999999999999964,3.6482404844658487
2841,2016,0.217,0.27,0.286,0.288,0.209,137,631,2318,85.8,8,7,17,411,2.47,67,8,41,115,0.28,0.1,34.4,7.3,3.32,24.176470588235293,0.0020000000000000018,2.9996757108082472
2832,2016,0.271,0.29,0.316,0.353,0.294,196,723,2254,90.8,10,11,31,786,4.11,196,22,47,108,0.137,0.06,38.5,5.5,4.19,25.35483870967742,0.03699999999999998,4.135525767636783
2795,2016,0.273,0.333,0.328,0.31,0.249,176,644,2123,91.2,9,10,28,715,4.04,176,23,54,168,0.235,0.076,35,4.5,4.15,25.535714285714285,-0.018000000000000016,3.9108473638854235
2793,2016,0.243,0.313,0.307,0.316,0.242,153,630,2233,91.4,10,10,29,712,4.61,153,18,59,185,0.26,0.083,34.7,6.2,3.67,24.551724137931036,0.009000000000000008,4.471441864188476
2732,2016,0.288,0.329,0.346,0.352,0.28,187,649,2159,86.7,7,8,19,469,4.98,117,18,34,82,0.175,0.072,37.2,6.6,5.61,24.68421052631579,0.006000000000000005,4.827507852896986
2670,2016,0.259,0.305,0.317,0.315,0.258,168,648,2077,85,9,12,26,701,4.55,168,20,48,144,0.205,0.068,36.9,6.9,2.9,26.96153846153846,-0.0020000000000000018,4.533636614635346
2659,2016,0.288,0.321,0.323,0.333,0.281,203,705,2154,88.8,9,12,30,757,4.69,203,20,30,125,0.165,0.04,36.8,6.2,4.21,25.233333333333334,0.010000000000000009,4.58155240103716
2639,2016,0.266,0.29,0.348,0.355,0.273,155,583,2175,87.3,9,11,31,647,4.39,155,28,53,120,0.185,0.082,30,8.7,2.74,20.870967741935484,0.007000000000000006,4.332280855910614
2612,2016,0.269,0.278,0.327,0.342,0.285,187,694,2482,85.1,13,9,30,725,4.4,187,36,20,118,0.163,0.028,32.2,7.2,4.98,24.166666666666668,0.015000000000000013,4.327094985296173
2578,2016,0.268,0.31,0.334,0.318,0.253,179,668,2356,87.6,10,13,32,741,4.67,179,26,57,150,0.202,0.077,35.3,5.7,4.3,23.15625,-0.016000000000000014,4.48639582858994
2546,2016,0.25,0.287,0.316,0.318,0.251,147,589,2396,90.6,12,9,27,669,3.87,147,15,70,117,0.175,0.105,35.4,4,4.69,24.77777777777778,0.0020000000000000018,3.731180659808277
2503,2016,0.262,0.299,0.318,0.321,0.257,161,615,2247,88,13,7,26,667,4.37,161,23,41,134,0.201,0.061,30.9,6.9,3.2,25.653846153846153,0.0030000000000000027,4.25644685910208
2492,2016,0.268,0.319,0.337,0.324,0.247,150,560,2037,86.9,8,12,29,638,5.44,150,16,72,125,0.196,0.113,32.3,5,6.81,22,-0.013000000000000012,4.841869863433891
2476,2016,0.266,0.316,0.31,0.332,0.267,166,624,1767,88.1,9,13,27,668,3.88,166,18,30,143,0.214,0.045,35,7,4.52,24.74074074074074,0.02200000000000002,4.012327758667754
2468,2016,0.298,0.332,0.352,0.347,0.28,175,587,2061,87.8,6,11,25,653,5.07,175,20,55,104,0.159,0.084,33.5,6.1,5.07,26.12,-0.0050000000000000044,4.75675507029971
2453,2016,0.24,0.274,0.316,0.353,0.273,138,576,2007,87.6,11,8,25,655,3.82,138,19,65,122,0.186,0.099,34.4,5.9,4.36,26.2,0.03699999999999998,3.8885470102866795
2403,2016,0.235,0.307,0.304,0.31,0.228,121,515,2229,92.1,11,6,25,584,3.87,121,16,63,161,0.276,0.108,44.1,7.8,4.28,23.36,0.006000000000000005,4.189076191121387
2385,2016,0.218,0.298,0.277,0.276,0.214,119,546,2203,92,15,4,24,598,3.6,119,15,44,183,0.306,0.074,33.6,6,2.52,24.916666666666668,-0.0010000000000000009,3.726340498948804
2371,2016,0.31,0.342,0.36,0.341,0.276,187,604,1970,91.1,9,10,35,662,5.71,187,23,46,105,0.159,0.069,40.6,5.8,4.67,18.914285714285715,-0.01899999999999996,5.355725970050926
2370,2016,0.279,0.321,0.361,0.367,0.277,142,509,2140,91.2,4,7,16,347,4.76,80,13,30,67,0.193,0.086,40.4,7.8,3.4,21.6875,0.006000000000000005,4.809191784100469
2354,2016,0.255,0.316,0.297,0.32,0.262,142,557,2246,90.9,7,8,24,604,3.04,142,15,36,143,0.237,0.06,31.8,6.4,3.53,25.166666666666668,0.02300000000000002,3.3223578811500802
2324,2016,0.289,0.337,0.339,0.328,0.269,159,551,2035,89.7,7,7,27,606,5.09,159,15,45,114,0.188,0.074,34.1,6.1,4.13,22.444444444444443,-0.01100000000000001,4.7874777304146585
2311,2016,0.247,0.269,0.326,0.329,0.249,129,522,2032,90.8,8,11,25,573,4.22,129,27,37,119,0.208,0.065,36.7,9,3.49,22.92,0.0030000000000000027,4.385061783836832
2310,2016,0.275,0.309,0.33,0.33,0.27,175,636,2196,89.2,7,6,21,421,4.9,107,19,25,75,0.178,0.059,41,6.7,4.14,20.047619047619047,0,4.853428126144087
2274,2016,0.25,0.306,0.321,0.327,0.234,125,500,2259,89,8,6,25,584,3.85,125,13,62,124,0.212,0.106,31.6,6.2,6.14,23.36,0.006000000000000005,3.8660876173923096
2246,2016,0.24,0.29,0.303,0.295,0.236,134,558,2238,91.1,11,8,25,599,3.32,134,21,34,150,0.25,0.057,38.1,5.1,3.29,23.96,-0.008000000000000007,3.5391649956251525
2153,2016,0.257,0.319,0.299,0.286,0.233,129,502,2141,89.7,9,8,22,547,3.4,129,14,31,129,0.236,0.057,36.1,4.5,6.08,24.863636363636363,-0.013000000000000012,3.502424110620527
2062,2016,0.184,0.256,0.204,0.226,0.196,97,526,2330,88.7,12,4,21,544,1.69,97,8,11,172,0.316,0.02,27.3,4.5,2.31,25.904761904761905,0.02200000000000002,2.257515277912406
1947,2016,0.286,0.319,0.349,0.341,0.273,133,465,2418,90.1,5,11,22,517,5.69,133,18,42,94,0.182,0.081,43.9,6.3,3.43,23.5,-0.007999999999999952,5.461567514308469
1938,2016,0.289,0.349,0.326,0.315,0.272,131,454,2198,92.6,7,10,21,506,3.88,131,7,36,98,0.194,0.071,31.1,3,4.26,24.095238095238095,-0.01100000000000001,3.4160501188349706
1854,2016,0.241,0.279,0.313,0.308,0.232,99,410,2131,91.7,3,7,20,458,4.71,99,16,40,100,0.218,0.087,26,6.3,4.19,22.9,-0.0050000000000000044,4.261976119526874
1819,2016,0.195,0.277,0.241,0.262,0.199,77,395,2629,82.6,9,3,14,311,2.25,55,2,28,90,0.289,0.09,32.3,3.7,3.32,22.214285714285715,0.02100000000000002,2.6072858997646273
1796,2016,0.264,0.34,0.306,0.294,0.246,116,439,2136,85.2,6,9,20,483,4.78,116,10,29,121,0.251,0.06,31.8,3.7,3.54,24.15,-0.01200000000000001,4.1569846381947775
1793,2016,0.272,0.325,0.318,0.285,0.246,119,437,2114,87.3,5,6,19,478,3.54,119,12,28,99,0.207,0.059,26.2,2.9,4.81,25.157894736842106,-0.03300000000000003,3.0615282446873335
1717,2016,0.283,0.315,0.333,0.326,0.271,117,414,2003,89.2,6,8,19,461,4.51,117,11,36,70,0.152,0.078,37.5,4.8,4.94,24.263157894736842,-0.007000000000000006,4.3200928959113485
1708,2016,0.269,0.327,0.309,0.329,0.279,108,402,1962,89.2,7,5,19,447,3.43,108,9,29,93,0.208,0.065,31.7,3.4,5.01,23.526315789473685,0.020000000000000018,3.2694523171662633
1707,2016,0.284,0.305,0.34,0.341,0.272,118,416,2364,89.2,9,7,19,450,4.87,118,14,26,66,0.147,0.058,34,6.5,6.08,23.68421052631579,0.0010000000000000009,4.6641122736393035
1679,2016,0.259,0.327,0.331,0.332,0.252,95,367,2210,88.6,6,2,22,417,5.15,95,11,45,101,0.242,0.108,36.9,6,4.17,18.954545454545453,0.0010000000000000009,4.888528648695359
1579,2016,0.214,0.29,0.276,0.268,0.2,81,378,2454,89.1,7,5,17,416,3.41,81,12,31,132,0.317,0.075,32,6,4.01,24.470588235294116,-0.008000000000000007,3.5582865629078837
1514,2016,0.302,0.359,0.341,0.322,0.265,111,367,2207,91.8,4,10,17,402,4.86,111,8,25,76,0.189,0.062,37,4.3,6.7,23.647058823529413,-0.019000000000000017,4.469497571293193
1190,2016,0.271,0.327,0.326,0.327,0.257,75,277,2301,90.4,4,2,14,302,3.38,75,10,22,71,0.235,0.073,40.2,7.2,5.31,21.571428571428573,0.0010000000000000009,3.7431533898090867
985,2016,0.245,0.319,0.292,0.306,0.24,56,229,1912,87.5,1,4,14,255,3.73,56,5,20,66,0.259,0.078,35.2,4.8,2.72,18.214285714285715,0.014000000000000012,3.741341384480702
3531,2017,0.221,0.272,0.285,0.319,0.241,170,768,2550,91.1,10,8,28,729,3.82,153,23,67,176,0.241,0.092,35.6,7.2,2.52,26.035714285714285,0.03400000000000003,3.993661699360569
3428,2017,0.208,0.303,0.26,0.258,0.197,165,794,2281,88.2,17,8,32,851,2.9,165,24,43,308,0.362,0.051,30.5,6.1,2.11,26.59375,-0.0020000000000000018,3.188747932955637
3406,2017,0.246,0.325,0.306,0.3,0.233,193,784,2325,91.8,10,12,34,852,4.07,193,27,60,249,0.292,0.07,40.3,5.9,4.31,25.058823529411764,-0.006000000000000005,4.172957504897233
3383,2017,0.286,0.324,0.348,0.343,0.272,236,824,2415,86.7,11,17,33,885,4.65,236,38,48,181,0.205,0.054,35.7,8,4.28,26.818181818181817,-0.004999999999999949,4.642399782896707
3364,2017,0.216,0.261,0.281,0.298,0.228,158,731,2232,84.8,15,9,32,827,2.96,158,21,79,188,0.227,0.096,27.9,4.9,4.57,25.84375,0.01699999999999996,3.0899872927594756
3357,2017,0.283,0.337,0.347,0.349,0.272,208,736,2115,91.1,11,12,34,816,4.68,208,29,71,179,0.219,0.087,33.7,8.2,4.43,24,0.0020000000000000018,4.621747461633909
3298,2017,0.254,0.301,0.315,0.322,0.257,199,784,2201,91.9,12,12,33,849,4.26,199,31,55,196,0.231,0.065,34.5,7.6,2.88,25.727272727272727,0.007000000000000006,4.310846435510026
3273,2017,0.255,0.305,0.309,0.308,0.251,204,801,2382,90.2,9,15,32,847,4.42,204,30,32,205,0.242,0.038,33.8,6.3,6.25,26.46875,-0.0010000000000000009,4.32302617674588
3246,2017,0.256,0.295,0.333,0.31,0.231,186,726,2333,84.7,10,9,33,806,4.98,186,31,71,176,0.218,0.088,30.2,7,5.64,24.424242424242426,-0.02300000000000002,4.659592084868466
3216,2017,0.254,0.302,0.313,0.321,0.258,178,701,2164,87.8,13,11,32,776,4.67,178,23,64,166,0.214,0.082,33.2,5.4,4.34,24.25,0.008000000000000007,4.397337895398754
3176,2017,0.238,0.301,0.301,0.315,0.246,170,715,2010,87.3,4,8,18,444,4.49,98,14,40,109,0.245,0.09,35.7,5.9,4.03,24.666666666666668,0.014000000000000012,4.3845133803491105
3168,2017,0.237,0.306,0.291,0.28,0.222,180,758,2316,91.5,15,10,31,827,3.53,180,28,59,239,0.289,0.071,28.8,5.9,1.7,26.677419354838708,-0.010999999999999954,3.555471299057341
3163,2017,0.23,0.287,0.282,0.292,0.227,172,749,2360,86.3,17,7,32,801,3.2,172,25,45,215,0.268,0.056,30.8,7,3.21,25.03125,0.010000000000000009,3.44358212768261
3151,2017,0.223,0.248,0.305,0.32,0.237,151,676,2292,90.4,11,8,33,776,3.43,151,27,78,153,0.197,0.101,27.5,5.8,5.1,23.515151515151516,0.015000000000000013,3.4474918969372768
3148,2017,0.266,0.338,0.332,0.327,0.254,181,680,2341,87.8,17,9,32,749,4.19,181,25,60,196,0.262,0.08,39.1,7.8,2.21,23.40625,-0.0050000000000000044,4.359546812368242
3140,2017,0.264,0.31,0.31,0.324,0.269,201,762,2363,90.5,13,9,33,834,3.09,201,21,62,164,0.197,0.074,38.6,5.1,5.54,25.272727272727273,0.014000000000000012,3.3847570107065037
3132,2017,0.232,0.287,0.299,0.291,0.224,179,772,2068,91.6,12,11,32,858,3.64,179,27,71,217,0.253,0.083,33.6,4.8,3.11,26.8125,-0.008000000000000007,3.6515917563452924
3131,2017,0.259,0.313,0.32,0.314,0.247,179,691,2220,87.6,13,8,32,763,4.33,179,26,60,180,0.236,0.079,29.5,5.4,3.32,23.84375,-0.006000000000000005,4.062203897984852
3111,2017,0.178,0.248,0.247,0.249,0.181,126,709,2335,89,16,6,31,780,2.51,126,22,55,268,0.344,0.071,29.3,5.6,2.53,25.161290322580644,0.0020000000000000018,2.874775390671119
3097,2017,0.301,0.33,0.349,0.368,0.304,221,735,2074,88.9,13,12,32,811,4.82,221,23,63,115,0.142,0.078,32.3,5.4,6.22,25.34375,0.019000000000000017,4.477014674990107
3089,2017,0.275,0.306,0.323,0.344,0.291,204,741,2160,85.4,17,9,33,817,3.9,204,20,55,124,0.152,0.067,31.1,4,4.77,24.757575757575758,0.020999999999999963,3.654139129428323
3085,2017,0.256,0.294,0.33,0.312,0.24,176,687,2140,86.8,10,9,33,769,4.26,176,31,60,170,0.221,0.078,29.2,6.9,4.12,23.303030303030305,-0.018000000000000016,4.125469632053836
3084,2017,0.276,0.329,0.333,0.324,0.264,208,753,2259,87.2,14,13,33,826,4.03,208,26,61,178,0.215,0.074,35.6,6.7,3.15,25.03030303030303,-0.009000000000000008,4.117314373616743
3082,2017,0.208,0.274,0.263,0.277,0.217,150,720,2322,92.9,14,6,31,783,2.98,150,21,51,230,0.294,0.065,33.7,6.1,3.39,25.258064516129032,0.014000000000000012,3.303876892612436
3080,2017,0.252,0.311,0.31,0.323,0.253,166,659,2288,86.5,17,6,32,740,3.32,166,19,69,174,0.235,0.093,35.7,6.7,6.08,23.125,0.013000000000000012,3.607125932093604
3074,2017,0.257,0.285,0.33,0.332,0.258,186,723,2261,87.3,11,13,32,812,4.49,186,31,72,151,0.186,0.089,30.5,6.4,3.94,25.375,0.0020000000000000018,4.290785347856975
3058,2017,0.235,0.308,0.289,0.299,0.235,173,735,2230,89.8,18,6,32,798,3.29,173,21,46,226,0.283,0.058,34.6,7.4,3.38,24.9375,0.010000000000000009,3.599322367917274
3054,2017,0.287,0.333,0.363,0.367,0.283,179,624,2207,87.4,8,15,32,728,5.61,179,25,93,142,0.195,0.128,35.8,6.3,2.57,22.75,0.0040000000000000036,5.217951704041818
3054,2017,0.228,0.284,0.296,0.302,0.236,159,697,2516,89.1,6,9,22,564,4.01,115,20,45,148,0.262,0.08,31.5,6.3,4.95,25.636363636363637,0.006000000000000005,3.9831643263849865
3045,2017,0.308,0.354,0.357,0.331,0.281,240,780,2088,87.9,8,15,32,858,4.79,240,24,59,151,0.176,0.069,33.2,4.4,5.33,26.8125,-0.025999999999999968,4.344545292268528
2945,2017,0.193,0.268,0.24,0.257,0.21,141,732,2392,89.1,18,4,29,777,2.25,141,21,36,265,0.341,0.046,29.3,5.3,2.89,26.79310344827586,0.017000000000000015,2.688059590391717
2937,2017,0.235,0.275,0.302,0.313,0.24,157,667,2234,86.1,13,10,32,765,3.89,157,19,72,153,0.2,0.094,28.4,5.7,3.5,23.90625,0.01100000000000001,3.7684021558869656
2925,2017,0.264,0.291,0.326,0.334,0.26,181,685,2283,80.9,18,11,32,756,4.16,181,27,58,134,0.177,0.077,32.7,5.5,5.77,23.625,0.008000000000000007,4.05155240103716
2882,2017,0.238,0.251,0.316,0.355,0.269,152,638,2121,91.6,14,7,34,724,3.82,152,26,64,113,0.156,0.088,30.9,8.6,3.98,21.294117647058822,0.03899999999999998,3.944696680054854
2849,2017,0.254,0.283,0.304,0.333,0.274,175,689,2178,87,12,10,29,742,3.66,175,22,44,128,0.173,0.059,35.1,6,4.9,25.586206896551722,0.029000000000000026,3.7986525093782615
2819,2017,0.24,0.273,0.308,0.324,0.242,152,633,2349,87.1,13,9,28,698,4.24,152,26,51,152,0.218,0.073,36.6,7.8,5.45,24.928571428571427,0.016000000000000014,4.347235644627184
2810,2017,0.257,0.307,0.326,0.324,0.251,180,700,2069,87.5,13,12,30,752,4.74,180,35,41,194,0.258,0.055,36.3,8.6,3.75,25.066666666666666,-0.0020000000000000018,4.746584166052786
2779,2017,0.278,0.312,0.317,0.329,0.277,201,724,2128,87.2,7,12,26,654,4.21,169,19,35,103,0.157,0.054,36.3,5.1,4.36,25.153846153846153,0.01200000000000001,4.124521770486517
2770,2017,0.277,0.332,0.342,0.341,0.268,169,610,2291,90.9,10,13,29,692,4.79,169,20,59,143,0.207,0.085,32.8,5.4,2.85,23.862068965517242,-0.0010000000000000009,4.4702997173991035
2743,2017,0.235,0.279,0.306,0.313,0.243,150,637,2310,89.3,14,10,30,707,3.53,150,23,55,163,0.231,0.078,33.8,5.6,3.96,23.566666666666666,0.007000000000000006,3.6549362194038366
2742,2017,0.205,0.276,0.252,0.27,0.208,131,640,2240,91,15,4,28,701,2.52,131,13,47,204,0.291,0.067,32.1,6.1,3.74,25.035714285714285,0.018000000000000016,2.9535092607652587
2715,2017,0.199,0.27,0.282,0.305,0.22,116,582,2191,89.7,15,5,28,665,2.89,116,23,71,218,0.328,0.107,41,6.2,3.93,23.75,0.02300000000000002,3.3446715585830424
2690,2017,0.267,0.329,0.316,0.313,0.254,170,636,2081,90.9,12,9,30,701,4.13,170,17,55,158,0.225,0.078,30.1,5.6,3.2,23.366666666666667,-0.0030000000000000027,3.969996543958576
2688,2017,0.268,0.319,0.329,0.341,0.271,167,623,1794,87.6,12,10,29,692,4.37,167,18,55,140,0.202,0.079,41,5.8,3.59,23.862068965517242,0.01200000000000001,4.391410880644456
2686,2017,0.269,0.325,0.338,0.338,0.265,159,592,2213,92.6,8,11,31,680,4.35,159,17,72,142,0.209,0.106,38.8,5.7,4.55,21.93548387096774,0,4.33260247662946
2677,2017,0.277,0.303,0.33,0.351,0.287,203,732,2205,89.4,11,14,31,785,4.14,203,29,36,131,0.167,0.046,36.8,6.5,4.19,25.322580645161292,0.020999999999999963,4.209015103468335
2665,2017,0.241,0.311,0.293,0.284,0.226,154,640,2119,86.2,12,11,27,693,3.54,154,18,49,184,0.266,0.071,31,5,2.37,25.666666666666668,-0.009000000000000008,3.547542170448015
2664,2017,0.226,0.27,0.29,0.319,0.249,139,615,2409,89.6,6,5,16,400,3.43,84,8,30,94,0.235,0.075,38.6,6.2,4.9,25,0.029000000000000026,3.7035947128887203
2661,2017,0.274,0.32,0.341,0.33,0.262,174,634,2268,90.5,11,7,29,701,4.39,174,25,49,147,0.21,0.07,36,7.1,3.77,24.17241379310345,-0.01100000000000001,4.408145060888472
2644,2017,0.313,0.332,0.372,0.37,0.298,204,651,2353,88.8,8,13,29,713,6.08,204,29,44,103,0.144,0.062,35.4,7.7,4.52,24.586206896551722,-0.0020000000000000018,5.660682376830592
2641,2017,0.246,0.258,0.338,0.365,0.265,143,582,2292,88.3,5,13,30,655,5.38,143,34,61,131,0.2,0.093,35.8,10.9,4.66,21.833333333333332,0.02699999999999997,5.304264608174321
2636,2017,0.25,0.267,0.305,0.337,0.277,156,624,2025,90.6,11,11,28,704,3.4,156,15,64,86,0.122,0.091,32.3,3.9,5.29,25.142857142857142,0.03200000000000003,3.3525790589077413
2627,2017,0.22,0.228,0.313,0.33,0.242,117,531,2068,87.2,10,8,28,604,4.14,117,30,61,127,0.21,0.101,35.7,8.2,4.49,21.571428571428573,0.017000000000000015,4.273982410077312
2618,2017,0.255,0.248,0.338,0.358,0.282,160,628,2147,85.4,6,5,20,472,4.73,111,22,30,65,0.138,0.064,34.7,6.4,3.45,23.6,0.019999999999999962,4.575700781265412
2610,2017,0.292,0.328,0.355,0.362,0.292,182,624,2092,88.3,12,10,29,693,5.07,182,24,60,121,0.175,0.087,38.2,6.9,3.62,23.896551724137932,0.007000000000000006,4.937614194676967
2533,2017,0.277,0.327,0.347,0.362,0.286,160,577,2041,87.4,8,8,25,648,4.52,160,22,53,136,0.21,0.082,33.6,7.3,3.23,25.92,0.015000000000000013,4.454388572917516
2521,2017,0.212,0.27,0.258,0.27,0.216,136,641,2387,88,18,4,27,679,2.31,136,23,30,202,0.297,0.044,27.2,6.3,2.73,25.14814814814815,0.01200000000000001,2.736716416873096
2479,2017,0.243,0.275,0.279,0.317,0.264,150,617,2069,92.8,10,12,25,676,3.83,150,13,40,114,0.169,0.059,29.4,4.9,4.69,27.04,0.03799999999999998,3.684551068653738
2462,2017,0.241,0.3,0.315,0.314,0.231,126,523,2147,90.6,6,7,25,582,4.19,126,19,50,150,0.258,0.086,31.3,7.7,3.82,23.28,-0.0010000000000000009,4.182214712127165
2461,2017,0.25,0.286,0.338,0.338,0.258,136,543,2510,91.5,8,15,33,631,4.69,136,20,77,120,0.19,0.122,32.1,5.6,5.3,19.12121212121212,0,4.403904627836444
2439,2017,0.281,0.336,0.358,0.345,0.263,144,512,2356,90.2,8,10,26,584,6.02,144,25,57,140,0.24,0.098,37,7,4.77,22.46153846153846,-0.013000000000000012,5.610185828170114
2436,2017,0.221,0.285,0.285,0.297,0.229,124,561,2180,87.6,8,9,26,627,3.37,124,15,53,165,0.263,0.085,38.7,6.4,4.74,24.115384615384617,0.01200000000000001,3.6742059934665856
2423,2017,0.255,0.297,0.309,0.327,0.26,145,568,2022,89.7,7,9,31,642,4.07,145,14,52,117,0.182,0.081,29.4,5.2,3.11,20.70967741935484,0.018000000000000016,3.8727448397105646
2388,2017,0.239,0.291,0.302,0.312,0.235,131,548,2213,89.1,14,8,26,616,3.89,131,15,48,139,0.226,0.078,29.1,5,3.84,23.692307692307693,0.010000000000000009,3.721734119426397
2387,2017,0.228,0.297,0.301,0.298,0.227,125,549,2372,89.6,14,7,25,617,3.62,125,14,50,163,0.264,0.081,29.6,4.4,3.13,24.68,-0.0030000000000000027,3.49755308865062
2322,2017,0.29,0.359,0.337,0.314,0.259,152,525,2272,90.9,8,7,25,587,4.44,152,11,46,125,0.213,0.078,31.2,4.1,3.2,23.48,-0.02300000000000002,4.011440282871968
2312,2017,0.228,0.251,0.301,0.338,0.258,125,548,1952,87.9,11,6,24,614,4.2,125,18,53,105,0.171,0.086,36.3,5.4,4.72,25.583333333333332,0.03700000000000003,4.146755051926415
2278,2017,0.234,0.281,0.308,0.314,0.235,113,482,2287,89.9,5,7,24,547,4.04,113,15,59,119,0.218,0.108,30,4.3,1.89,22.791666666666668,0.006000000000000005,3.7542421188280004
2277,2017,0.257,0.313,0.306,0.314,0.25,143,556,2268,87.8,9,10,24,609,3.81,143,13,41,130,0.213,0.067,30.8,5.3,4.88,25.375,0.008000000000000007,3.7460976929065155
2276,2017,0.242,0.285,0.291,0.312,0.257,126,521,2063,82.8,7,5,24,570,3.03,126,17,40,123,0.216,0.07,29.3,4.4,3.44,23.75,0.02100000000000002,3.12086321578484
2268,2017,0.223,0.301,0.263,0.265,0.219,113,506,2184,91.4,12,5,24,552,2.98,113,9,37,156,0.283,0.067,31.3,2.8,3.76,23,0.0020000000000000018,2.8648031932088305
2260,2017,0.217,0.27,0.266,0.293,0.242,123,566,1969,88.1,16,3,27,614,2.72,123,15,38,151,0.246,0.062,28,5,3.68,22.74074074074074,0.02699999999999997,2.948646628932759
2254,2017,0.22,0.268,0.281,0.286,0.219,113,514,2229,88.4,12,4,25,569,2.74,113,14,41,133,0.234,0.072,26,4.4,3.93,22.76,0.004999999999999949,2.863346869089329
2224,2017,0.203,0.265,0.28,0.287,0.201,99,488,2601,82.7,12,8,25,552,3.32,99,18,49,166,0.301,0.089,29.1,7,3.66,22.08,0.006999999999999951,3.4880227631487832
2194,2017,0.218,0.257,0.273,0.293,0.235,116,533,2013,85.3,14,5,23,584,2.9,116,15,47,125,0.214,0.08,32.8,5.1,3.74,25.391304347826086,0.019999999999999962,3.169011732714737
2181,2017,0.238,0.283,0.303,0.295,0.235,121,508,2292,86.3,13,6,29,557,4.22,121,22,34,140,0.251,0.061,28.3,4.8,3.81,19.20689655172414,-0.008000000000000007,3.8866160779722034
2155,2017,0.286,0.331,0.34,0.337,0.281,140,490,2333,83.6,12,5,24,546,5.11,140,14,45,96,0.176,0.082,33.8,4.3,4.46,22.75,-0.0030000000000000027,4.55191929425623
2088,2017,0.294,0.329,0.34,0.358,0.302,166,564,2457,83.5,10,9,26,585,4.98,166,23,14,109,0.186,0.024,36.6,7,6.14,22.5,0.01799999999999996,4.844903587229607
2016,2017,0.253,0.271,0.348,0.359,0.268,116,459,2295,84.8,5,7,21,516,5.23,116,27,53,103,0.2,0.103,37.7,8.7,4.53,24.571428571428573,0.01100000000000001,5.151173026672272
1833,2017,0.266,0.338,0.309,0.304,0.254,113,425,2161,91.9,10,4,20,461,3.67,113,10,30,112,0.243,0.065,31.8,4.1,5.12,23.05,-0.0050000000000000044,3.5429048073815874
1831,2017,0.26,0.333,0.335,0.34,0.255,100,385,2284,89,4,9,19,456,4.32,100,10,57,108,0.237,0.125,35.1,5.3,3.9,24,0.0050000000000000044,4.196649552834834
1827,2017,0.295,0.346,0.357,0.361,0.277,120,407,2315,89.4,5,8,22,460,5.31,120,12,44,86,0.187,0.096,37.8,7.7,5.68,20.90909090909091,0.0040000000000000036,5.1637454844805255
1666,2017,0.238,0.274,0.296,0.316,0.256,101,424,2172,87,4,9,17,450,3.32,101,17,20,101,0.224,0.044,34.4,8,3.26,26.470588235294116,0.020000000000000018,3.6371166992677977
1575,2017,0.309,0.352,0.375,0.375,0.306,112,363,1858,90.2,6,9,18,420,6.43,112,11,42,67,0.16,0.1,37.6,4.6,6.09,23.333333333333332,0,5.600097213413639
1531,2017,0.254,0.305,0.312,0.321,0.251,87,343,2033,85.7,5,9,18,392,4.88,87,9,38,83,0.212,0.097,34.8,4.9,4.5,21.77777777777778,0.009000000000000008,4.523886247871828
1498,2017,0.275,0.322,0.34,0.311,0.243,91,331,2128,92.3,5,8,16,384,4.45,91,9,37,73,0.19,0.096,34.1,4.4,5.31,24,-0.029000000000000026,4.147499548446576
1484,2017,0.202,0.251,0.276,0.272,0.203,64,317,2148,93.1,3,7,15,359,3.12,64,11,32,98,0.273,0.089,31,3.5,4.3,23.933333333333334,-0.0040000000000000036,3.0851087906542647
1447,2017,0.256,0.308,0.292,0.303,0.26,89,347,2330,89.7,6,4,19,384,3.98,89,5,27,72,0.188,0.07,21.3,1.4,4.92,20.210526315789473,0.01100000000000001,2.0568544338725516
1404,2017,0.269,0.31,0.346,0.317,0.241,88,327,2149,88.1,6,6,17,362,4.81,88,16,26,81,0.224,0.072,30.2,7.5,4.55,21.294117647058822,-0.02899999999999997,4.575939410612291
1394,2017,0.274,0.318,0.339,0.343,0.266,90,329,2342,86.3,2,6,16,365,4.55,90,13,28,76,0.208,0.077,38.8,7.8,4.02,22.8125,0.0040000000000000036,4.6240988273714985
1382,2017,0.258,0.289,0.337,0.364,0.275,86,333,2104,86.7,6,5,16,368,4.36,86,17,26,78,0.212,0.071,33.9,9.7,5.55,23,0.02699999999999997,4.449317348533466
1253,2017,0.226,0.278,0.285,0.311,0.237,65,287,2110,91,6,3,16,317,3.38,65,8,24,76,0.24,0.076,31.8,6.6,3.58,19.8125,0.026000000000000023,3.5730822266418287
1181,2017,0.246,0.299,0.331,0.325,0.246,64,260,2145,89.9,2,5,12,297,4.15,64,12,31,76,0.256,0.104,41.6,7.5,4.18,24.75,-0.006000000000000005,4.353304143027598
1170,2017,0.305,0.333,0.363,0.354,0.288,83,272,2168,88.1,2,7,13,298,6.08,83,12,19,48,0.161,0.064,37.7,6.6,3.97,22.923076923076923,-0.009000000000000008,5.641131247359233
1169,2017,0.27,0.275,0.356,0.368,0.286,76,281,2055,85.9,3,5,12,259,4.62,63,15,21,40,0.154,0.081,38.3,8.1,5.31,21.583333333333332,0.01200000000000001,4.677454208632649
1084,2017,0.266,0.295,0.316,0.329,0.262,68,256,2470,83.6,5,6,12,283,4.27,68,9,19,50,0.177,0.067,34.3,5.7,5.23,23.583333333333332,0.013000000000000012,4.185523257944878
1046,2017,0.254,0.338,0.301,0.297,0.243,59,232,2044,89.2,7,2,13,252,3.88,59,7,17,72,0.286,0.067,34.4,5.6,4.95,19.384615384615383,-0.0040000000000000036,3.9042194397343897
1042,2017,0.266,0.32,0.323,0.338,0.266,59,222,2567,87.5,4,4,13,256,3.68,59,5,28,51,0.199,0.109,30.1,4.5,5.09,19.692307692307693,0.015000000000000013,3.5609821611442265
1020,2017,0.309,0.3,0.373,0.371,0.293,79,256,2163,89.5,1,5,11,280,6.16,79,16,12,35,0.125,0.043,35.7,8.3,4.36,25.454545454545453,-0.0020000000000000018,5.767211420963655
767,2017,0.258,0.271,0.315,0.329,0.266,49,190,1969,89.6,3,3,8,207,4.72,49,7,14,30,0.145,0.068,27.3,4.9,3.91,25.875,0.014000000000000012,4.175646416746262
736,2017,0.286,0.303,0.349,0.319,0.269,52,182,1852,86.1,2,4,9,200,5.05,52,8,11,30,0.15,0.055,27.2,4.4,5.01,22.22222222222222,-0.02999999999999997,4.295700061010598
704,2017,0.19,0.19,0.277,0.312,0.246,31,163,2083,87.9,3,3,7,179,2.38,31,8,12,34,0.19,0.067,34.1,3.8,6.13,25.571428571428573,0.034999999999999976,2.724941238787645
650,2017,0.229,0.242,0.277,0.342,0.274,36,157,2094,86.5,3,2,7,169,3.14,36,6,9,29,0.172,0.053,36.6,6.1,4.05,24.142857142857142,0.065,3.458825819256797
613,2017,0.288,0.31,0.362,0.375,0.284,42,146,2388,92,1,3,8,167,4.25,42,6,20,24,0.144,0.12,36.4,6.6,4.89,20.875,0.013000000000000012,4.282264142949503
3493,2018,0.188,0.267,0.252,0.253,0.189,150,797,2302,89.4,18,7,33,866,2.53,150,23,51,300,0.346,0.059,31.7,6.6,2.92,26.242424242424242,0.0010000000000000009,2.977693643921339
3427,2018,0.2,0.274,0.26,0.243,0.187,156,781,2662,90.7,16,9,34,833,2.52,156,28,37,290,0.348,0.044,32.7,6.2,2.58,24.5,-0.017000000000000015,2.9710900658674206
3310,2018,0.263,0.302,0.306,0.299,0.251,211,802,2038,85.6,12,11,34,874,3.74,211,18,58,153,0.175,0.066,33,4.5,3.75,25.705882352941178,-0.007000000000000006,3.6695770389108597
3265,2018,0.223,0.28,0.288,0.289,0.219,164,737,2193,87.6,13,8,32,810,3.02,164,21,67,207,0.256,0.083,31.8,5.6,2.71,25.3125,0.0010000000000000009,3.264855805037478
3257,2018,0.198,0.288,0.265,0.275,0.2,143,723,2470,91.9,15,5,32,799,2.88,143,19,64,276,0.345,0.08,39.8,6.2,2.5,24.96875,0.010000000000000009,3.3225772694706506
3250,2018,0.24,0.288,0.292,0.307,0.244,182,757,2116,88.5,17,7,33,844,2.85,182,17,70,173,0.205,0.083,29.2,5,6.73,25.575757575757574,0.015000000000000013,3.0544254001604503
3243,2018,0.241,0.286,0.306,0.324,0.253,177,733,2182,89.3,10,13,32,826,3.62,177,23,79,179,0.217,0.096,36.4,5.7,4.84,25.8125,0.018000000000000016,3.7734574059380135
3212,2018,0.231,0.273,0.286,0.31,0.249,181,784,2257,85.3,15,11,33,839,3.21,181,28,43,199,0.237,0.051,33.5,6.4,2.9,25.424242424242426,0.02400000000000002,3.473840889684607
3212,2018,0.196,0.283,0.23,0.249,0.203,152,776,2292,92.6,10,9,32,835,1.7,152,10,46,269,0.322,0.055,28.9,4.1,2.43,26.09375,0.01899999999999999,2.2599386678789477
3212,2018,0.197,0.254,0.251,0.266,0.208,149,756,2115,86.4,17,6,33,831,2.37,149,17,58,224,0.27,0.07,31.2,4.6,3.87,25.181818181818183,0.015000000000000013,2.752726337312363
3181,2018,0.224,0.277,0.27,0.285,0.233,179,800,2419,88.7,20,7,33,842,2.89,179,25,34,222,0.264,0.04,34.5,6.4,5.8,25.515151515151516,0.014999999999999958,3.264812236287348
3142,2018,0.218,0.304,0.265,0.289,0.236,162,742,2279,85.2,11,7,33,800,3.15,162,15,48,246,0.308,0.06,35.6,6,3.25,24.242424242424242,0.023999999999999966,3.4491875706584714
3121,2018,0.241,0.314,0.3,0.287,0.227,179,742,2304,90,14,11,33,817,3.77,179,24,57,230,0.282,0.07,39.1,5.6,4.76,24.757575757575758,-0.013000000000000012,3.9165666104032764
3121,2018,0.256,0.294,0.319,0.347,0.27,174,681,2274,87.1,18,6,32,761,3.32,174,24,64,149,0.196,0.084,35.4,6.6,4.46,23.78125,0.02799999999999997,3.595935178796999
3096,2018,0.241,0.286,0.303,0.314,0.245,177,735,2415,86.1,17,7,33,808,4.28,177,27,48,190,0.235,0.059,35.7,7,5.52,24.484848484848484,0.01100000000000001,4.315725865990635
3084,2018,0.234,0.26,0.31,0.342,0.258,165,705,2015,90.4,7,10,32,799,3.91,165,25,75,151,0.189,0.094,36.1,7.3,5.38,24.96875,0.03200000000000003,4.0738425750614065
3077,2018,0.242,0.293,0.322,0.337,0.247,151,625,2130,87.2,7,10,32,711,4.49,151,20,70,162,0.228,0.098,39,7.4,3.51,22.21875,0.015000000000000013,4.560419383013302
3068,2018,0.222,0.271,0.292,0.301,0.227,159,717,2187,88.8,12,11,32,797,3.84,159,25,61,202,0.253,0.077,34.4,6,3.68,24.90625,0.009000000000000008,3.9069576599721714
3061,2018,0.246,0.293,0.325,0.339,0.26,176,715,2010,87.5,5,9,20,502,4.72,115,23,42,114,0.227,0.084,35.9,7.5,3.81,25.1,0.014000000000000012,4.67309063515253
3051,2018,0.247,0.285,0.295,0.306,0.248,184,745,2077,83.2,14,11,33,812,3.44,184,22,44,161,0.198,0.054,30.8,5.7,3.46,24.606060606060606,0.01100000000000001,3.531646981926136
3041,2018,0.195,0.252,0.265,0.28,0.206,130,666,2360,91.6,13,10,31,744,2.85,130,17,68,202,0.272,0.091,34.5,6.9,4.54,24,0.015000000000000013,3.257949053543032
3022,2018,0.256,0.302,0.32,0.335,0.258,167,652,2163,85.2,7,11,27,646,4.57,153,15,70,126,0.195,0.108,34.5,5.8,3.5,23.925925925925927,0.015000000000000013,4.407656078050298
3008,2018,0.22,0.254,0.287,0.327,0.251,153,697,2144,84.8,15,8,35,796,3.5,153,18,71,156,0.196,0.089,37.8,6.5,5.79,22.742857142857144,0.040000000000000036,3.7583217231473123
3007,2018,0.25,0.269,0.345,0.355,0.26,166,664,2023,88.1,10,13,32,775,6.13,166,27,90,125,0.161,0.116,37.1,7,3.41,24.21875,0.010000000000000009,5.696432692579462
3004,2018,0.245,0.282,0.271,0.293,0.25,186,760,2340,88.8,18,4,32,808,2.83,186,16,29,146,0.181,0.036,29.4,5.1,4.16,25.25,0.021999999999999964,3.0574927212523817
2960,2018,0.246,0.3,0.294,0.296,0.243,179,727,2360,91.3,14,10,32,785,3.2,179,20,46,179,0.228,0.059,31.9,4.3,4.1,24.53125,0.0020000000000000018,3.2723135737718425
2958,2018,0.262,0.298,0.319,0.324,0.258,181,690,2151,87.3,9,15,31,760,4.34,181,24,50,146,0.192,0.066,33.6,6,4.24,24.516129032258064,0.0050000000000000044,4.241404175883847
2942,2018,0.265,0.336,0.327,0.314,0.244,163,616,2315,91.1,7,8,20,469,5.1,105,12,62,100,0.213,0.132,37.1,4.2,3.67,23.45,-0.013000000000000012,4.613548842567269
2918,2018,0.178,0.242,0.246,0.278,0.204,112,630,2286,90.5,21,5,31,700,1.89,112,16,64,221,0.316,0.091,32.7,7.2,4.29,22.580645161290324,0.03200000000000003,2.561258337988853
2908,2018,0.246,0.287,0.319,0.327,0.252,162,658,2001,87.3,13,11,32,739,4.03,162,25,68,158,0.214,0.092,37.6,6.1,4.68,23.09375,0.008000000000000007,4.114505814526809
2853,2018,0.208,0.299,0.26,0.266,0.202,134,645,2438,87.3,12,6,28,717,2.21,134,9,57,221,0.308,0.079,29.1,4.4,3.79,25.607142857142858,0.006000000000000005,2.6016419257957386
2844,2018,0.274,0.318,0.363,0.33,0.249,188,685,2335,86.7,8,16,31,750,5.45,188,41,54,184,0.245,0.072,37.4,8.5,4.79,24.193548387096776,-0.032999999999999974,5.299010084084527
2802,2018,0.196,0.218,0.295,0.328,0.232,122,623,2288,85.8,9,9,31,724,3.94,122,26,84,162,0.224,0.116,36.7,7.2,3.81,23.35483870967742,0.03300000000000003,4.102688667381029
2800,2018,0.266,0.326,0.332,0.312,0.249,180,677,2128,90,12,9,31,743,5.12,180,27,52,183,0.246,0.07,37.9,5.8,3.84,23.967741935483872,-0.020000000000000018,4.873333545255111
2798,2018,0.28,0.307,0.326,0.356,0.303,207,739,2116,85.4,10,10,31,784,4.36,207,23,34,119,0.152,0.043,39.6,6.7,4.27,25.29032258064516,0.02999999999999997,4.432193804097351
2785,2018,0.264,0.305,0.333,0.35,0.265,161,610,2305,88.1,8,12,28,692,4.88,161,23,70,141,0.204,0.101,37.3,7.3,4.34,24.714285714285715,0.01699999999999996,4.806343869702402
2778,2018,0.245,0.284,0.314,0.324,0.248,158,645,2110,91.2,10,12,31,708,4.3,158,28,49,165,0.233,0.069,39.5,8.8,3.4,22.838709677419356,0.010000000000000009,4.489685804695747
2760,2018,0.254,0.289,0.315,0.321,0.254,165,649,2287,90.4,10,11,31,724,3.96,165,21,57,138,0.191,0.079,31.7,5.6,4.64,23.35483870967742,0.006000000000000005,3.8979374150856136
2755,2018,0.248,0.296,0.31,0.316,0.247,171,689,2357,87.1,9,10,30,749,4.15,171,27,45,180,0.24,0.06,37.2,7.8,4.91,24.966666666666665,0.006000000000000005,4.291025625834065
2723,2018,0.231,0.265,0.287,0.32,0.255,146,632,2043,87.9,14,10,31,701,3.11,146,15,55,126,0.18,0.078,31,5.8,5.38,22.612903225806452,0.03300000000000003,3.324962989505859
2716,2018,0.23,0.275,0.3,0.318,0.244,151,657,2078,89.5,16,7,30,722,3.58,151,25,50,177,0.245,0.069,35.7,7,4.28,24.066666666666666,0.018000000000000016,3.81210835197389
2693,2018,0.232,0.27,0.317,0.312,0.233,134,578,2146,89.1,5,11,30,654,3.97,134,25,58,152,0.232,0.089,36.6,7.4,4.21,21.8,-0.0050000000000000044,4.133842575061406
2688,2018,0.213,0.284,0.293,0.289,0.21,130,609,2415,90,15,3,30,695,3.13,130,18,64,201,0.289,0.092,31,5.8,3.05,23.166666666666668,-0.0040000000000000036,3.335829679705417
2603,2018,0.224,0.301,0.287,0.293,0.225,134,598,2185,91.3,11,6,28,645,3.76,134,23,42,208,0.322,0.065,42.1,9.4,3.82,23.035714285714285,0.006000000000000005,4.138524331193069
2587,2018,0.199,0.258,0.281,0.283,0.206,108,542,2182,88,8,9,28,615,3.34,108,20,59,182,0.296,0.096,34.7,6.6,2.75,21.964285714285715,0.0019999999999999463,3.601097631689722
2565,2018,0.262,0.288,0.344,0.359,0.27,159,606,2048,85,8,14,29,685,5.55,159,27,59,125,0.182,0.086,38.5,8.4,6.4,23.620689655172413,0.015000000000000013,5.398073897721215
2564,2018,0.267,0.32,0.311,0.318,0.267,172,643,2310,85.3,13,9,29,686,4,172,17,32,145,0.211,0.047,35,5.4,3.99,23.655172413793103,0.007000000000000006,3.984910291990214
2552,2018,0.235,0.259,0.312,0.327,0.247,138,587,2472,88.9,12,8,28,640,4.18,138,25,38,132,0.206,0.059,35.3,10.8,3.59,22.857142857142858,0.015000000000000013,4.382128417315304
2529,2018,0.268,0.29,0.327,0.338,0.269,171,638,2207,89.5,9,9,29,683,4.19,171,26,35,114,0.167,0.051,38.7,7.9,4.72,23.551724137931036,0.01100000000000001,4.357957462053734
2525,2018,0.181,0.283,0.237,0.236,0.168,102,565,2339,88.3,12,4,27,617,2.11,102,11,34,237,0.384,0.055,26.8,7.5,4.4,22.85185185185185,-0.0010000000000000009,2.6340367745964612
2505,2018,0.268,0.339,0.33,0.32,0.25,155,579,2284,91,3,5,17,413,4.31,102,11,31,102,0.247,0.075,38.7,6.4,5.19,24.294117647058822,-0.010000000000000009,4.360715833319927
2499,2018,0.237,0.272,0.309,0.33,0.254,132,556,2568,88.1,6,9,22,530,4.45,112,16,52,107,0.202,0.098,35.2,6.1,6.11,24.09090909090909,0.02100000000000002,4.3657736298094685
2443,2018,0.247,0.295,0.288,0.295,0.244,143,579,1894,86,9,7,33,637,3.68,143,14,40,135,0.212,0.063,33.7,4.6,5.8,19.303030303030305,0.007000000000000006,3.656397495593444
2412,2018,0.25,0.323,0.286,0.272,0.232,148,592,2072,93.7,13,4,25,644,3.03,148,9,39,155,0.241,0.061,26.6,2,4.28,25.76,-0.013999999999999957,2.4840898699799796
2398,2018,0.24,0.286,0.307,0.311,0.247,141,588,2031,86.7,12,6,27,635,3.75,141,25,35,159,0.25,0.055,38.1,7.1,4.45,23.51851851851852,0.0040000000000000036,3.9832296091067416
2386,2018,0.277,0.325,0.34,0.338,0.265,150,542,2153,89.6,7,11,30,609,4.95,150,19,54,121,0.199,0.089,35,6.3,2.94,20.3,-0.0020000000000000018,4.731517240797731
2364,2018,0.227,0.276,0.272,0.285,0.24,139,612,2456,86.7,9,5,26,650,2.73,139,17,29,155,0.238,0.045,35.4,5.4,3.03,25,0.012999999999999956,3.112508615995297
2313,2018,0.238,0.301,0.298,0.302,0.229,119,501,2181,90.4,13,5,27,553,3.82,119,16,45,146,0.264,0.081,33,6.7,3.81,20.48148148148148,0.0040000000000000036,3.9094044676604316
2287,2018,0.216,0.293,0.312,0.312,0.219,97,449,2174,89,6,2,24,526,3.93,97,19,70,165,0.314,0.133,41.6,8.7,4.34,21.916666666666668,0,4.240911718231782
2249,2018,0.27,0.327,0.336,0.329,0.254,138,511,2533,89.1,11,9,30,582,4.9,138,14,57,123,0.211,0.098,39.5,6.3,2.87,19.4,-0.007000000000000006,4.795634637481963
2232,2018,0.253,0.314,0.324,0.327,0.25,121,479,2132,86.9,4,9,25,547,4.42,121,15,54,130,0.238,0.099,36.3,6.1,4.5,21.88,0.0030000000000000027,4.364762909525301
2171,2018,0.242,0.272,0.315,0.333,0.252,117,483,2113,86.5,10,9,26,537,3.41,117,17,47,98,0.182,0.088,33.2,7.3,6.42,20.653846153846153,0.018000000000000016,3.6531140345009545
2161,2018,0.24,0.31,0.306,0.312,0.234,118,492,2161,90.1,10,7,22,544,3.74,118,18,38,156,0.287,0.07,38.9,7.3,3.32,24.727272727272727,0.006000000000000005,3.996982744697395
2158,2018,0.254,0.31,0.328,0.323,0.245,125,493,2171,86.4,8,9,26,548,4.08,125,23,43,145,0.265,0.078,40.5,8.7,4.18,21.076923076923077,-0.0050000000000000044,4.334522509114625
2130,2018,0.213,0.26,0.277,0.28,0.213,106,497,2083,86.1,7,6,25,553,2.83,106,15,42,135,0.244,0.076,26.3,5.1,3.85,22.12,0.0030000000000000027,2.9808120995857026
2104,2018,0.219,0.272,0.297,0.309,0.229,108,493,2626,83.3,11,5,25,547,3.66,108,20,41,150,0.274,0.075,36.2,7.8,2.45,21.88,0.01200000000000001,3.914522509114625
2076,2018,0.269,0.289,0.338,0.333,0.26,140,521,2306,87.7,7,8,25,556,4.52,140,28,26,111,0.2,0.047,38.4,9.6,6.91,22.24,-0.0050000000000000044,4.66451999942272
2071,2018,0.283,0.329,0.36,0.343,0.266,125,442,2132,89.4,7,9,23,507,4.98,125,22,53,110,0.217,0.105,40.3,9.1,5.14,22.043478260869566,-0.01699999999999996,5.034057786686568
2053,2018,0.238,0.277,0.3,0.327,0.251,118,495,2098,85.3,6,7,21,551,3.26,118,14,43,109,0.198,0.078,35.5,8.4,3.9,26.238095238095237,0.027000000000000024,3.627583949761054
2040,2018,0.261,0.313,0.318,0.3,0.241,130,499,2156,90.4,11,8,24,548,4.36,130,16,37,123,0.224,0.068,33.2,5.7,4.13,22.833333333333332,-0.018000000000000016,4.2198198633264425
2026,2018,0.285,0.336,0.347,0.342,0.267,127,446,2195,87.8,6,7,23,504,4.34,127,15,46,100,0.198,0.091,35.2,6,4.45,21.91304347826087,-0.004999999999999949,4.2797444867171865
1966,2018,0.22,0.243,0.309,0.318,0.229,97,441,2228,89.9,6,8,20,511,4.18,97,15,55,90,0.176,0.108,34.3,5.1,5.19,25.55,0.009000000000000008,4.059610532146784
1926,2018,0.265,0.284,0.339,0.348,0.269,121,456,1819,86.5,5,2,27,518,5.01,121,18,47,80,0.154,0.091,38.6,7.3,6.08,19.185185185185187,0.008999999999999952,4.930389260530976
1863,2018,0.223,0.259,0.289,0.306,0.243,98,439,2120,86.6,6,4,21,487,2.81,98,9,36,89,0.183,0.074,36.1,3.9,5.64,23.19047619047619,0.017000000000000015,3.0386684469646754
1805,2018,0.285,0.356,0.336,0.32,0.26,130,456,2204,88.6,11,5,20,485,4.55,130,13,23,118,0.243,0.047,38.3,7,3.28,24.25,-0.016000000000000014,4.565369152346063
1795,2018,0.246,0.288,0.293,0.292,0.244,105,427,2134,92.7,3,4,10,224,4.26,48,11,8,53,0.237,0.036,35.5,5.7,5.99,22.4,-0.0010000000000000009,4.202455094164547
1794,2018,0.262,0.304,0.337,0.356,0.266,106,405,2272,90.6,4,6,20,474,4.89,106,11,58,86,0.181,0.122,39,8.4,6.07,23.7,0.01899999999999996,4.913664227425767
1792,2018,0.266,0.298,0.336,0.317,0.251,118,443,2127,90.5,7,8,21,484,4.93,118,24,30,108,0.223,0.062,33.1,7,3.89,23.047619047619047,-0.019000000000000017,4.716633615248419
1789,2018,0.313,0.331,0.377,0.371,0.302,141,451,1882,89.5,1,14,20,494,6.09,141,23,33,75,0.152,0.067,42.7,8.6,4.8,24.7,-0.006000000000000005,5.912230668086874
1707,2018,0.283,0.328,0.33,0.33,0.267,115,406,2423,89.3,4,9,19,449,5.54,115,9,36,77,0.171,0.08,40.4,6.3,2.96,23.63157894736842,0,5.283296699638882
1628,2018,0.253,0.297,0.296,0.29,0.234,113,447,2305,89.5,6,9,19,486,4.06,113,12,23,100,0.206,0.047,34.1,5.1,4.44,25.57894736842105,-0.006000000000000005,3.975240235532763
1553,2018,0.276,0.313,0.351,0.337,0.26,100,362,2301,82.6,7,9,20,404,5.77,100,18,30,84,0.208,0.074,29.7,7.7,4.01,20.2,-0.013999999999999957,5.238219631555918
1529,2018,0.266,0.303,0.329,0.324,0.259,94,353,2114,89.7,6,6,23,390,4.38,94,10,30,69,0.177,0.077,38.9,4.5,6.71,16.956521739130434,-0.0050000000000000044,4.212191380092444
1467,2018,0.242,0.3,0.332,0.301,0.226,81,335,2481,88.8,2,6,21,375,5.57,81,15,33,102,0.272,0.088,36.6,5.1,4.03,17.857142857142858,-0.031000000000000028,5.071367434327911
1419,2018,0.221,0.253,0.286,0.356,0.282,68,308,1998,88.3,8,2,15,355,3.2,68,9,36,71,0.2,0.101,37,7.7,4.76,23.666666666666668,0.07,3.586721454630199
1419,2018,0.22,0.256,0.269,0.309,0.252,80,363,2169,84.4,7,2,16,393,2.01,80,9,22,81,0.206,0.056,36.7,6.3,6.56,24.5625,0.03999999999999998,2.661337066978412
1409,2018,0.247,0.29,0.304,0.308,0.25,87,352,2322,88.2,3,5,19,389,4.18,87,12,28,85,0.219,0.072,39.3,4.8,4.58,20.473684210526315,0.0040000000000000036,4.126874821600906
1404,2018,0.329,0.345,0.39,0.369,0.299,116,353,2058,89.3,2,7,22,397,6.22,116,16,36,52,0.131,0.091,39.1,6.8,5.12,18.045454545454547,-0.02100000000000002,5.798026237962673
1393,2018,0.22,0.279,0.301,0.324,0.228,63,286,2282,88.5,5,6,16,326,4.19,63,10,33,88,0.27,0.101,34.2,9.4,4.52,20.375,0.02300000000000002,4.319715102862969
1291,2018,0.237,0.274,0.283,0.315,0.264,71,300,2214,85,5,2,16,338,2.57,71,3,27,50,0.148,0.08,28.5,3.5,3.98,21.125,0.03200000000000003,2.7130722368146203
1203,2018,0.285,0.309,0.331,0.333,0.279,90,316,1975,86,4,5,17,333,4.48,90,10,13,47,0.141,0.039,38.5,7.7,3.89,19.58823529411765,0.0020000000000000018,4.5611746936757775
1124,2018,0.269,0.299,0.326,0.334,0.274,67,249,2250,85.9,2,7,13,280,4.77,67,8,21,49,0.175,0.075,39.5,3.9,3.55,21.53846153846154,0.008000000000000007,4.379617340967683
995,2018,0.29,0.329,0.342,0.355,0.289,74,255,2362,93.1,5,4,13,283,3.88,74,5,21,43,0.152,0.074,40.1,7.4,2.63,21.76923076923077,0.012999999999999956,4.122362918907183
950,2018,0.252,0.282,0.315,0.318,0.246,56,222,2071,88.2,2,4,10,247,4.14,56,8,18,46,0.186,0.073,29.6,7.3,5.09,24.7,0.0030000000000000027,4.078100667823237
877,2018,0.297,0.306,0.349,0.38,0.321,66,222,1838,89,5,5,12,241,5.93,66,7,18,22,0.091,0.075,47.8,6.5,5.81,20.083333333333332,0.031000000000000028,5.733735494653317
816,2018,0.261,0.319,0.341,0.362,0.274,46,176,2369,86.5,0,5,11,200,5.68,46,8,19,51,0.255,0.095,46.1,10.9,4.49,18.181818181818183,0.020999999999999963,5.758279015458876
807,2018,0.221,0.265,0.282,0.314,0.235,40,181,2178,87.4,2,3,11,204,3.02,40,4,19,41,0.201,0.093,32.9,6.4,3.81,18.545454545454547,0.03200000000000003,3.3299755318684703
805,2018,0.27,0.289,0.343,0.37,0.267,47,174,2407,88.5,1,5,10,207,6.25,47,6,26,30,0.145,0.126,32,9.4,3.52,20.7,0.02699999999999997,5.769437997642944
740,2018,0.235,0.296,0.335,0.332,0.226,36,153,2523,90.2,1,3,8,180,4.95,36,7,21,49,0.272,0.117,32.1,8.5,3.98,22.5,-0.0030000000000000027,4.788352725064627
732,2018,0.263,0.319,0.327,0.315,0.235,41,156,2370,81.9,2,4,8,181,4.46,41,5,18,40,0.221,0.099,24,6.6,4.19,22.625,-0.01200000000000001,4.029404504407021
3687,2019,0.23,0.29,0.316,0.315,0.228,184,800,2456,87.1,9,8,24,664,3.79,127,22,63,185,0.279,0.095,37.7,8.6,1.73,27.666666666666668,-0.0010000000000000009,4.06372531507882
3553,2019,0.243,0.322,0.294,0.292,0.231,195,801,2436,91.9,16,11,33,875,3.67,195,21,59,246,0.281,0.067,33.8,5.9,3.32,26.515151515151516,-0.0020000000000000018,3.7684724763658233
3362,2019,0.186,0.276,0.246,0.241,0.185,142,762,2559,92.4,20,5,33,817,2.5,142,29,48,326,0.399,0.059,35.5,5.9,2.84,24.757575757575758,-0.0050000000000000044,2.983475767529334
3358,2019,0.244,0.288,0.301,0.303,0.233,190,779,2563,88.4,14,10,32,863,3.59,190,30,68,200,0.232,0.079,30.4,7,5.56,26.96875,0.0020000000000000018,3.705715790476429
3332,2019,0.23,0.298,0.28,0.303,0.244,186,810,2256,88.4,15,8,34,859,3.28,186,31,40,259,0.302,0.047,43.3,8.7,1.63,25.264705882352942,0.022999999999999965,3.7573687381358924
3332,2019,0.233,0.297,0.304,0.315,0.239,176,755,2198,86.7,12,7,34,852,3.87,176,27,80,229,0.269,0.094,39.5,6.8,3.28,25.058823529411764,0.01100000000000001,4.075111214659171
3299,2019,0.227,0.295,0.285,0.308,0.229,169,746,2245,86.7,14,7,33,835,3.25,169,24,70,238,0.285,0.084,38.7,9.4,4.66,25.303030303030305,0.02300000000000002,3.6975085731517985
3297,2019,0.207,0.285,0.25,0.256,0.207,154,745,2302,94,11,8,32,804,2.43,154,19,44,255,0.317,0.055,30.8,5,2.38,25.125,0.006000000000000005,2.813444802358609
3244,2019,0.245,0.292,0.3,0.325,0.258,191,780,2435,87.3,9,9,34,844,3.9,191,30,43,203,0.241,0.051,41.8,9,6.48,24.823529411764707,0.025000000000000022,4.230332245513042
3232,2019,0.264,0.295,0.311,0.315,0.257,210,794,2246,84.3,16,13,34,866,3.99,210,23,56,147,0.17,0.065,35.2,4.9,3.1,25.470588235294116,0.0040000000000000036,3.9312358853891207
3179,2019,0.192,0.244,0.254,0.281,0.217,135,704,2257,89.3,11,8,33,772,2.75,135,25,55,231,0.299,0.071,30.3,6.9,4.91,23.393939393939394,0.027000000000000024,3.116430042080677
3158,2019,0.202,0.265,0.277,0.283,0.21,139,688,2112,91.6,15,8,32,781,3.4,139,22,79,226,0.289,0.101,33.6,5.1,3.21,24.40625,0.00599999999999995,3.5187312383678204
3139,2019,0.215,0.299,0.27,0.281,0.222,154,717,2477,87.3,16,6,33,790,3.05,154,15,57,240,0.304,0.072,32.8,5,4.74,23.939393939393938,0.01100000000000001,3.2589430792393834
3132,2019,0.251,0.301,0.3,0.31,0.248,194,774,2136,87.8,14,8,32,842,3.68,194,26,51,195,0.232,0.061,32,6.5,4,26.3125,0.010000000000000009,3.7785377774608735
3113,2019,0.228,0.274,0.263,0.288,0.243,175,767,2245,85.3,10,4,23,562,2.9,117,15,21,135,0.24,0.037,33.3,6.3,4.03,24.434782608695652,0.024999999999999967,3.250155564880908
3091,2019,0.241,0.274,0.308,0.327,0.248,179,743,2347,91.5,6,14,32,838,3.88,179,23,81,151,0.18,0.097,34.3,6.5,3,26.1875,0.019000000000000017,3.970057631611628
3064,2019,0.234,0.315,0.323,0.327,0.232,150,642,2181,88.1,12,8,33,747,4.34,150,30,84,235,0.315,0.112,38.6,10.7,6.62,22.636363636363637,0.0040000000000000036,4.5674382526729405
3043,2019,0.294,0.35,0.344,0.341,0.277,205,698,2305,86.3,13,10,31,764,4.46,205,26,52,165,0.216,0.068,34.7,7.4,5.16,24.64516129032258,-0.002999999999999947,4.443701915730395
2992,2019,0.275,0.323,0.34,0.349,0.275,180,655,2184,87.9,6,7,21,484,4.24,119,14,38,108,0.223,0.079,37.3,8.4,6.8,23.047619047619047,0.008999999999999952,4.386762513688425
2960,2019,0.278,0.31,0.338,0.337,0.265,198,712,2368,86.1,14,12,32,768,5.52,198,31,45,143,0.186,0.059,37.6,9.4,5.64,24,-0.0010000000000000009,5.399654015209916
2909,2019,0.196,0.259,0.265,0.29,0.214,122,622,2676,88.4,11,8,31,708,2.87,122,17,68,205,0.29,0.096,33.3,6.8,3.7,22.838709677419356,0.024999999999999967,3.2526065676378715
2876,2019,0.273,0.323,0.33,0.335,0.269,181,662,2418,83.1,14,10,31,745,4.19,181,22,64,153,0.205,0.086,39.2,6.5,3.15,24.032258064516128,0.0050000000000000044,4.285478846506349
2848,2019,0.245,0.275,0.316,0.34,0.264,160,652,2202,90.7,16,7,33,757,3.35,160,22,86,136,0.18,0.114,38.8,6.8,2.77,22.939393939393938,0.02400000000000002,3.683913738228664
2848,2019,0.213,0.268,0.294,0.302,0.227,140,657,2517,88.3,6,8,31,731,3.98,140,33,56,229,0.313,0.077,37.5,7.4,2.01,23.580645161290324,0.008000000000000007,4.155251049675077
2814,2019,0.205,0.274,0.275,0.287,0.218,131,640,2095,88.9,14,9,29,705,3.41,131,24,57,228,0.323,0.081,34.6,9.4,3.48,24.310344827586206,0.011999999999999955,3.749998949590189
2787,2019,0.261,0.293,0.314,0.322,0.265,186,713,2072,86.6,11,9,32,759,4.45,186,28,40,149,0.196,0.053,37.7,6,3.56,23.71875,0.008000000000000007,4.408664270269266
2778,2019,0.256,0.297,0.329,0.314,0.242,161,628,2308,85.9,7,14,30,700,4.79,161,29,58,162,0.231,0.083,31.9,5.9,3.29,23.333333333333332,-0.015000000000000013,4.49617559758097
2772,2019,0.279,0.318,0.334,0.312,0.25,184,659,2114,89.7,10,7,32,737,5.12,184,23,67,135,0.183,0.091,29.7,5.3,4.5,23.03125,-0.02200000000000002,4.579979025055655
2770,2019,0.222,0.322,0.269,0.258,0.206,144,650,2337,89.6,11,7,27,693,2.92,144,18,33,243,0.351,0.048,35.5,6.6,3.74,25.666666666666668,-0.01100000000000001,3.314450484885673
2764,2019,0.275,0.333,0.333,0.338,0.273,175,637,2156,88.4,13,7,34,706,4.84,175,23,56,160,0.227,0.079,37.8,7.5,5.35,20.764705882352942,0.0050000000000000044,4.80128775858966
2721,2019,0.295,0.31,0.368,0.352,0.283,195,660,2172,87.3,6,11,32,721,5.46,195,36,50,116,0.161,0.069,39.1,7.7,5.17,22.53125,-0.016000000000000014,5.300715009004822
2711,2019,0.247,0.283,0.307,0.335,0.262,154,624,2294,90.6,7,14,28,709,4.19,154,15,70,122,0.172,0.099,38.6,5.9,2.47,25.321428571428573,0.028000000000000025,4.228120800478355
2698,2019,0.249,0.292,0.291,0.302,0.254,168,675,2101,83,11,10,30,730,3.46,168,19,32,150,0.205,0.044,31.5,5.4,2.88,24.333333333333332,0.01100000000000001,3.5390519490845636
2690,2019,0.236,0.266,0.296,0.316,0.254,153,647,2081,86.4,11,8,30,712,3.85,153,22,58,134,0.188,0.081,28.3,6.6,6.62,23.733333333333334,0.020000000000000018,3.802687843065924
2680,2019,0.256,0.276,0.31,0.348,0.284,155,606,2118,85.1,10,7,31,672,3.55,155,20,51,102,0.152,0.076,33.3,7.2,2.73,21.677419354838708,0.03799999999999998,3.7497226503119756
2672,2019,0.222,0.267,0.281,0.296,0.235,145,654,2547,86.2,16,5,29,706,3.03,145,28,41,189,0.268,0.058,34.1,6.8,2.16,24.344827586206897,0.014999999999999958,3.3769768642518923
2670,2019,0.27,0.338,0.315,0.303,0.254,174,644,2326,87.2,17,6,33,702,4.02,174,21,47,173,0.246,0.067,39.1,4.4,2.25,21.272727272727273,-0.01200000000000001,3.9565549535725624
2661,2019,0.267,0.333,0.329,0.335,0.258,154,576,2365,90.4,3,17,30,656,4.61,154,14,59,146,0.223,0.09,40.7,6.7,3.97,21.866666666666667,0.006000000000000005,4.6376485122279965
2659,2019,0.265,0.28,0.308,0.353,0.287,181,682,1941,86.9,13,9,31,743,3.89,181,20,49,90,0.121,0.066,40,7.3,4.21,23.967741935483872,0.044999999999999984,4.126190588418693
2657,2019,0.254,0.3,0.309,0.312,0.253,168,662,2397,88.3,11,12,32,718,4.44,168,21,39,157,0.219,0.054,38.7,6.4,3.86,22.4375,0.0030000000000000027,4.450753521624556
2616,2019,0.259,0.308,0.311,0.335,0.276,174,671,2348,91,12,5,28,721,4.76,174,29,35,175,0.243,0.049,43.1,7.9,3.75,25.75,0.02400000000000002,4.86511290003597
2571,2019,0.268,0.295,0.325,0.313,0.251,172,642,2165,90.1,10,13,32,705,4.13,172,28,48,129,0.183,0.068,32.8,6.9,3.97,22.03125,-0.01200000000000001,4.13561532914195
2430,2019,0.229,0.268,0.299,0.308,0.236,125,545,2183,89.1,10,5,28,612,3.81,125,21,47,141,0.23,0.077,31.7,5.1,2.29,21.857142857142858,0.009000000000000008,3.752455094164547
2373,2019,0.259,0.319,0.323,0.332,0.271,147,567,2150,91.2,11,8,26,637,3.84,147,19,56,150,0.235,0.088,43.8,5.9,6.69,24.5,0.009000000000000008,4.052774943819596
2327,2019,0.284,0.308,0.351,0.35,0.278,162,571,2114,88.5,7,9,26,636,5.38,162,27,44,113,0.178,0.069,35.6,8.3,6.18,24.46153846153846,-0.0010000000000000009,5.192259123565695
2280,2019,0.204,0.239,0.268,0.285,0.222,107,524,2072,89.3,9,7,26,568,3.33,107,23,31,153,0.269,0.055,32.5,7.1,4.73,21.846153846153847,0.01699999999999996,3.5781324573090685
2237,2019,0.313,0.336,0.373,0.367,0.3,161,514,2116,89.8,11,11,25,582,6.71,161,19,57,76,0.131,0.098,44,6.1,3.44,23.28,-0.006000000000000005,6.205880918338141
2211,2019,0.266,0.308,0.326,0.321,0.255,136,512,2214,89.3,3,12,25,556,5.14,136,25,34,129,0.232,0.061,37.6,8.3,3.59,22.24,-0.0050000000000000044,5.061608469306402
2192,2019,0.283,0.32,0.339,0.343,0.272,149,527,2209,89.6,8,8,24,594,4.64,149,21,51,110,0.185,0.086,37.6,6.8,5.08,24.75,0.0040000000000000036,4.607862881164757
2161,2019,0.251,0.285,0.323,0.346,0.264,125,498,2269,87.7,7,6,23,555,4.34,125,21,46,115,0.207,0.083,37.8,7.5,4.95,24.130434782608695,0.022999999999999965,4.429622188977497
2090,2019,0.209,0.306,0.261,0.27,0.209,96,459,2291,88.6,13,4,21,499,2.71,96,10,37,169,0.339,0.074,34,5.8,3.02,23.761904761904763,0.009000000000000008,3.1000852260287552
2057,2019,0.228,0.264,0.273,0.299,0.256,121,530,2148,82.4,11,6,28,563,4.13,121,15,20,117,0.208,0.036,26.2,7,3.56,20.107142857142858,0.025999999999999968,3.9373060018526305
2001,2019,0.265,0.313,0.338,0.343,0.261,117,441,1992,88.7,4,6,25,505,5.16,117,15,53,100,0.198,0.105,38.7,6.1,3.38,20.2,0.0050000000000000044,4.95148878531891
1979,2019,0.24,0.322,0.281,0.286,0.235,109,454,2181,93.1,11,3,22,493,3.62,109,12,30,143,0.29,0.061,30.2,4.1,3.05,22.40909090909091,0.004999999999999949,3.4691843223384593
1892,2019,0.237,0.257,0.315,0.353,0.278,102,430,1974,89.1,8,6,21,475,3.81,102,19,40,88,0.185,0.084,38.7,8.1,2.28,22.61904761904762,0.03799999999999998,4.083006850032573
1891,2019,0.241,0.343,0.301,0.27,0.207,96,399,2273,89.5,6,8,23,441,4.29,96,14,40,147,0.333,0.091,32,4.7,3.24,19.17391304347826,-0.030999999999999972,4.0291491620990305
1864,2019,0.265,0.303,0.327,0.333,0.263,115,434,1999,85.5,8,8,19,487,3.75,115,16,39,91,0.187,0.08,38.5,6.9,1.99,25.63157894736842,0.006000000000000005,3.97933244343148
1796,2019,0.261,0.303,0.318,0.327,0.26,111,425,2089,89.2,5,8,21,469,5.09,111,15,27,95,0.203,0.058,36.9,7.4,3.61,22.333333333333332,0.009000000000000008,4.957897217089081
1780,2019,0.296,0.31,0.372,0.366,0.292,126,426,2173,89,3,11,22,473,6.73,126,25,39,79,0.167,0.082,40.1,8.8,4.33,21.5,-0.006000000000000005,6.353387946520849
1689,2019,0.251,0.312,0.325,0.319,0.238,93,370,2448,87.8,4,6,18,409,4.91,93,20,30,118,0.289,0.073,39.4,9.8,4.46,22.72222222222222,-0.006000000000000005,4.989215201822188
1552,2019,0.235,0.281,0.312,0.306,0.223,80,341,2314,89.9,5,6,18,384,4.58,80,14,30,96,0.25,0.078,32.4,7.6,3.99,21.333333333333332,-0.006000000000000005,4.487021294063717
1485,2019,0.23,0.297,0.276,0.284,0.237,84,365,2273,92.7,9,2,16,394,2.63,84,8,23,103,0.261,0.058,34.8,3.8,5.6,24.625,0.007999999999999952,2.891337171038704
1387,2019,0.212,0.284,0.287,0.298,0.22,62,293,2227,88.1,1,3,7,151,2.72,25,3,18,43,0.285,0.119,35.9,5.6,2.75,21.571428571428573,0.01100000000000001,3.1226149577752786
1364,2019,0.271,0.326,0.353,0.329,0.247,78,288,2441,89.7,4,7,14,326,5.79,78,15,35,81,0.248,0.107,37.5,7.7,4.01,23.285714285714285,-0.023999999999999966,5.511764260282018
1325,2019,0.229,0.252,0.298,0.323,0.252,72,315,2193,85.7,7,5,17,349,3.56,72,14,27,71,0.203,0.077,35.6,7.3,5.44,20.529411764705884,0.025000000000000022,3.807882085444478
1233,2019,0.226,0.314,0.308,0.304,0.221,62,274,2516,91.4,3,5,14,313,4.07,62,12,30,105,0.335,0.096,34.1,8.1,2.09,22.357142857142858,-0.0040000000000000036,4.186869698156806
1053,2019,0.227,0.292,0.274,0.316,0.258,55,242,2105,89.5,4,3,12,260,2.94,55,6,14,69,0.265,0.054,41.4,6.3,6.58,21.666666666666668,0.04199999999999998,3.3875956922787647
966,2019,0.223,0.284,0.292,0.271,0.204,48,215,2665,82.7,4,1,13,242,2.45,48,10,18,72,0.298,0.074,27.7,4.7,3.03,18.615384615384617,-0.020999999999999963,2.7519308286533564
903,2019,0.186,0.265,0.222,0.235,0.181,40,215,2445,92.8,6,1,12,230,1.78,40,4,14,76,0.33,0.061,32.1,5.7,4.08,19.166666666666668,0.012999999999999984,2.436137768469461
863,2019,0.216,0.252,0.269,0.282,0.236,44,204,2501,87.5,3,4,10,227,2.34,44,4,16,46,0.203,0.07,32.9,2.4,4.74,22.7,0.012999999999999956,2.4392019269283782
684,2019,0.213,0.259,0.282,0.281,0.217,33,155,2343,88.8,2,1,9,174,3.3,33,5,13,44,0.253,0.075,29.8,4.4,6.34,19.333333333333332,-9.999999999999454e-4,3.2979081169183924
676,2019,0.278,0.333,0.336,0.354,0.298,44,158,2186,88.7,2,3,8,174,5.22,44,5,14,37,0.213,0.08,36.9,5.7,5.47,21.75,0.01799999999999996,4.91236135596397
673,2019,0.303,0.379,0.376,0.328,0.246,44,145,1982,88.9,0,1,8,168,5.5,44,5,18,37,0.22,0.107,43.1,5.5,3.58,21,-0.04799999999999999,5.217823611543622
