Pitcher,Pitches,Year,BA,BABIP,wOBA,xwOBA,xBA,Hits,ABs,Spin Rate,Velocity,W,L,G,BFP,ERA,H,HR,BB,SO,K %,BB %,Hard Hit %,Barrel %,ERA (t+1),Î”ERA,BFP/G,Luck Adjusted ERA
chase_anderson,2462,2015,0.272,0.304,0.324,0.315,0.254,158,581,2129,87.5,6,6,27,640,4.3,158,18,40,111,0.173,0.062,31.1,5.2,4.39,0.08999999999999986,23.703703703703702,4.057448171189231
patrick_corbin,1254,2015,0.272,0.329,0.321,0.331,0.269,91,335,2097,89.2,6,5,16,357,3.6,91,9,17,78,0.218,0.048,41.5,6.2,5.15,1.5500000000000003,22.3125,3.8105597448411124
rubby_de_la_rosa,3014,2015,0.265,0.292,0.336,0.318,0.252,193,729,2162,91.5,14,9,32,809,4.67,193,32,63,150,0.185,0.078,32.8,6.1,4.26,-0.41000000000000014,25.28125,4.377598636815844
jeremy_hellickson,2478,2015,0.264,0.296,0.334,0.346,0.27,151,573,2202,85.8,9,12,27,636,4.62,151,22,43,121,0.19,0.068,36.7,8.2,3.71,-0.9100000000000001,23.555555555555557,4.685398114990377
mike_foltynewicz,1481,2015,0.313,0.352,0.382,0.344,0.269,112,358,2277,91.5,4,6,18,399,5.71,112,17,29,77,0.193,0.073,32.9,4.8,4.31,-1.4000000000000004,22.166666666666668,4.959963872092022
shelby_miller,3247,2015,0.238,0.289,0.29,0.292,0.231,183,769,2199,91.3,6,17,33,860,3.02,183,13,73,171,0.199,0.085,27.7,3.6,6.15,3.1300000000000003,26.060606060606062,2.969026976285385
julio_teheran,3275,2015,0.253,0.293,0.322,0.341,0.268,189,748,2078,87.2,11,8,33,843,4.04,189,27,73,171,0.203,0.087,36.6,5.1,3.21,-0.8300000000000001,25.545454545454547,4.118637253259378
alex_wood,2909,2015,0.275,0.322,0.316,0.326,0.27,198,720,1864,86.6,7,6,20,509,3.54,132,8,36,90,0.177,0.071,33.1,4.3,3.73,0.18999999999999995,25.45,3.5578501660126296
wei_yin_chen,3010,2015,0.262,0.293,0.325,0.313,0.253,192,732,2022,88.2,11,8,31,792,3.34,192,28,41,153,0.193,0.052,31.9,6.1,4.96,1.62,25.548387096774192,3.3421064926731616
kevin_gausman,1876,2015,0.251,0.29,0.318,0.317,0.248,109,434,2154,92.2,4,7,25,470,4.25,109,17,29,103,0.219,0.062,34.2,6.3,3.61,-0.6400000000000001,18.8,4.1878158952522595
miguel_gonzalez,2439,2015,0.27,0.297,0.344,0.34,0.268,151,559,2170,88,9,12,26,622,4.91,151,24,51,109,0.175,0.082,34.8,5.7,3.73,-1.1800000000000002,23.923076923076923,4.672805684293543
ubaldo_jimenez,3060,2015,0.257,0.31,0.32,0.313,0.248,182,707,1987,88.1,12,10,32,791,4.11,182,20,68,168,0.212,0.086,31.8,4.2,5.44,1.33,24.71875,3.851727064075989
bud_norris,1463,2015,0.297,0.336,0.382,0.361,0.281,100,337,2217,91.3,2,9,18,305,7.06,84,14,25,50,0.164,0.082,37.3,7.7,4.22,-2.84,16.944444444444443,6.480080879201303
chris_tillman,2943,2015,0.267,0.295,0.331,0.33,0.261,176,660,2136,88.1,11,11,31,741,4.99,176,20,64,120,0.162,0.086,32.3,5.1,3.77,-1.2200000000000002,23.903225806451612,4.665368133278918
clay_buchholz,1716,2015,0.26,0.33,0.292,0.283,0.242,114,438,2221,87.4,7,7,18,469,3.26,114,6,23,107,0.228,0.049,31.7,1.8,4.78,1.5200000000000005,26.055555555555557,2.730308712069824
joe_kelly,2378,2015,0.276,0.32,0.335,0.34,0.273,145,526,2111,92,10,6,25,587,4.82,145,15,49,110,0.187,0.083,41.1,4.5,5.18,0.35999999999999943,23.48,4.651913246639939
wade_miley,3194,2015,0.265,0.309,0.323,0.319,0.256,201,758,2130,87.8,11,11,32,831,4.46,201,17,64,147,0.177,0.077,31.5,4.5,4.98,0.5200000000000005,25.96875,4.160868574032783
rick_porcello,2744,2015,0.287,0.333,0.34,0.334,0.272,196,682,2392,88,9,15,28,737,4.92,196,25,38,149,0.202,0.052,36.3,5.6,3.15,-1.77,26.321428571428573,4.682862227122918
steven_wright,1178,2015,0.239,0.253,0.315,0.313,0.227,67,280,1858,74.9,5,4,16,310,4.09,67,12,27,52,0.168,0.087,29.1,6.5,3.33,-0.7599999999999998,19.375,3.969020687210455
jose_quintana,3373,2015,0.272,0.33,0.312,0.314,0.267,218,802,1988,87.7,9,10,32,862,3.36,218,16,44,177,0.205,0.051,32.9,4.3,3.2,-0.1599999999999997,26.9375,3.3646309390854787
chris_sale,3323,2015,0.233,0.324,0.285,0.268,0.215,185,794,2217,89.6,13,11,31,854,3.41,185,23,42,274,0.321,0.049,27,4,3.34,-0.07000000000000028,27.548387096774192,3.154381644000962
jeff_samardzija,3339,2015,0.273,0.305,0.33,0.332,0.27,228,836,2273,91.1,11,13,32,910,4.96,228,29,49,163,0.179,0.054,31.8,5.2,3.81,-1.15,28.4375,4.657425370445427
jake_arrieta,3438,2015,0.185,0.247,0.225,0.248,0.207,150,811,2312,91.5,22,6,33,870,1.77,150,10,48,236,0.271,0.055,24.7,2.2,3.1,1.33,26.363636363636363,2.0316415129813703
kyle_hendricks,2793,2015,0.244,0.3,0.296,0.297,0.248,166,681,2126,86.4,8,7,32,739,3.95,166,17,43,167,0.226,0.058,28.5,3.3,2.13,-1.8200000000000003,23.09375,3.605531929227458
jon_lester,3185,2015,0.24,0.306,0.289,0.283,0.229,183,764,2209,88.5,11,12,32,828,3.34,183,16,47,207,0.25,0.057,28.4,4.4,2.44,-0.8999999999999999,25.875,3.2329157798494603
johnny_cueto,3268,2015,0.242,0.284,0.293,0.311,0.251,194,803,2133,89.5,7,6,19,516,2.62,93,11,29,120,0.233,0.056,31.8,4.9,2.79,0.16999999999999993,27.157894736842106,2.925494627734344
anthony_de_sclafani,2913,2015,0.273,0.324,0.321,0.316,0.257,194,710,2026,90.3,9,13,31,785,4.05,194,17,55,151,0.192,0.07,34.3,4.9,3.28,-0.77,25.322580645161292,3.9193990220818122
raisel_iglesias,1566,2015,0.228,0.29,0.3,0.3,0.226,81,356,2222,88.7,3,7,18,395,4.15,81,11,28,104,0.263,0.071,30.9,6.3,2.53,-1.6200000000000006,21.944444444444443,4.0588844194907585
mike_leake,2754,2015,0.243,0.263,0.296,0.337,0.278,174,717,2152,88.3,9,5,21,556,3.56,123,14,34,90,0.162,0.061,35.6,5.3,4.69,1.1300000000000003,26.476190476190474,3.880820477997461
trevor_bauer,2869,2015,0.232,0.279,0.314,0.317,0.233,152,655,2170,88.9,11,12,31,744,4.55,152,23,79,170,0.228,0.106,33.9,5.9,4.26,-0.29000000000000004,24,4.429146275800867
carlos_carrasco,2777,2015,0.228,0.304,0.28,0.272,0.217,154,675,2136,91.8,14,12,30,730,3.63,154,18,43,216,0.296,0.059,34.5,4.9,3.32,-0.31000000000000005,24.333333333333332,3.5730846598572557
corey_kluber,3273,2015,0.231,0.3,0.283,0.291,0.233,189,819,2300,90.2,9,16,32,886,3.49,189,22,45,245,0.277,0.051,32.5,5.6,3.14,-0.3500000000000001,27.6875,3.5832747282352666
josh_tomlin,949,2015,0.195,0.199,0.274,0.325,0.242,47,241,2380,85.8,7,2,10,251,3.02,47,13,8,57,0.227,0.032,36.4,11.4,4.4,1.3800000000000003,25.1,3.660409627411962
eddie_butler,1356,2015,0.322,0.341,0.406,0.37,0.288,102,317,1999,91.3,3,10,16,370,5.9,102,13,42,44,0.119,0.114,32.9,6.1,7.17,1.2699999999999996,23.125,5.240847400683034
jordan_lyles,767,2015,0.29,0.335,0.331,0.325,0.269,54,186,1883,89.8,2,5,10,212,5.14,54,2,19,30,0.142,0.09,36.3,2.5,5.83,0.6900000000000004,21.2,4.355126354075949
shane_greene,1336,2015,0.308,0.327,0.379,0.364,0.296,103,334,2208,88.6,4,8,18,373,6.88,103,13,27,50,0.134,0.072,33.8,5.2,5.82,-1.0599999999999996,20.72222222222222,6.0958506026479125
david_price,3388,2015,0.23,0.292,0.27,0.284,0.233,190,826,2147,90.8,9,4,21,592,2.53,133,13,29,138,0.233,0.049,31,4.6,3.99,1.4600000000000004,28.19047619047619,2.802245558816392
anibal_sanchez,2532,2015,0.252,0.281,0.33,0.311,0.246,152,603,2199,88.9,10,10,25,660,4.99,152,29,49,138,0.209,0.074,31.1,6.1,5.87,0.8799999999999999,26.4,4.59106184185695
alfredo_simon,3059,2015,0.276,0.298,0.348,0.359,0.278,201,729,1921,88.3,13,12,31,820,5.05,201,24,68,117,0.143,0.083,39.2,6.1,9.36,4.31,26.451612903225808,4.97838931793166
justin_verlander,2150,2015,0.229,0.268,0.276,0.268,0.221,113,493,2419,89.3,5,8,20,535,3.38,113,13,32,113,0.211,0.06,27.6,4.1,3.04,-0.33999999999999986,26.75,3.2137124776739316
dallas_keuchel,3492,2015,0.217,0.269,0.254,0.272,0.23,185,854,1991,86.3,20,8,33,911,2.48,185,17,51,216,0.237,0.056,28,3.3,4.55,2.07,27.606060606060606,2.659356658320388
collin_mc_hugh,3241,2015,0.263,0.312,0.308,0.293,0.237,207,788,2298,85,19,7,32,859,3.89,207,19,53,171,0.199,0.062,29.2,3.5,4.34,0.44999999999999973,26.84375,3.502909508873741
brett_oberholtzer,655,2015,0.293,0.331,0.353,0.327,0.264,44,150,1961,85.6,2,2,8,171,4.46,44,4,17,27,0.158,0.099,38.1,4,4.83,0.3700000000000001,21.375,4.066283792575197
danny_duffy,2360,2015,0.264,0.3,0.327,0.339,0.262,137,518,2233,90.3,7,8,30,588,4.08,137,15,53,102,0.173,0.09,32.8,4.5,3.51,-0.5700000000000003,19.6,4.001331832400119
edinson_volquez,3298,2015,0.251,0.293,0.305,0.34,0.269,190,758,2121,88.8,13,9,34,850,3.55,190,16,72,155,0.182,0.085,33.5,5.9,5.37,1.8200000000000003,25,3.8363740292232382
hector_santiago,3162,2015,0.227,0.254,0.313,0.321,0.229,156,687,2125,87.6,9,9,33,776,3.59,156,29,71,162,0.209,0.091,35.6,7.9,4.25,0.6600000000000001,23.515151515151516,3.783851615956618
matt_shoemaker,2089,2015,0.259,0.288,0.326,0.311,0.24,135,522,1827,86.9,7,10,25,569,4.46,135,24,35,116,0.204,0.062,34.3,6,3.88,-0.5800000000000001,22.76,4.248961417357247
jered_weaver,2448,2015,0.264,0.275,0.33,0.317,0.246,163,617,2050,77.8,7,12,26,669,4.64,163,24,33,90,0.135,0.049,28.5,6.2,5.06,0.41999999999999993,25.73076923076923,4.299203535165842
zack_greinke,3239,2015,0.187,0.232,0.224,0.258,0.214,148,790,2246,89,19,3,32,843,1.66,148,14,40,200,0.237,0.047,27.8,4,4.37,2.71,26.34375,2.218999036571704
clayton_kershaw,3392,2015,0.194,0.283,0.231,0.235,0.195,163,839,2201,89,16,7,33,890,2.13,163,15,42,301,0.338,0.047,24.4,3.3,1.69,-0.43999999999999995,26.96969696969697,2.2722763221278623
tom_koehler,2976,2015,0.255,0.286,0.323,0.33,0.251,180,706,2143,88.3,11,14,32,800,4.08,180,22,77,137,0.171,0.096,36.9,5.7,4.33,0.25,25,4.108299072471678
mat_latos,1804,2015,0.267,0.313,0.32,0.331,0.26,120,450,1941,88.3,4,7,16,372,4.48,85,8,25,79,0.212,0.067,34.9,6.9,4.62,0.13999999999999968,23.25,4.492063323312415
david_phelps,1858,2015,0.272,0.304,0.318,0.345,0.28,119,438,2191,88,4,8,23,482,4.5,119,11,33,77,0.16,0.068,35.9,4.1,2.28,-2.22,20.956521739130434,4.432065445830259
mike_fiers,3042,2015,0.238,0.285,0.308,0.307,0.233,162,680,2177,85.6,5,9,21,509,3.89,117,14,43,121,0.238,0.084,29.4,5.9,4.48,0.5900000000000003,24.238095238095237,3.800771283507305
matt_garza,2393,2015,0.294,0.323,0.359,0.342,0.276,176,598,1956,89.1,6,14,26,666,5.63,176,23,57,104,0.156,0.086,32,4.8,4.51,-1.12,25.615384615384617,5.01859296660483
jimmy_nelson,2791,2015,0.246,0.288,0.308,0.31,0.235,163,663,2112,90.6,11,13,30,752,4.11,163,18,65,148,0.197,0.086,28.7,4.8,4.62,0.5099999999999998,25.066666666666666,3.9063805174877024
wily_peralta,1754,2015,0.302,0.323,0.363,0.347,0.279,130,430,1766,90.9,5,10,20,478,4.72,130,14,37,60,0.126,0.077,36.9,5,4.86,0.14000000000000057,23.9,4.4216826503713635
kyle_gibson,3235,2015,0.252,0.29,0.304,0.32,0.257,186,737,2053,89,11,11,32,821,3.84,186,18,65,145,0.177,0.079,34.4,5,5.07,1.2300000000000004,25.65625,3.900802114399978
phil_hughes,2255,2015,0.293,0.305,0.346,0.372,0.308,184,629,2125,88.1,11,9,27,651,4.4,184,29,16,94,0.144,0.025,40.6,7.6,5.95,1.5499999999999998,24.11111111111111,4.628202904233441
tommy_milone,2067,2015,0.26,0.283,0.315,0.322,0.258,128,493,2094,84.6,9,5,24,543,3.92,128,17,36,91,0.168,0.066,29.6,5.3,5.71,1.79,22.625,3.8480286997448507
mike_pelfrey,2663,2015,0.304,0.336,0.339,0.357,0.3,198,651,1746,90.5,6,11,30,714,4.26,198,11,45,86,0.12,0.063,36.8,4.6,5.07,0.8100000000000005,23.8,4.246937989857512
ervin_santana,1678,2015,0.253,0.288,0.317,0.347,0.281,104,411,2085,89,7,5,17,457,4,104,12,36,82,0.179,0.079,40.6,4.8,3.38,-0.6200000000000001,26.88235294117647,4.180531025137552
nathan_eovaldi,2638,2015,0.285,0.339,0.316,0.32,0.266,175,615,1922,90.8,14,3,27,673,4.2,175,10,49,121,0.18,0.073,34.6,4.8,4.76,0.5599999999999996,24.925925925925927,4.095140911073874
ivan_nova,1529,2015,0.269,0.293,0.344,0.338,0.269,99,368,2210,89.3,6,11,17,413,5.07,99,13,33,63,0.153,0.08,37.4,6.8,4.9,-0.16999999999999993,24.294117647058822,4.891862371020049
michael_pineda,2548,2015,0.278,0.335,0.322,0.294,0.245,176,634,2012,90.4,12,10,27,668,4.37,176,21,21,156,0.234,0.031,34,5.7,4.82,0.4500000000000002,24.74074074074074,4.066149090137124
masahiro_tanaka,2290,2015,0.221,0.243,0.287,0.314,0.248,126,571,1954,88.1,12,7,24,609,3.51,126,25,27,139,0.228,0.044,36.7,7.7,3.07,-0.43999999999999995,25.375,3.85062923654851
jacob_de_grom,2976,2015,0.215,0.277,0.251,0.263,0.216,149,694,2176,92.2,14,8,30,751,2.54,149,16,38,205,0.273,0.051,29.6,4,3.04,0.5,25.033333333333335,2.7441700545510703
dillon_gee,616,2015,0.329,0.36,0.371,0.333,0.293,55,167,2102,85.9,0,3,8,183,5.9,55,5,11,25,0.137,0.06,30.8,3.4,4.68,-1.2200000000000006,22.875,4.8313760249573585
matt_harvey,2798,2015,0.222,0.277,0.266,0.261,0.214,156,703,2263,93.2,13,8,29,755,2.71,156,18,37,188,0.249,0.049,30.6,3.4,4.86,2.1500000000000004,26.03448275862069,2.7164734288523675
jonathon_niese,2701,2015,0.28,0.309,0.333,0.328,0.268,192,686,1952,85.9,9,10,33,770,4.13,192,20,55,113,0.147,0.071,32.4,4.4,4.91,0.7800000000000002,23.333333333333332,3.9113045202850767
jesse_chavez,2572,2015,0.268,0.315,0.317,0.321,0.261,164,612,2245,88.7,7,15,30,672,4.18,164,18,48,136,0.202,0.071,34.2,5.3,4.57,0.39000000000000057,22.4,4.109023583382888
kendall_graveman,1898,2015,0.276,0.303,0.333,0.356,0.289,126,456,2033,88,6,9,21,502,4.05,126,15,38,77,0.153,0.076,38.2,5.8,4.11,0.0600000000000005,23.904761904761905,4.214002707140409
sonny_gray,3078,2015,0.217,0.256,0.262,0.296,0.238,166,765,2317,90.4,14,7,31,831,2.73,166,17,59,169,0.203,0.071,34.6,4.5,5.69,2.9600000000000004,26.806451612903224,3.122737759644805
jesse_hahn,1531,2015,0.238,0.274,0.277,0.315,0.266,88,370,2288,88.2,6,6,16,406,3.35,88,5,25,64,0.158,0.062,28.5,1.9,6.02,2.6699999999999995,25.375,3.090075325798467
cole_hamels,3343,2015,0.238,0.297,0.293,0.294,0.233,190,800,2014,88.8,6,7,20,537,3.64,113,12,39,137,0.255,0.073,33.2,4.6,3.32,-0.3200000000000003,26.85,3.5994037352861405
gerrit_cole,3238,2015,0.239,0.308,0.274,0.298,0.243,183,765,2137,93,19,8,32,832,2.6,183,11,44,202,0.243,0.053,34.7,4.3,3.88,1.2799999999999998,26,2.944208873185665
francisco_liriano,2983,2015,0.223,0.294,0.281,0.301,0.237,155,695,1980,88.9,12,7,31,773,3.38,155,15,70,205,0.265,0.091,28,4.3,5.46,2.08,24.93548387096774,3.4210018797758797
jeff_locke,2780,2015,0.274,0.317,0.32,0.309,0.251,179,654,1818,87.6,8,11,30,736,4.49,179,15,60,129,0.175,0.082,30,3.5,5.44,0.9500000000000002,24.533333333333335,3.9806509447414404
andrew_cashner,3109,2015,0.279,0.335,0.335,0.315,0.25,200,718,2095,92.2,6,16,31,804,4.34,200,19,66,165,0.205,0.082,34.4,5.1,4.76,0.41999999999999993,25.93548387096774,4.064879066092497
ian_kennedy,2911,2015,0.258,0.306,0.347,0.332,0.255,166,644,2265,88,9,15,30,713,4.28,166,31,52,174,0.244,0.073,39.6,8.1,3.68,-0.6000000000000001,23.766666666666666,4.258229116718706
james_shields,3336,2015,0.248,0.303,0.335,0.311,0.234,189,763,2177,86.8,13,7,33,860,3.91,189,33,81,216,0.251,0.094,37.7,5.6,4.28,0.3700000000000001,26.060606060606062,3.7700480216249885
felix_hernandez,3040,2015,0.24,0.291,0.299,0.298,0.237,180,750,1999,88.3,18,9,31,826,3.53,180,23,58,191,0.231,0.07,34.4,4.2,3.82,0.29000000000000004,26.64516129032258,3.4842439582305333
hisashi_iwakuma,1868,2015,0.24,0.274,0.29,0.316,0.264,117,487,1985,85.4,9,5,20,516,3.54,117,18,21,111,0.215,0.041,34.2,5.5,4.12,0.5800000000000001,25.8,3.7564394341500056
james_paxton,1111,2015,0.253,0.289,0.309,0.334,0.255,67,265,1984,91.8,3,4,13,297,3.9,67,8,29,56,0.189,0.098,37.7,7.1,3.79,-0.10999999999999988,22.846153846153847,4.156201461415974
taijuan_walker,2630,2015,0.252,0.293,0.31,0.324,0.255,163,648,1997,91.8,11,8,29,706,4.56,163,25,40,157,0.222,0.057,33.8,7.6,4.22,-0.33999999999999986,24.344827586206897,4.583871829705672
madison_bumgarner,3312,2015,0.222,0.284,0.266,0.281,0.229,181,814,2256,88,18,9,32,869,2.93,181,21,39,234,0.269,0.045,30.1,4.8,2.74,-0.18999999999999995,27.15625,3.1182607317281805
tim_lincecum,1323,2015,0.26,0.304,0.323,0.346,0.268,75,289,1916,83.2,7,4,15,333,4.13,75,7,38,60,0.18,0.114,38,4.3,9.16,5.03,22.2,4.164973469732812
jaime_garcia,1857,2015,0.225,0.27,0.256,0.284,0.237,106,471,2235,87.3,10,6,20,510,2.43,106,6,30,97,0.19,0.059,30.5,3.7,4.67,2.2399999999999998,25.5,2.7563970817173127
carlos_martinez,2844,2015,0.25,0.324,0.301,0.294,0.231,168,671,1999,91.6,14,7,31,755,3.01,168,13,63,184,0.244,0.083,33.6,4.6,3.04,0.03000000000000025,24.35483870967742,3.0623444184419926
michael_wacha,2937,2015,0.236,0.276,0.294,0.306,0.242,162,687,1989,90.5,17,7,30,762,3.38,162,19,58,153,0.201,0.076,33.2,4.8,5.09,1.71,25.4,3.4852762105077004
chris_archer,3449,2015,0.22,0.297,0.272,0.289,0.228,175,795,2099,92.3,12,13,34,868,3.23,175,19,66,252,0.29,0.076,38.9,4.6,4.02,0.7899999999999996,25.529411764705884,3.4504952142698135
nate_karns,2441,2015,0.239,0.288,0.307,0.324,0.246,132,553,2242,88.2,7,5,27,621,3.67,132,19,56,145,0.233,0.09,37.1,7,5.15,1.4800000000000004,23,3.9011730660354
matt_moore,1056,2015,0.298,0.332,0.361,0.354,0.27,74,248,2309,88.5,3,4,12,278,5.43,74,9,23,46,0.165,0.083,37.6,8.3,4.08,-1.3499999999999996,23.166666666666668,5.251883397878659
jake_odorizzi,2755,2015,0.231,0.273,0.295,0.318,0.244,149,644,1937,88.4,9,9,28,700,3.35,149,18,46,150,0.214,0.066,33.9,6.2,3.69,0.33999999999999986,25,3.613967680389474
erasmo_ramirez,2409,2015,0.236,0.273,0.289,0.312,0.255,145,614,2087,87.4,11,6,34,666,3.75,145,16,40,126,0.189,0.06,33.7,4.9,3.77,0.020000000000000018,19.58823529411765,3.862941846754106
drew_smyly,1136,2015,0.23,0.285,0.304,0.326,0.237,58,252,2064,85.8,5,2,12,275,3.11,58,11,20,77,0.28,0.073,35.6,10.7,4.88,1.77,22.916666666666668,3.5289914271949425
yovani_gallardo,3226,2015,0.268,0.303,0.32,0.33,0.277,193,720,2133,88.3,13,11,33,793,3.42,193,15,68,121,0.153,0.086,34.7,2.8,5.42,2,24.03030303030303,3.2954357178425195
derek_holland,909,2015,0.269,0.286,0.353,0.372,0.291,59,219,2085,88.7,4,3,10,245,4.91,59,11,17,41,0.167,0.069,43.4,8.2,4.95,0.040000000000000036,24.5,5.061450613394593
nick_martinez,2119,2015,0.274,0.294,0.346,0.364,0.288,135,493,2207,86.7,7,7,24,558,3.96,135,16,46,77,0.138,0.082,35.1,5.5,5.59,1.63,23.25,4.051125061413687
martin_perez,1215,2015,0.285,0.326,0.318,0.323,0.274,88,309,1957,88.7,3,6,14,339,4.46,88,3,24,48,0.142,0.071,33.3,4.5,4.39,-0.07000000000000028,24.214285714285715,4.254849511488436
marco_estrada,2913,2015,0.203,0.217,0.276,0.296,0.222,134,659,2302,85.4,13,8,34,725,3.13,134,24,55,131,0.181,0.076,30.8,5.3,3.48,0.3500000000000001,21.323529411764707,3.3385939870162478
doug_fister,1654,2015,0.295,0.316,0.341,0.335,0.277,120,407,1907,84.2,5,7,25,449,4.19,120,14,24,63,0.14,0.053,32.6,5.3,4.64,0.4499999999999993,17.96,4.021774493057704
gio_gonzalez,2947,2015,0.269,0.343,0.312,0.309,0.244,181,673,2229,88.7,11,8,31,758,3.79,181,8,69,169,0.223,0.091,34.5,4.7,4.57,0.7800000000000002,24.451612903225808,3.716154666368189
max_scherzer,3359,2015,0.208,0.273,0.259,0.26,0.207,176,847,2287,90.8,14,12,33,899,2.79,176,27,34,276,0.307,0.038,29.8,5.8,2.96,0.16999999999999993,27.242424242424242,2.9552076145115276
stephen_strasburg,2043,2015,0.236,0.316,0.285,0.275,0.222,115,488,2159,92,11,7,23,523,3.46,115,14,26,155,0.296,0.05,33.3,4.4,3.6,0.14000000000000012,22.73913043478261,3.3740925431570155
jordan_zimmermann,3103,2015,0.264,0.306,0.304,0.316,0.262,204,774,2306,90.4,13,10,33,831,3.66,204,24,39,164,0.197,0.047,32.9,4.2,4.87,1.21,25.181818181818183,3.652783152964032
zack_greinke,2503,2016,0.262,0.299,0.318,0.321,0.257,161,615,2247,88,13,7,26,667,4.37,161,23,41,134,0.201,0.061,30.9,6.9,3.2,-1.17,25.653846153846153,4.280489893480754
robbie_ray,3176,2016,0.267,0.355,0.332,0.325,0.25,185,694,2226,91.9,8,15,32,776,4.9,185,24,71,218,0.281,0.091,39.5,6.9,2.89,-2.0100000000000002,24.25,4.782397165569212
julio_teheran,2971,2016,0.223,0.262,0.281,0.306,0.238,157,703,2206,86.3,7,10,30,758,3.21,157,22,41,167,0.22,0.054,33.6,6.5,4.49,1.2800000000000002,25.266666666666666,3.5204745939025988
matt_wisler,2438,2016,0.259,0.28,0.323,0.34,0.268,159,613,2231,89,7,13,27,671,5,159,26,49,115,0.171,0.073,36.6,6.2,8.35,3.3499999999999996,24.85185185185185,4.9438987428395516
yovani_gallardo,2107,2016,0.276,0.305,0.349,0.343,0.265,126,456,2208,87.2,6,8,23,526,5.42,126,16,61,85,0.162,0.116,35.7,5.3,5.72,0.2999999999999998,22.869565217391305,5.0506976252428215
kevin_gausman,3113,2016,0.262,0.311,0.319,0.324,0.257,183,698,2142,91.2,9,12,30,757,3.61,183,28,47,174,0.23,0.062,33.7,7.3,4.68,1.0699999999999998,25.233333333333334,3.740110633596993
ubaldo_jimenez,2492,2016,0.268,0.319,0.337,0.324,0.247,150,560,2037,86.9,8,12,29,638,5.44,150,16,72,125,0.196,0.113,32.3,5,6.81,1.3699999999999992,22,4.92703711625385
wade_miley,2732,2016,0.288,0.329,0.346,0.352,0.28,187,649,2159,86.7,7,8,19,469,4.98,117,18,34,82,0.175,0.072,37.2,6.6,5.61,0.6299999999999999,24.68421052631579,4.886190225485657
chris_tillman,2936,2016,0.244,0.283,0.317,0.338,0.26,155,636,2167,88,16,6,30,715,3.77,155,19,66,140,0.196,0.092,35.3,7.8,7.84,4.07,23.833333333333332,4.011813624253294
rick_porcello,3410,2016,0.23,0.269,0.274,0.307,0.247,193,840,2361,86.6,22,4,33,890,3.15,193,23,32,189,0.212,0.036,35.1,7,4.65,1.5000000000000004,26.96969696969697,3.55879005326395
david_price,3595,2016,0.258,0.314,0.309,0.302,0.244,227,879,2055,89.4,17,9,35,951,3.99,227,30,50,228,0.24,0.053,33,6.3,3.38,-0.6100000000000003,27.17142857142857,3.9193585336462147
eduardo_rodriguez,1854,2016,0.241,0.279,0.313,0.308,0.232,99,410,2131,91.7,3,7,20,458,4.71,99,16,40,100,0.218,0.087,26,6.3,4.19,-0.5199999999999996,22.9,4.345573029679276
jake_arrieta,3124,2016,0.194,0.242,0.261,0.298,0.226,138,710,2366,91.7,18,8,31,795,3.1,138,16,76,190,0.239,0.096,29.8,4.8,3.53,0.4299999999999997,25.64516129032258,3.388688236655192
kyle_hendricks,2888,2016,0.207,0.252,0.254,0.266,0.215,142,686,2106,85.2,16,8,31,745,2.13,142,15,44,170,0.228,0.059,26.2,3.4,3.03,0.8999999999999999,24.032258064516128,2.3595015288769714
jon_lester,3161,2016,0.211,0.258,0.264,0.283,0.226,154,730,2287,89.3,19,5,32,796,2.44,154,21,52,197,0.247,0.065,29.2,4.1,4.33,1.8900000000000001,24.875,2.7169911574484154
jose_quintana,3282,2016,0.246,0.294,0.297,0.3,0.248,192,779,2006,88.5,13,12,32,837,3.2,192,22,50,181,0.216,0.06,34.2,4.5,4.49,1.29,26.15625,3.2764747491542
carlos_rodon,2795,2016,0.273,0.333,0.328,0.31,0.249,176,644,2123,91.2,9,10,28,715,4.04,176,23,54,168,0.235,0.076,35,4.5,4.15,0.11000000000000032,25.535714285714285,3.8042726133048705
chris_sale,3431,2016,0.227,0.281,0.282,0.298,0.237,190,837,2218,88.6,17,10,32,907,3.34,190,27,45,233,0.257,0.05,33.2,5.7,2.9,-0.43999999999999995,28.34375,3.5284849168651897
dan_straily,3061,2016,0.22,0.242,0.307,0.329,0.243,154,699,2066,86,14,8,34,792,3.76,154,31,73,162,0.205,0.092,35,7.5,4.26,0.5,23.294117647058822,4.00047737171013
trevor_bauer,3092,2016,0.248,0.294,0.31,0.334,0.262,179,721,2264,89.1,12,8,35,811,4.26,179,20,70,168,0.207,0.086,39.5,5.7,4.19,-0.0699999999999994,23.17142857142857,4.400378948003868
carlos_carrasco,2246,2016,0.24,0.29,0.303,0.295,0.236,134,558,2238,91.1,11,8,25,599,3.32,134,21,34,150,0.25,0.057,38.1,5.1,3.29,-0.029999999999999805,23.96,3.3798299094491067
corey_kluber,3189,2016,0.216,0.274,0.275,0.287,0.225,170,788,2399,90.1,18,9,32,860,3.14,170,22,57,227,0.264,0.066,30.4,6,2.25,-0.8900000000000001,26.875,3.321301842743237
danny_salazar,2403,2016,0.235,0.307,0.304,0.31,0.228,121,515,2229,92.1,11,6,25,584,3.87,121,16,63,161,0.276,0.108,44.1,7.8,4.28,0.41000000000000014,23.36,4.087403889695032
josh_tomlin,2612,2016,0.269,0.278,0.327,0.342,0.285,187,694,2482,85.1,13,9,30,725,4.4,187,36,20,118,0.163,0.028,32.2,7.2,4.98,0.5800000000000001,24.166666666666668,4.417105254539741
tyler_anderson,1793,2016,0.272,0.325,0.318,0.285,0.246,119,437,2114,87.3,5,6,19,478,3.54,119,12,28,99,0.207,0.059,26.2,2.9,4.81,1.2699999999999996,25.157894736842106,2.97589967594795
chad_bettis,3055,2016,0.278,0.315,0.332,0.34,0.279,204,735,1945,88.4,14,8,32,814,4.79,204,22,59,138,0.17,0.072,34.9,5.6,5.05,0.2599999999999998,25.4375,4.652323283680693
tyler_chatwood,2546,2016,0.25,0.287,0.316,0.318,0.251,147,589,2396,90.6,12,9,27,669,3.87,147,15,70,117,0.175,0.105,35.4,4,4.69,0.8200000000000003,24.77777777777778,3.761801272806214
jon_gray,2793,2016,0.243,0.313,0.307,0.316,0.242,153,630,2233,91.4,10,10,29,712,4.61,153,18,59,185,0.26,0.083,34.7,6.2,3.67,-0.9400000000000004,24.551724137931036,4.545283921325097
daniel_norris,1190,2016,0.271,0.327,0.326,0.327,0.257,75,277,2301,90.4,4,2,14,302,3.38,75,10,22,71,0.235,0.073,40.2,7.2,5.31,1.9299999999999997,21.571428571428573,3.5932089025363916
mike_pelfrey,2054,2016,0.332,0.349,0.378,0.38,0.317,160,482,1809,89.7,4,10,24,541,5.07,160,15,46,56,0.104,0.085,39.3,5.5,5.93,0.8599999999999994,22.541666666666668,4.896851404070765
anibal_sanchez,2577,2016,0.285,0.32,0.353,0.332,0.258,171,600,2188,88,7,13,35,668,5.87,171,30,53,135,0.202,0.079,35.2,6.1,6.41,0.54,19.085714285714285,5.36400995139544
justin_verlander,3668,2016,0.207,0.256,0.272,0.282,0.211,171,827,2533,90,16,9,34,903,3.04,171,30,57,254,0.281,0.063,32.9,7.5,3.82,0.7799999999999998,26.558823529411764,3.307296139845805
jordan_zimmermann,1707,2016,0.284,0.305,0.34,0.341,0.272,118,416,2364,89.2,9,7,19,450,4.87,118,14,26,66,0.147,0.058,34,6.5,6.08,1.21,23.68421052631579,4.707198069330448
mike_fiers,2771,2016,0.28,0.314,0.342,0.338,0.277,187,667,2219,84.8,11,8,31,724,4.48,187,26,42,134,0.185,0.058,39.2,6.1,5.22,0.7399999999999993,23.35483870967742,4.414374677845402
doug_fister,3000,2016,0.277,0.301,0.34,0.34,0.274,195,705,1984,84,12,13,32,779,4.64,195,24,62,115,0.148,0.08,35.8,4.6,4.88,0.2400000000000002,24.34375,4.410692069627759
dallas_keuchel,2670,2016,0.259,0.305,0.317,0.315,0.258,168,648,2077,85,9,12,26,701,4.55,168,20,48,144,0.205,0.068,36.9,6.9,2.9,-1.65,26.96153846153846,4.492532724263542
collin_mc_hugh,3159,2016,0.282,0.34,0.338,0.299,0.239,206,730,2386,84,13,10,33,796,4.34,206,25,54,177,0.222,0.068,28.3,4.8,3.55,-0.79,24.12121212121212,3.799811362857498
ian_kennedy,3378,2016,0.236,0.269,0.312,0.331,0.245,173,733,2311,89.2,11,11,33,818,3.68,173,33,66,184,0.225,0.081,38.7,7.7,5.38,1.6999999999999997,24.78787878787879,3.9619477762256246
edinson_volquez,3232,2016,0.286,0.322,0.343,0.354,0.277,217,758,2181,88.3,10,11,34,853,5.37,217,23,76,139,0.163,0.089,35.5,6.3,4.19,-1.1799999999999997,25.08823529411765,5.193851148527734
hector_santiago,3172,2016,0.245,0.262,0.332,0.359,0.259,169,690,2180,88.4,10,4,22,515,4.25,104,20,57,107,0.208,0.111,39.3,9.3,5.63,1.38,23.40909090909091,4.538972066318835
matt_shoemaker,2476,2016,0.266,0.316,0.31,0.332,0.267,166,624,1767,88.1,9,13,27,668,3.88,166,18,30,143,0.214,0.045,35,7,4.52,0.6399999999999997,24.74074074074074,4.0798948494637814
jered_weaver,2835,2016,0.297,0.302,0.365,0.359,0.286,209,704,2225,77.8,12,12,31,767,5.06,209,37,51,103,0.134,0.066,32.1,7.4,7.44,2.380000000000001,24.741935483870968,4.815474670602236
clayton_kershaw,2062,2016,0.184,0.256,0.204,0.226,0.196,97,526,2330,88.7,12,4,21,544,1.69,97,8,11,172,0.316,0.02,27.3,4.5,2.31,0.6200000000000001,25.904761904761905,2.1779794852407877
kenta_maeda,2930,2016,0.229,0.283,0.281,0.292,0.23,150,655,2296,84.1,16,11,32,716,3.48,150,20,50,179,0.25,0.07,25.7,5.6,4.22,0.7399999999999998,22.375,3.474609829498434
ross_stripling,1590,2016,0.25,0.286,0.304,0.311,0.256,96,384,2212,86.4,5,9,22,419,3.96,96,10,30,74,0.177,0.072,34.7,5.4,3.75,-0.20999999999999996,19.045454545454547,3.9679543106640565
alex_wood,985,2016,0.245,0.319,0.292,0.306,0.24,56,229,1912,87.5,1,4,14,255,3.73,56,5,20,66,0.259,0.078,35.2,4.8,2.72,-1.0099999999999998,18.214285714285715,3.7991189448468603
adam_conley,2274,2016,0.25,0.306,0.321,0.327,0.234,125,500,2259,89,8,6,25,584,3.85,125,13,62,124,0.212,0.106,31.6,6.2,6.14,2.2899999999999996,23.36,3.8668475396124613
tom_koehler,3089,2016,0.261,0.301,0.33,0.342,0.264,176,675,2167,87.4,9,13,33,774,4.33,176,22,83,147,0.19,0.107,33.4,6.7,7.92,3.59,23.454545454545453,4.341507289609337
chase_anderson,2639,2016,0.266,0.29,0.348,0.355,0.273,155,583,2175,87.3,9,11,31,647,4.39,155,28,53,120,0.185,0.082,30,8.7,2.74,-1.6499999999999995,20.870967741935484,4.362527920820547
matt_garza,1717,2016,0.283,0.315,0.333,0.326,0.271,117,414,2003,89.2,6,8,19,461,4.51,117,11,36,70,0.152,0.078,37.5,4.8,4.94,0.4300000000000006,24.263157894736842,4.307438028244976
jimmy_nelson,2984,2016,0.268,0.303,0.345,0.337,0.252,186,693,2248,91.4,8,16,32,807,4.62,186,25,86,140,0.173,0.107,35.1,5.7,3.49,-1.13,25.21875,4.416801442261311
wily_peralta,2132,2016,0.305,0.341,0.365,0.355,0.29,152,498,1891,91.6,7,11,23,554,4.86,152,19,43,93,0.168,0.078,35.9,6.7,7.85,2.9899999999999993,24.08695652173913,4.668851062540825
kyle_gibson,2468,2016,0.298,0.332,0.352,0.347,0.28,175,587,2061,87.8,6,11,25,653,5.07,175,20,55,104,0.159,0.084,33.5,6.1,5.07,0,26.12,4.796787291319594
phil_hughes,907,2016,0.313,0.325,0.362,0.396,0.329,76,243,2182,87.1,1,7,12,259,5.95,76,11,13,34,0.131,0.05,43.9,8,5.87,-0.08000000000000007,21.583333333333332,6.038698764735087
ervin_santana,2931,2016,0.245,0.285,0.296,0.322,0.258,168,685,2132,89,7,11,30,748,3.38,168,19,53,149,0.199,0.071,31.7,5.9,3.28,-0.10000000000000009,24.933333333333334,3.6151323615374777
bartolo_colon,2853,2016,0.268,0.295,0.311,0.328,0.277,200,745,2135,87.7,15,8,34,791,3.43,200,24,32,128,0.162,0.04,37.7,5.3,8.14,4.710000000000001,23.264705882352942,3.6407513965999576
jacob_de_grom,2354,2016,0.255,0.316,0.297,0.32,0.262,142,557,2246,90.9,7,8,24,604,3.04,142,15,36,143,0.237,0.06,31.8,6.4,3.53,0.48999999999999977,25.166666666666668,3.3456057272126003
matt_harvey,1514,2016,0.302,0.359,0.341,0.322,0.265,111,367,2207,91.8,4,10,17,402,4.86,111,8,25,76,0.189,0.062,37,4.3,6.7,1.8399999999999999,23.647058823529413,4.446421592892029
steven_matz,2153,2016,0.257,0.319,0.299,0.286,0.233,129,502,2141,89.7,9,8,22,547,3.4,129,14,31,129,0.236,0.057,36.1,4.5,6.08,2.68,24.863636363636363,3.3501326250497394
luis_cessa,1052,2016,0.241,0.234,0.316,0.335,0.264,64,266,2207,89.7,4,4,17,285,4.35,64,16,14,46,0.161,0.049,35.1,8.6,4.75,0.40000000000000036,16.764705882352942,4.495760589664048
ivan_nova,2310,2016,0.275,0.309,0.33,0.33,0.27,175,636,2196,89.2,7,6,21,421,4.9,107,19,25,75,0.178,0.059,41,6.7,4.14,-0.7600000000000007,20.047619047619047,4.836693645446884
michael_pineda,3017,2016,0.266,0.34,0.335,0.307,0.234,184,693,2038,90.7,6,12,32,756,4.82,184,27,53,207,0.274,0.07,39.1,6.7,4.39,-0.4300000000000006,23.625,4.563049155215222
masahiro_tanaka,2935,2016,0.236,0.273,0.278,0.3,0.253,179,759,1982,87.2,14,4,31,805,3.07,179,22,36,165,0.205,0.045,36.3,4.3,4.74,1.6700000000000004,25.967741935483872,3.309879946349997
kendall_graveman,2832,2016,0.271,0.29,0.316,0.353,0.294,196,723,2254,90.8,10,11,31,786,4.11,196,22,47,108,0.137,0.06,38.5,5.5,4.19,0.08000000000000007,25.35483870967742,4.341080226070436
sonny_gray,1947,2016,0.286,0.319,0.349,0.341,0.273,133,465,2418,90.1,5,11,22,517,5.69,133,18,42,94,0.182,0.081,43.9,6.3,3.43,-2.2600000000000002,23.5,5.454524906002456
rich_hill,1819,2016,0.195,0.277,0.241,0.262,0.199,77,395,2629,82.6,9,3,14,311,2.25,55,2,28,90,0.289,0.09,32.3,3.7,3.32,1.0699999999999998,22.214285714285715,2.5942708382447357
jerad_eickhoff,3028,2016,0.251,0.281,0.313,0.3,0.239,187,745,2269,85.6,11,14,33,811,3.65,187,30,42,167,0.206,0.052,35,5.7,4.71,1.06,24.575757575757574,3.6089134303995567
jeremy_hellickson,2925,2016,0.243,0.276,0.304,0.333,0.268,173,711,2172,85.7,12,10,32,772,3.71,173,24,45,154,0.199,0.058,28.2,6.9,4.73,1.0200000000000005,24.125,3.8739099862801023
aaron_nola,1796,2016,0.264,0.34,0.306,0.294,0.246,116,439,2136,85.2,6,9,20,483,4.78,116,10,29,121,0.251,0.06,31.8,3.7,3.54,-1.2400000000000002,24.15,4.260009724463382
vince_velasquez,2213,2016,0.263,0.334,0.328,0.318,0.245,129,491,2203,90.8,8,6,24,551,4.12,129,21,45,152,0.276,0.082,34,7.9,5.13,1.0099999999999998,22.958333333333332,4.078653067231617
gerrit_cole,1938,2016,0.289,0.349,0.326,0.315,0.272,131,454,2198,92.6,7,10,21,506,3.88,131,7,36,98,0.194,0.071,31.1,3,4.26,0.3799999999999999,24.095238095238095,3.4729097606240122
francisco_liriano,2793,2016,0.252,0.3,0.336,0.327,0.239,157,624,2033,89.7,6,11,21,523,5.46,115,19,69,116,0.222,0.132,33.3,6.4,5.88,0.41999999999999993,24.904761904761905,5.094951594867931
jeff_locke,2096,2016,0.298,0.321,0.358,0.356,0.292,151,506,1887,89,9,8,30,564,5.44,151,17,44,73,0.129,0.078,33.4,6.5,8.16,2.7199999999999998,18.8,5.132858258580425
andrew_cashner,2370,2016,0.279,0.321,0.361,0.367,0.277,142,509,2140,91.2,4,7,16,347,4.76,80,13,30,67,0.193,0.086,40.4,7.8,3.4,-1.3599999999999999,21.6875,4.798798437470243
luis_perdomo,2371,2016,0.31,0.342,0.36,0.341,0.276,187,604,1970,91.1,9,10,35,662,5.71,187,23,46,105,0.159,0.069,40.6,5.8,4.67,-1.04,18.914285714285715,5.318510701376537
drew_pomeranz,2841,2016,0.217,0.27,0.286,0.288,0.209,137,631,2318,85.8,8,7,17,411,2.47,67,8,41,115,0.28,0.1,34.4,7.3,3.32,0.8499999999999996,24.176470588235293,2.799184115687379
james_shields,3133,2016,0.288,0.304,0.377,0.368,0.282,208,723,2203,86.5,2,7,11,284,4.28,69,9,27,57,0.201,0.095,33.3,8.4,5.23,0.9500000000000002,25.818181818181817,4.216482744406354
felix_hernandez,2453,2016,0.24,0.274,0.316,0.353,0.273,138,576,2007,87.6,11,8,25,655,3.82,138,19,65,122,0.186,0.099,34.4,5.9,4.36,0.5400000000000005,26.2,4.078370049811011
nate_karns,1679,2016,0.259,0.327,0.331,0.332,0.252,95,367,2210,88.6,6,2,22,417,5.15,95,11,45,101,0.242,0.108,36.9,6,4.17,-0.9800000000000004,18.954545454545453,4.951647957972368
taijuan_walker,2311,2016,0.247,0.269,0.326,0.329,0.249,129,522,2032,90.8,8,11,25,573,4.22,129,27,37,119,0.208,0.065,36.7,9,3.49,-0.7299999999999995,22.92,4.3142046642216325
madison_bumgarner,3571,2016,0.213,0.268,0.269,0.286,0.219,179,841,2293,87.4,15,9,34,912,2.74,179,26,54,251,0.275,0.059,31.2,6.7,3.32,0.5799999999999996,26.823529411764707,3.0691339914998017
johnny_cueto,3299,2016,0.238,0.296,0.276,0.297,0.25,195,818,2136,88.3,18,5,32,881,2.79,195,15,45,198,0.225,0.051,33.2,4.4,4.52,1.7299999999999995,27.53125,3.0629878220486204
jeff_samardzija,3190,2016,0.249,0.288,0.303,0.316,0.254,190,764,2366,91.3,12,11,32,829,3.81,190,24,54,167,0.201,0.065,35.1,6.1,4.42,0.6099999999999999,25.90625,3.927095561360347
jaime_garcia,2578,2016,0.268,0.31,0.334,0.318,0.253,179,668,2356,87.6,10,13,32,741,4.67,179,26,57,150,0.202,0.077,35.3,5.7,4.3,-0.3700000000000001,23.15625,4.410062726724181
mike_leake,2659,2016,0.288,0.321,0.323,0.333,0.281,203,705,2154,88.8,9,12,30,757,4.69,203,20,30,125,0.165,0.04,36.8,6.2,4.21,-0.4800000000000004,25.233333333333334,4.652216109471464
carlos_martinez,3028,2016,0.233,0.287,0.286,0.291,0.229,169,724,2080,92.1,16,9,31,809,3.04,169,15,70,174,0.215,0.087,30.5,3.8,3.64,0.6000000000000001,26.096774193548388,3.0646841284673267
michael_wacha,2324,2016,0.289,0.337,0.339,0.328,0.269,159,551,2035,89.7,7,7,27,606,5.09,159,15,45,114,0.188,0.074,34.1,6.1,4.13,-0.96,22.444444444444443,4.784099678334414
adam_wainwright,3195,2016,0.287,0.334,0.335,0.338,0.279,220,766,2334,84.7,13,9,33,847,4.62,220,22,59,161,0.19,0.07,30.2,5.9,5.11,0.4900000000000002,25.666666666666668,4.4127348176821135
chris_archer,3409,2016,0.238,0.3,0.304,0.309,0.232,183,769,2171,91.7,9,19,33,850,4.02,183,30,67,233,0.274,0.079,40.5,8.4,4.07,0.05000000000000071,25.757575757575758,4.191350768685618
matt_moore,3285,2016,0.245,0.288,0.304,0.324,0.246,184,752,2240,89.6,7,7,21,549,4.08,125,20,40,109,0.199,0.073,31.3,6.4,5.52,1.4399999999999995,26.142857142857142,4.148246005146467
jake_odorizzi,3308,2016,0.241,0.273,0.306,0.327,0.257,170,706,2101,88.8,10,6,33,773,3.69,170,29,54,166,0.215,0.07,35.9,8.4,4.14,0.44999999999999973,23.424242424242426,3.9684036555592352
yu_darvish,1579,2016,0.214,0.29,0.276,0.268,0.2,81,378,2454,89.1,7,5,17,416,3.41,81,12,31,132,0.317,0.075,32,6,4.01,0.5999999999999996,24.470588235294116,3.4212936145797763
cole_hamels,3253,2016,0.243,0.299,0.307,0.323,0.248,185,760,1999,88.9,15,5,32,848,3.32,185,24,77,200,0.236,0.091,35.7,6,4.2,0.8800000000000003,26.5,3.5572664237301397
martin_perez,3078,2016,0.27,0.29,0.323,0.364,0.294,205,758,2034,89.7,10,11,33,855,4.39,205,18,76,103,0.12,0.089,37.4,6,4.82,0.4300000000000006,25.90909090909091,4.611651328217399
marco_estrada,2843,2016,0.203,0.234,0.279,0.301,0.223,132,651,2362,84,9,9,29,723,3.48,132,23,65,165,0.228,0.09,30.9,7.2,4.98,1.5000000000000004,24.93103448275862,3.702855573528352
aaron_sanchez,2919,2016,0.224,0.268,0.277,0.323,0.256,161,719,2344,92.1,15,2,30,790,3,161,15,63,161,0.204,0.08,39.8,6.1,4.25,1.25,26.333333333333332,3.540608860421333
marcus_stroman,3102,2016,0.264,0.31,0.312,0.314,0.262,209,792,2314,90.3,9,10,32,855,4.37,209,21,54,166,0.194,0.063,41.9,4.9,3.09,-1.2800000000000002,26.71875,4.316854624132925
gio_gonzalez,3116,2016,0.262,0.321,0.317,0.325,0.256,179,684,2261,87.5,11,11,32,765,4.57,179,19,59,171,0.224,0.077,33.8,5.9,2.96,-1.6100000000000003,23.90625,4.4763476853940665
tanner_roark,3355,2016,0.228,0.274,0.282,0.314,0.245,173,758,2173,88.9,16,10,34,855,2.83,173,17,73,172,0.201,0.085,30.5,5.4,4.67,1.8399999999999999,25.147058823529413,3.186510786162765
joe_ross,1708,2016,0.269,0.327,0.309,0.329,0.279,108,402,1962,89.2,7,5,19,447,3.43,108,9,29,93,0.208,0.065,31.7,3.4,5.01,1.5799999999999996,23.526315789473685,3.427558183276962
max_scherzer,3563,2016,0.199,0.259,0.267,0.263,0.199,165,830,2371,90.6,20,7,34,902,2.96,165,31,56,284,0.315,0.062,29.5,6.1,2.51,-0.4500000000000002,26.529411764705884,3.0645827473427185
stephen_strasburg,2385,2016,0.218,0.298,0.277,0.276,0.214,119,546,2203,92,15,4,24,598,3.6,119,15,44,183,0.306,0.074,33.6,6,2.52,-1.08,24.916666666666668,3.643639196599666
zack_greinke,3163,2017,0.23,0.287,0.282,0.292,0.227,172,749,2360,86.3,17,7,32,801,3.2,172,25,45,215,0.268,0.056,30.8,7,3.21,0.009999999999999787,25.03125,3.393014854287156
patrick_corbin,3084,2017,0.276,0.329,0.333,0.324,0.264,208,753,2259,87.2,14,13,33,826,4.03,208,26,61,178,0.215,0.074,35.6,6.7,3.15,-0.8800000000000003,25.03030303030303,3.9943989717313726
robbie_ray,2715,2017,0.199,0.27,0.282,0.305,0.22,116,582,2191,89.7,15,5,28,665,2.89,116,23,71,218,0.328,0.107,41,6.2,3.93,1.04,23.75,3.3105609317575757
zack_godley,2436,2017,0.221,0.285,0.285,0.297,0.229,124,561,2180,87.6,8,9,26,627,3.37,124,15,53,165,0.263,0.085,38.7,6.4,4.74,1.37,24.115384615384617,3.617812149158859
julio_teheran,3074,2017,0.257,0.285,0.33,0.332,0.258,186,723,2261,87.3,11,13,32,812,4.49,186,31,72,151,0.186,0.089,30.5,6.4,3.94,-0.5500000000000003,25.375,4.337625286870721
mike_foltynewicz,2770,2017,0.277,0.332,0.342,0.341,0.268,169,610,2291,90.9,10,13,29,692,4.79,169,20,59,143,0.207,0.085,32.8,5.4,2.85,-1.94,23.862068965517242,4.539879026204271
sean_newcomb,1831,2017,0.26,0.333,0.335,0.34,0.255,100,385,2284,89,4,9,19,456,4.32,100,10,57,108,0.237,0.125,35.1,5.3,3.9,-0.4200000000000004,24,4.23987065332671
jeremy_hellickson,2618,2017,0.255,0.248,0.338,0.358,0.282,160,628,2147,85.4,6,5,20,472,4.73,111,22,30,65,0.138,0.064,34.7,6.4,3.45,-1.2800000000000002,23.6,4.727834604530415
wade_miley,3054,2017,0.287,0.333,0.363,0.367,0.283,179,624,2207,87.4,8,15,32,728,5.61,179,25,93,142,0.195,0.128,35.8,6.3,2.57,-3.0400000000000005,22.75,5.344846079130972
kevin_gausman,3357,2017,0.283,0.337,0.347,0.349,0.272,208,736,2115,91.1,11,12,34,816,4.68,208,29,71,179,0.219,0.087,33.7,8.2,4.43,-0.25,24,4.619880583975661
dylan_bundy,2819,2017,0.24,0.273,0.308,0.324,0.242,152,633,2349,87.1,13,9,28,698,4.24,152,26,51,152,0.218,0.073,36.6,7.8,5.45,1.21,24.928571428571427,4.383099591097276
david_price,1253,2017,0.226,0.278,0.285,0.311,0.237,65,287,2110,91,6,3,16,317,3.38,65,8,24,76,0.24,0.076,31.8,6.6,3.58,0.20000000000000018,19.8125,3.646460374588448
rick_porcello,3383,2017,0.286,0.324,0.348,0.343,0.272,236,824,2415,86.7,11,17,33,885,4.65,236,38,48,181,0.205,0.054,35.7,8,4.28,-0.3700000000000001,26.818181818181817,4.5773135476610936
chris_sale,3428,2017,0.208,0.303,0.26,0.258,0.197,165,794,2281,88.2,17,8,32,851,2.9,165,24,43,308,0.362,0.051,30.5,6.1,2.11,-0.79,26.59375,3.043655290448412
drew_pomeranz,3080,2017,0.252,0.311,0.31,0.323,0.253,166,659,2288,86.5,17,6,32,740,3.32,166,19,69,174,0.235,0.093,35.7,6.7,6.08,2.7600000000000002,23.125,3.562606011673098
doug_fister,1531,2017,0.254,0.305,0.312,0.321,0.251,87,343,2033,85.7,5,9,18,392,4.88,87,9,38,83,0.212,0.097,34.8,4.9,4.5,-0.3799999999999999,21.77777777777778,4.6736195982540005
eduardo_rodriguez,2462,2017,0.241,0.3,0.315,0.314,0.231,126,523,2147,90.6,6,7,25,582,4.19,126,19,50,150,0.258,0.086,31.3,7.7,3.82,-0.37000000000000055,23.28,4.143250852169423
james_shields,2016,2017,0.253,0.271,0.348,0.359,0.268,116,459,2295,84.8,5,7,21,516,5.23,116,27,53,103,0.2,0.103,37.7,8.7,4.53,-0.7000000000000002,24.571428571428573,5.216410844879834
carlos_rodon,1181,2017,0.246,0.299,0.331,0.325,0.246,64,260,2145,89.9,2,5,12,297,4.15,64,12,31,76,0.256,0.104,41.6,7.5,4.18,0.02999999999999936,24.75,4.211119801562116
dylan_covey,1159,2017,0.305,0.297,0.408,0.401,0.305,83,272,2051,88.9,0,7,18,309,7.71,83,20,34,41,0.133,0.11,39.9,8.2,5.18,-2.5300000000000002,17.166666666666668,7.195888870816765
lucas_giolito,704,2017,0.19,0.19,0.277,0.312,0.246,31,163,2083,87.9,3,3,7,179,2.38,31,8,12,34,0.19,0.067,34.1,3.8,6.13,3.75,25.571428571428573,2.8093680670910413
reynaldo_lopez,767,2017,0.258,0.271,0.315,0.329,0.266,49,190,1969,89.6,3,3,8,207,4.72,49,7,14,30,0.145,0.068,27.3,4.9,3.91,-0.8099999999999996,25.875,4.420665088046158
jon_lester,3131,2017,0.259,0.313,0.32,0.314,0.247,179,691,2220,87.6,13,8,32,763,4.33,179,26,60,180,0.236,0.079,29.5,5.4,3.32,-1.0100000000000002,23.84375,4.080074441720539
jake_arrieta,2743,2017,0.235,0.279,0.306,0.313,0.243,150,637,2310,89.3,14,10,30,707,3.53,150,23,55,163,0.231,0.078,33.8,5.6,3.96,0.43000000000000016,23.566666666666666,3.6263241181974832
jose_quintana,3176,2017,0.238,0.301,0.301,0.315,0.246,170,715,2010,87.3,4,8,18,444,4.49,98,14,40,109,0.245,0.09,35.7,5.9,4.03,-0.45999999999999996,24.666666666666668,4.480860772976721
kyle_hendricks,2276,2017,0.242,0.285,0.291,0.312,0.257,126,521,2063,82.8,7,5,24,570,3.03,126,17,40,123,0.216,0.07,29.3,4.4,3.44,0.41000000000000014,23.75,3.1975011294368105
homer_bailey,1575,2017,0.309,0.352,0.375,0.375,0.306,112,363,1858,90.2,6,9,18,420,6.43,112,11,42,67,0.16,0.1,37.6,4.6,6.09,-0.33999999999999986,23.333333333333332,5.853148075220216
luis_castillo,1484,2017,0.202,0.251,0.276,0.272,0.203,64,317,2148,93.1,3,7,15,359,3.12,64,11,32,98,0.273,0.089,31,3.5,4.3,1.1799999999999997,23.933333333333334,3.0402092482428023
amir_garrett,1236,2017,0.269,0.266,0.388,0.371,0.273,74,275,1819,87.4,3,8,16,321,7.39,74,23,40,63,0.196,0.125,39.7,6.9,4.29,-3.0999999999999996,20.0625,6.781163230491791
sal_romano,1498,2017,0.275,0.322,0.34,0.311,0.243,91,331,2128,92.3,5,8,16,384,4.45,91,9,37,73,0.19,0.096,34.1,4.4,5.31,0.8599999999999994,24,4.026991698626887
corey_kluber,2945,2017,0.193,0.268,0.24,0.257,0.21,141,732,2392,89.1,18,4,29,777,2.25,141,21,36,265,0.341,0.046,29.3,5.3,2.89,0.6400000000000001,26.79310344827586,2.618981993276053
carlos_carrasco,3058,2017,0.235,0.308,0.289,0.299,0.235,173,735,2230,89.8,18,6,32,798,3.29,173,21,46,226,0.283,0.058,34.6,7.4,3.38,0.08999999999999986,24.9375,3.526748345634921
trevor_bauer,3148,2017,0.266,0.338,0.332,0.327,0.254,181,680,2341,87.8,17,9,32,749,4.19,181,25,60,196,0.262,0.08,39.1,7.8,2.21,-1.9800000000000004,23.40625,4.234991715831912
josh_tomlin,2088,2017,0.294,0.329,0.34,0.358,0.302,166,564,2457,83.5,10,9,26,585,4.98,166,23,14,109,0.186,0.024,36.6,7,6.14,1.1599999999999993,22.5,4.976958228780823
tyler_chatwood,2461,2017,0.25,0.286,0.338,0.338,0.258,136,543,2510,91.5,8,15,33,631,4.69,136,20,77,120,0.19,0.122,32.1,5.6,5.3,0.6099999999999994,19.12121212121212,4.468264650661918
chad_bettis,736,2017,0.286,0.303,0.349,0.319,0.269,52,182,1852,86.1,2,4,9,200,5.05,52,8,11,30,0.15,0.055,27.2,4.4,5.01,-0.040000000000000036,22.22222222222222,4.320571771056615
tyler_anderson,1404,2017,0.269,0.31,0.346,0.317,0.241,88,327,2149,88.1,6,6,17,362,4.81,88,16,26,81,0.224,0.072,30.2,7.5,4.55,-0.2599999999999998,21.294117647058822,4.427361333652211
jon_gray,1833,2017,0.266,0.338,0.309,0.304,0.254,113,425,2161,91.9,10,4,20,461,3.67,113,10,30,112,0.243,0.065,31.8,4.1,5.12,1.4500000000000002,23.05,3.522036925007809
german_marquez,2661,2017,0.274,0.32,0.341,0.33,0.262,174,634,2268,90.5,11,7,29,701,4.39,174,25,49,147,0.21,0.07,36,7.1,3.77,-0.6199999999999997,24.17241379310345,4.295149971185855
jordan_zimmermann,2644,2017,0.313,0.332,0.372,0.37,0.298,204,651,2353,88.8,8,13,29,713,6.08,204,29,44,103,0.144,0.062,35.4,7.7,4.52,-1.5600000000000005,24.586206896551722,5.755297763397552
michael_fulmer,2479,2017,0.243,0.275,0.279,0.317,0.264,150,617,2069,92.8,10,12,25,676,3.83,150,13,40,114,0.169,0.059,29.4,4.9,4.69,0.8600000000000003,27.04,3.9540432781776764
daniel_norris,1827,2017,0.295,0.346,0.357,0.361,0.277,120,407,2315,89.4,5,8,22,460,5.31,120,12,44,86,0.187,0.096,37.8,7.7,5.68,0.3700000000000001,20.90909090909091,5.206120643539591
justin_verlander,3531,2017,0.221,0.272,0.285,0.319,0.241,170,768,2550,91.1,10,8,28,729,3.82,153,23,67,176,0.241,0.092,35.6,7.2,2.52,-1.2999999999999998,26.035714285714285,4.126953820627257
dallas_keuchel,2194,2017,0.218,0.257,0.273,0.293,0.235,116,533,2013,85.3,14,5,23,584,2.9,116,15,47,125,0.214,0.08,32.8,5.1,3.74,0.8400000000000003,25.391304347826086,3.178102562794404
charlie_morton,2387,2017,0.228,0.297,0.301,0.298,0.227,125,549,2372,89.6,14,7,25,617,3.62,125,14,50,163,0.264,0.081,29.6,4.4,3.13,-0.4900000000000002,24.68,3.487399734466679
collin_mc_hugh,1080,2017,0.253,0.313,0.322,0.323,0.25,62,245,2428,84.7,5,2,12,271,3.55,62,7,20,62,0.229,0.074,34.3,5.5,1.99,-1.5599999999999998,22.583333333333332,3.6040453872813276
brad_peacock,2248,2017,0.206,0.287,0.274,0.272,0.193,100,485,2419,87.1,13,2,34,546,3,100,10,57,161,0.295,0.104,28.1,4.6,3.46,0.45999999999999996,16.058823529411764,3.0139227418285506
ian_kennedy,2641,2017,0.246,0.258,0.338,0.365,0.265,143,582,2292,88.3,5,13,30,655,5.38,143,34,61,131,0.2,0.093,35.8,10.9,4.66,-0.7199999999999998,21.833333333333332,5.473311032014568
jason_vargas,2925,2017,0.264,0.291,0.326,0.334,0.26,181,685,2283,80.9,18,11,32,756,4.16,181,27,58,134,0.177,0.077,32.7,5.5,5.77,1.6099999999999994,23.625,4.108918650796161
danny_duffy,2277,2017,0.257,0.313,0.306,0.314,0.25,143,556,2268,87.8,9,10,24,609,3.81,143,13,41,130,0.213,0.067,30.8,5.3,4.88,1.0699999999999998,25.375,3.788135614693576
jason_hammel,3029,2017,0.284,0.318,0.329,0.349,0.277,209,737,2267,88.1,8,13,32,804,5.29,209,26,48,145,0.18,0.06,34.7,6.6,6.02,0.7299999999999995,25.125,5.191602421113982
sam_gaviglio,1169,2017,0.27,0.275,0.356,0.368,0.286,76,281,2055,85.9,3,5,12,259,4.62,63,15,21,40,0.154,0.081,38.3,8.1,5.31,0.6899999999999995,21.583333333333332,4.703631827644443
tyler_skaggs,1394,2017,0.274,0.318,0.339,0.343,0.266,90,329,2342,86.3,2,6,16,365,4.55,90,13,28,76,0.208,0.077,38.8,7.8,4.02,-0.5300000000000002,22.8125,4.59174624829326
clayton_kershaw,2521,2017,0.212,0.27,0.258,0.27,0.216,136,641,2387,88,18,4,27,679,2.31,136,23,30,202,0.297,0.044,27.2,6.3,2.73,0.41999999999999993,25.14814814814815,2.6373253592314083
rich_hill,2224,2017,0.203,0.265,0.28,0.287,0.201,99,488,2601,82.7,12,8,25,552,3.32,99,18,49,166,0.301,0.089,29.1,7,3.66,0.3400000000000003,22.08,3.442849327726888
brandon_mc_carthy,1447,2017,0.256,0.308,0.292,0.303,0.26,89,347,2330,89.7,6,4,19,384,3.98,89,5,27,72,0.188,0.07,21.3,1.4,4.92,0.94,20.210526315789473,2.766982750113187
yu_darvish,3054,2017,0.228,0.284,0.296,0.302,0.236,159,697,2516,89.1,6,9,22,564,4.01,115,20,45,148,0.262,0.08,31.5,6.3,4.95,0.9400000000000004,25.636363636363637,3.998410794555132
kenta_maeda,2181,2017,0.238,0.283,0.303,0.295,0.235,121,508,2292,86.3,13,6,29,557,4.22,121,22,34,140,0.251,0.061,28.3,4.8,3.81,-0.4099999999999997,19.20689655172414,3.9140834116453314
alex_wood,2260,2017,0.217,0.27,0.266,0.293,0.242,123,566,1969,88.1,16,3,27,614,2.72,123,15,38,151,0.246,0.062,28,5,3.68,0.96,22.74074074074074,3.017323750676318
dan_straily,3085,2017,0.256,0.294,0.33,0.312,0.24,176,687,2140,86.8,10,9,33,769,4.26,176,31,60,170,0.221,0.078,29.2,6.9,4.12,-0.13999999999999968,23.303030303030305,4.016625355676414
adam_conley,1723,2017,0.283,0.303,0.36,0.366,0.278,114,403,2216,87.5,8,8,22,463,6.14,114,19,42,72,0.156,0.091,37.5,8.2,4.09,-2.05,21.045454545454547,5.920817985799631
jose_urena,2882,2017,0.238,0.251,0.316,0.355,0.269,152,638,2121,91.6,14,7,34,724,3.82,152,26,64,113,0.156,0.088,30.9,8.6,3.98,0.16000000000000014,21.294117647058822,4.1262390028954385
chase_anderson,2254,2017,0.22,0.268,0.281,0.286,0.219,113,514,2229,88.4,12,4,25,569,2.74,113,14,41,133,0.234,0.072,26,4.4,3.93,1.19,22.76,2.8218641335765096
zach_davies,3089,2017,0.275,0.306,0.323,0.344,0.291,204,741,2160,85.4,17,9,33,817,3.9,204,20,55,124,0.152,0.067,31.1,4,4.77,0.8699999999999997,24.757575757575758,3.8467371126565832
brandon_woodruff,716,2017,0.259,0.295,0.313,0.314,0.254,43,166,2056,90.8,2,3,8,184,4.81,43,5,14,32,0.174,0.076,28.9,3,3.61,-1.1999999999999997,23,4.170195716522973
kyle_gibson,2610,2017,0.292,0.328,0.355,0.362,0.292,182,624,2092,88.3,12,10,29,693,5.07,182,24,60,121,0.175,0.087,38.2,6.9,3.62,-1.4500000000000002,23.896551724137932,4.995978953590201
jose_berrios,2388,2017,0.239,0.291,0.302,0.312,0.235,131,548,2213,89.1,14,8,26,616,3.89,131,15,48,139,0.226,0.078,29.1,5,3.84,-0.050000000000000266,23.692307692307693,3.812582110432999
bartolo_colon,2286,2017,0.318,0.335,0.381,0.358,0.288,192,603,2096,86.7,2,8,13,299,8.14,92,11,20,42,0.14,0.067,37.4,7.3,5.78,-2.3600000000000003,23,7.335182516201176
masahiro_tanaka,2810,2017,0.257,0.307,0.326,0.324,0.251,180,700,2069,87.5,13,12,30,752,4.74,180,35,41,194,0.258,0.055,36.3,8.6,3.75,-0.9900000000000002,25.066666666666666,4.69630024213164
jaime_garcia,2430,2017,0.261,0.303,0.324,0.335,0.266,157,602,2357,87.1,4,7,18,474,4.3,108,12,41,85,0.179,0.086,37,5.4,5.93,1.63,26.333333333333332,4.298066198077613
sonny_gray,2664,2017,0.226,0.27,0.29,0.319,0.249,139,615,2409,89.6,6,5,16,400,3.43,84,8,30,94,0.235,0.075,38.6,6.2,4.9,1.4700000000000002,25,3.7707710918280046
luis_severino,3082,2017,0.208,0.274,0.263,0.277,0.217,150,720,2322,92.9,14,6,31,783,2.98,150,21,51,230,0.294,0.065,33.7,6.1,3.39,0.41000000000000014,25.258064516129032,3.253698995127672
jacob_de_grom,3168,2017,0.237,0.306,0.291,0.28,0.222,180,758,2316,91.5,15,10,31,827,3.53,180,28,59,239,0.289,0.071,28.8,5.9,1.7,-1.8299999999999998,26.677419354838708,3.4397543765985508
steven_matz,1170,2017,0.305,0.333,0.363,0.354,0.288,83,272,2168,88.1,2,7,13,298,6.08,83,12,19,48,0.161,0.064,37.7,6.6,3.97,-2.11,22.923076923076923,5.697589497793928
seth_lugo,1641,2017,0.284,0.327,0.327,0.336,0.274,114,402,2336,87,7,5,19,436,4.71,114,13,25,85,0.195,0.057,35.5,5.9,2.66,-2.05,22.94736842105263,4.621328975682652
kendall_graveman,1675,2017,0.28,0.313,0.334,0.356,0.287,114,407,2330,91.3,6,4,19,444,4.19,114,12,32,70,0.158,0.072,39.3,6.2,7.6,3.4099999999999993,23.36842105263158,4.352845603424433
sean_manaea,2688,2017,0.268,0.319,0.329,0.341,0.271,167,623,1794,87.6,12,10,29,692,4.37,167,18,55,140,0.202,0.079,41,5.8,3.59,-0.7800000000000002,23.862068965517242,4.432200332002211
daniel_mengden,650,2017,0.229,0.242,0.277,0.342,0.274,36,157,2094,86.5,3,2,7,169,3.14,36,6,9,29,0.172,0.053,36.6,6.1,4.05,0.9099999999999997,24.142857142857142,3.749785921985362
andrew_triggs,1084,2017,0.266,0.295,0.316,0.329,0.262,68,256,2470,83.6,5,6,12,283,4.27,68,9,19,50,0.177,0.067,34.3,5.7,5.23,0.9600000000000009,23.583333333333332,4.268070958247142
aaron_nola,2665,2017,0.241,0.311,0.293,0.284,0.226,154,640,2119,86.2,12,11,27,693,3.54,154,18,49,184,0.266,0.071,31,5,2.37,-1.17,25.666666666666668,3.4526648938738758
zach_eflin,1020,2017,0.309,0.3,0.373,0.371,0.293,79,256,2163,89.5,1,5,11,280,6.16,79,16,12,35,0.125,0.043,35.7,8.3,4.36,-1.7999999999999998,25.454545454545453,5.8523232517359585
nick_pivetta,2439,2017,0.281,0.336,0.358,0.345,0.263,144,512,2356,90.2,8,10,26,584,6.02,144,25,57,140,0.24,0.098,37,7,4.77,-1.25,22.46153846153846,5.629519203462995
ivan_nova,2677,2017,0.277,0.303,0.33,0.351,0.287,203,732,2205,89.4,11,14,31,785,4.14,203,29,36,131,0.167,0.046,36.8,6.5,4.19,0.05000000000000071,25.322580645161292,4.2921586847763855
gerrit_cole,3298,2017,0.254,0.301,0.315,0.322,0.257,199,784,2201,91.9,12,12,33,849,4.26,199,31,55,196,0.231,0.065,34.5,7.6,2.88,-1.38,25.727272727272727,4.305845078542395
jameson_taillon,2322,2017,0.29,0.359,0.337,0.314,0.259,152,525,2272,90.9,8,7,25,587,4.44,152,11,46,125,0.213,0.078,31.2,4.1,3.2,-1.2400000000000002,23.48,3.9737305870043524
chad_kuhl,2686,2017,0.269,0.325,0.338,0.338,0.265,159,592,2213,92.6,8,11,31,680,4.35,159,17,72,142,0.209,0.106,38.8,5.7,4.55,0.20000000000000018,21.93548387096774,4.306640495520003
trevor_williams,2423,2017,0.255,0.297,0.309,0.327,0.26,145,568,2022,89.7,7,9,31,642,4.07,145,14,52,117,0.182,0.081,29.4,5.2,3.11,-0.9600000000000004,20.70967741935484,4.026482707903368
clayton_richard,3045,2017,0.308,0.354,0.357,0.331,0.281,240,780,2088,87.9,8,15,32,858,4.79,240,24,59,151,0.176,0.069,33.2,4.4,5.33,0.54,26.8125,4.292587145010263
jhoulys_chacin,2937,2017,0.235,0.275,0.302,0.313,0.24,157,667,2234,86.1,13,10,32,765,3.89,157,19,72,153,0.2,0.094,28.4,5.7,3.5,-0.3900000000000001,23.90625,3.8490140197703653
luis_perdomo,2558,2017,0.285,0.327,0.339,0.349,0.279,182,638,2051,90.6,8,11,29,716,4.67,182,17,65,118,0.165,0.091,36.5,5,7.05,2.38,24.689655172413794,4.548985714195198
johnny_cueto,2533,2017,0.277,0.327,0.347,0.362,0.286,160,577,2041,87.4,8,8,25,648,4.52,160,22,53,136,0.21,0.082,33.6,7.3,3.23,-1.2899999999999996,25.92,4.5420919670580195
jeff_samardzija,3273,2017,0.255,0.305,0.309,0.308,0.251,204,801,2382,90.2,9,15,32,847,4.42,204,30,32,205,0.242,0.038,33.8,6.3,6.25,1.83,26.46875,4.315963845691346
madison_bumgarner,1666,2017,0.238,0.274,0.296,0.316,0.256,101,424,2172,87,4,9,17,450,3.32,101,17,20,101,0.224,0.044,34.4,8,3.26,-0.06000000000000005,26.470588235294116,3.628008348791929
matt_moore,2875,2017,0.283,0.323,0.354,0.368,0.277,200,706,2184,88.2,6,15,32,790,5.52,200,27,67,148,0.187,0.085,40.2,9,6.79,1.2700000000000005,24.6875,5.5295693049931085
ty_blach,2519,2017,0.283,0.296,0.326,0.345,0.293,179,633,2097,85.7,8,12,34,692,4.78,179,17,43,73,0.105,0.062,33,3.7,4.25,-0.5300000000000002,20.352941176470587,4.487459317316071
chris_stratton,1042,2017,0.266,0.32,0.323,0.338,0.266,59,222,2567,87.5,4,4,13,256,3.68,59,5,28,51,0.199,0.109,30.1,4.5,5.09,1.4099999999999997,19.692307692307693,3.669294913066854
felix_hernandez,1382,2017,0.258,0.289,0.337,0.364,0.275,86,333,2104,86.7,6,5,16,368,4.36,86,17,26,78,0.212,0.071,33.9,9.7,5.55,1.1899999999999995,23,4.562897216935679
mike_leake,2779,2017,0.278,0.312,0.317,0.329,0.277,201,724,2128,87.2,7,12,26,654,4.21,169,19,35,103,0.157,0.054,36.3,5.1,4.36,0.15000000000000036,25.153846153846153,4.2018502343850646
james_paxton,2268,2017,0.223,0.301,0.263,0.265,0.219,113,506,2184,91.4,12,5,24,552,2.98,113,9,37,156,0.283,0.067,31.3,2.8,3.76,0.7799999999999998,23,2.8889638562545854
adam_wainwright,2155,2017,0.286,0.331,0.34,0.337,0.281,140,490,2333,83.6,12,5,24,546,5.11,140,14,45,96,0.176,0.082,33.8,4.3,4.46,-0.6500000000000004,22.75,4.691715942692075
lance_lynn,3151,2017,0.223,0.248,0.305,0.32,0.237,151,676,2292,90.4,11,8,33,776,3.43,151,27,78,153,0.197,0.101,27.5,5.8,5.1,1.6699999999999995,23.515151515151516,3.5071910167547196
carlos_martinez,3132,2017,0.232,0.287,0.299,0.291,0.224,179,772,2068,91.6,12,11,32,858,3.64,179,27,71,217,0.253,0.083,33.6,4.8,3.11,-0.5300000000000002,26.8125,3.5627398980496348
michael_wacha,2690,2017,0.267,0.329,0.316,0.313,0.254,170,636,2081,90.9,12,9,30,701,4.13,170,17,55,158,0.225,0.078,30.1,5.6,3.2,-0.9299999999999997,23.366666666666667,3.9710896431918217
luke_weaver,1046,2017,0.254,0.338,0.301,0.297,0.243,59,232,2044,89.2,7,2,13,252,3.88,59,7,17,72,0.286,0.067,34.4,5.6,4.95,1.0700000000000003,19.384615384615383,3.836830488806577
chris_archer,3406,2017,0.246,0.325,0.306,0.3,0.233,193,784,2325,91.8,10,12,34,852,4.07,193,27,60,249,0.292,0.07,40.3,5.9,4.31,0.23999999999999932,25.058823529411764,4.066077420569929
alex_cobb,2849,2017,0.254,0.283,0.304,0.333,0.274,175,689,2178,87,12,10,29,742,3.66,175,22,44,128,0.173,0.059,35.1,6,4.9,1.2400000000000002,25.586206896551722,3.91146836571561
jake_odorizzi,2627,2017,0.22,0.228,0.313,0.33,0.242,117,531,2068,87.2,10,8,28,604,4.14,117,30,61,127,0.21,0.101,35.7,8.2,4.49,0.35000000000000053,21.571428571428573,4.307049114510025
blake_snell,2278,2017,0.234,0.281,0.308,0.314,0.235,113,482,2287,89.9,5,7,24,547,4.04,113,15,59,119,0.218,0.108,30,4.3,1.89,-2.1500000000000004,22.791666666666668,3.8598545594779634
cole_hamels,2312,2017,0.228,0.251,0.301,0.338,0.258,125,548,1952,87.9,11,6,24,614,4.2,125,18,53,105,0.171,0.086,36.3,5.4,4.72,0.5199999999999996,25.583333333333332,4.378918142737367
andrew_cashner,2636,2017,0.25,0.267,0.305,0.337,0.277,156,624,2025,90.6,11,11,28,704,3.4,156,15,64,86,0.122,0.091,32.3,3.9,5.29,1.8900000000000001,25.142857142857142,3.550920909675164
martin_perez,3097,2017,0.301,0.33,0.349,0.368,0.304,221,735,2074,88.9,13,12,32,811,4.82,221,23,63,115,0.142,0.078,32.3,5.4,6.22,1.3999999999999995,25.34375,4.687388562299065
marco_estrada,3246,2017,0.256,0.295,0.333,0.31,0.231,186,726,2333,84.7,10,9,33,806,4.98,186,31,71,176,0.218,0.088,30.2,7,5.64,0.6599999999999993,24.424242424242426,4.580594222301249
marcus_stroman,3140,2017,0.264,0.31,0.31,0.324,0.269,201,762,2363,90.5,13,9,33,834,3.09,201,21,62,164,0.197,0.074,38.6,5.1,5.54,2.45,25.272727272727273,3.345938986319167
aaron_sanchez,613,2017,0.288,0.31,0.362,0.375,0.284,42,146,2388,92,1,3,8,167,4.25,42,6,20,24,0.144,0.12,36.4,6.6,4.89,0.6399999999999997,20.875,4.324524595958252
max_scherzer,3111,2017,0.178,0.248,0.247,0.249,0.181,126,709,2335,89,16,6,31,780,2.51,126,22,55,268,0.344,0.071,29.3,5.6,2.53,0.020000000000000018,25.161290322580644,2.730637850714129
stephen_strasburg,2742,2017,0.205,0.276,0.252,0.27,0.208,131,640,2240,91,15,4,28,701,2.52,131,13,47,204,0.291,0.067,32.1,6.1,3.74,1.2200000000000002,25.035714285714285,2.8924184505133836
gio_gonzalez,3364,2017,0.216,0.261,0.281,0.298,0.228,158,731,2232,84.8,15,9,32,827,2.96,158,21,79,188,0.227,0.096,27.9,4.9,4.57,1.6100000000000003,25.84375,3.1258096809365323
tanner_roark,3216,2017,0.254,0.302,0.313,0.321,0.258,178,701,2164,87.8,13,11,32,776,4.67,178,23,64,166,0.214,0.082,33.2,5.4,4.34,-0.33000000000000007,24.25,4.510815995927401
zack_greinke,3212,2018,0.231,0.273,0.286,0.31,0.249,181,784,2257,85.3,15,11,33,839,3.21,181,28,43,199,0.237,0.051,33.5,6.4,2.9,-0.31000000000000005,25.424242424242426,3.51027698372903
patrick_corbin,3142,2018,0.218,0.304,0.265,0.289,0.236,162,742,2279,85.2,11,7,33,800,3.15,162,15,48,246,0.308,0.06,35.6,6,3.25,0.10000000000000009,24.242424242424242,3.4742163247425566
robbie_ray,2287,2018,0.216,0.293,0.312,0.312,0.219,97,449,2174,89,6,2,24,526,3.93,97,19,70,165,0.314,0.133,41.6,8.7,4.34,0.4099999999999997,21.916666666666668,4.101423578204077
clay_buchholz,1419,2018,0.22,0.256,0.269,0.309,0.252,80,363,2169,84.4,7,2,16,393,2.01,80,9,22,81,0.206,0.056,36.7,6.3,6.56,4.55,24.5625,2.6728169660141177
zack_godley,3008,2018,0.26,0.329,0.322,0.338,0.257,177,682,2154,85.8,15,11,33,791,4.74,177,16,81,185,0.234,0.102,38.8,6.4,6.39,1.6499999999999995,23.96969696969697,4.7701016204502125
julio_teheran,2802,2018,0.196,0.218,0.295,0.328,0.232,122,623,2288,85.8,9,9,31,724,3.94,122,26,84,162,0.224,0.116,36.7,7.2,3.81,-0.1299999999999999,23.35483870967742,4.233207329617771
kevin_gausman,3004,2018,0.264,0.299,0.325,0.343,0.277,189,715,1987,88.9,5,8,21,534,4.43,139,21,32,104,0.195,0.06,40.8,7.4,6.19,1.7600000000000007,25.428571428571427,4.591873070765336
mike_foltynewicz,3041,2018,0.195,0.252,0.265,0.28,0.206,130,666,2360,91.6,13,10,31,744,2.85,130,17,68,202,0.272,0.091,34.5,6.9,4.54,1.69,24,3.185401075792034
anibal_sanchez,2130,2018,0.213,0.26,0.277,0.28,0.213,106,497,2083,86.1,7,6,25,553,2.83,106,15,42,135,0.244,0.076,26.3,5.1,3.85,1.02,22.12,2.91592877197521
sean_newcomb,2921,2018,0.226,0.275,0.301,0.303,0.224,137,607,2166,88.9,12,9,31,696,3.9,137,18,81,160,0.23,0.116,31.9,4.2,3.16,-0.7399999999999998,22.451612903225808,3.753620710079028
andrew_cashner,2649,2018,0.291,0.311,0.366,0.366,0.29,177,609,2057,88.8,4,15,28,681,5.29,177,25,65,99,0.145,0.095,35.8,7.2,3.83,-1.46,24.321428571428573,5.105420898070159
dylan_bundy,2844,2018,0.274,0.318,0.363,0.33,0.249,188,685,2335,86.7,8,16,31,750,5.45,188,41,54,184,0.245,0.072,37.4,8.5,4.79,-0.6600000000000001,24.193548387096776,5.09624777310389
david_price,2716,2018,0.23,0.275,0.3,0.318,0.244,151,657,2078,89.5,16,7,30,722,3.58,151,25,50,177,0.245,0.069,35.7,7,4.28,0.7000000000000002,24.066666666666666,3.8193209300543187
rick_porcello,3096,2018,0.241,0.286,0.303,0.314,0.245,177,735,2415,86.1,17,7,33,808,4.28,177,27,48,190,0.235,0.059,35.7,7,5.52,1.2399999999999993,24.484848484848484,4.343062880699813
chris_sale,2525,2018,0.181,0.283,0.237,0.236,0.168,102,565,2339,88.3,12,4,27,617,2.11,102,11,34,237,0.384,0.055,26.8,7.5,4.4,2.2900000000000005,22.85185185185185,2.414649126890646
eduardo_rodriguez,2313,2018,0.238,0.301,0.298,0.302,0.229,119,501,2181,90.4,13,5,27,553,3.82,119,16,45,146,0.264,0.081,33,6.7,3.81,-0.009999999999999787,20.48148148148148,3.8717809763287256
nathan_eovaldi,1795,2018,0.246,0.288,0.293,0.292,0.244,105,427,2134,92.7,3,4,10,224,4.26,48,11,8,53,0.237,0.036,35.5,5.7,5.99,1.7300000000000004,22.4,4.182947154437397
carlos_rodon,1966,2018,0.22,0.243,0.309,0.318,0.229,97,441,2228,89.9,6,8,20,511,4.18,97,15,55,90,0.176,0.108,34.3,5.1,5.19,1.0100000000000007,25.55,4.128515316831965
lucas_giolito,3007,2018,0.25,0.269,0.345,0.355,0.26,166,664,2023,88.1,10,13,32,775,6.13,166,27,90,125,0.161,0.116,37.1,7,3.41,-2.7199999999999998,24.21875,5.876806623202946
reynaldo_lopez,3084,2018,0.234,0.26,0.31,0.342,0.258,165,705,2015,90.4,7,10,32,799,3.91,165,25,75,151,0.189,0.094,36.1,7.3,5.38,1.4699999999999998,24.96875,4.197170514752407
dylan_covey,2053,2018,0.269,0.306,0.32,0.335,0.269,129,480,2011,90.8,5,14,27,542,5.18,129,13,52,91,0.168,0.096,37.3,5.3,7.98,2.8000000000000007,20.074074074074073,5.026208362942312
jon_lester,3121,2018,0.256,0.294,0.319,0.347,0.27,174,681,2274,87.1,18,6,32,761,3.32,174,24,64,149,0.196,0.084,35.4,6.6,4.46,1.1400000000000001,23.78125,3.6549638843293435
yu_darvish,740,2018,0.235,0.296,0.335,0.332,0.226,36,153,2523,90.2,1,3,8,180,4.95,36,7,21,49,0.272,0.117,32.1,8.5,3.98,-0.9700000000000002,22.5,4.787740275981536
cole_hamels,3061,2018,0.246,0.293,0.325,0.339,0.26,176,715,2010,87.5,5,9,20,502,4.72,115,23,42,114,0.227,0.084,35.9,7.5,3.81,-0.9099999999999997,25.1,4.748078323383866
tyler_chatwood,1950,2018,0.245,0.291,0.351,0.371,0.257,92,375,2441,90.2,4,6,24,486,5.3,92,9,95,85,0.175,0.195,33.1,6,3.76,-1.54,20.25,5.131527629233527
jose_quintana,2908,2018,0.246,0.287,0.319,0.327,0.252,162,658,2001,87.3,13,11,32,739,4.03,162,25,68,158,0.214,0.092,37.6,6.1,4.68,0.6499999999999995,23.09375,4.106417544264658
kyle_hendricks,3051,2018,0.247,0.285,0.295,0.306,0.248,184,745,2077,83.2,14,11,33,812,3.44,184,22,44,161,0.198,0.054,30.8,5.7,3.46,0.020000000000000018,24.606060606060606,3.540310524848031
homer_bailey,1789,2018,0.313,0.331,0.377,0.371,0.302,141,451,1882,89.5,1,14,20,494,6.09,141,23,33,75,0.152,0.067,42.7,8.6,4.8,-1.29,24.7,5.898844978250965
anthony_de_sclafani,1792,2018,0.266,0.298,0.336,0.317,0.251,118,443,2127,90.5,7,8,21,484,4.93,118,24,30,108,0.223,0.062,33.1,7,3.89,-1.0399999999999996,23.047619047619047,4.628579157216862
luis_castillo,2778,2018,0.245,0.284,0.314,0.324,0.248,158,645,2110,91.2,10,12,31,708,4.3,158,28,49,165,0.233,0.069,39.5,8.8,3.4,-0.8999999999999999,22.838709677419356,4.457480347557992
tyler_mahle,2071,2018,0.283,0.329,0.36,0.343,0.266,125,442,2132,89.4,7,9,23,507,4.98,125,22,53,110,0.217,0.105,40.3,9.1,5.14,0.15999999999999925,22.043478260869566,4.8682183192245185
corey_kluber,3181,2018,0.224,0.277,0.27,0.285,0.233,179,800,2419,88.7,20,7,33,842,2.89,179,25,34,222,0.264,0.04,34.5,6.4,5.8,2.9099999999999997,25.515151515151516,3.2038324850398365
carlos_carrasco,2970,2018,0.238,0.317,0.288,0.29,0.232,173,726,2318,88.7,17,10,32,784,3.38,173,21,43,231,0.295,0.055,39.1,6,5.29,1.9100000000000001,24.5,3.5496226886978137
trevor_bauer,2853,2018,0.208,0.299,0.26,0.266,0.202,134,645,2438,87.3,12,6,28,717,2.21,134,9,57,221,0.308,0.079,29.1,4.4,3.79,1.58,25.607142857142858,2.475955789193279
mike_clevinger,3265,2018,0.223,0.28,0.288,0.289,0.219,164,737,2193,87.6,13,8,32,810,3.02,164,21,67,207,0.256,0.083,31.8,5.6,2.71,-0.31000000000000005,25.3125,3.155210431774026
shane_bieber,1805,2018,0.285,0.356,0.336,0.32,0.26,130,456,2204,88.6,11,5,20,485,4.55,130,13,23,118,0.243,0.047,38.3,7,3.28,-1.27,24.25,4.420514191185224
chad_bettis,1926,2018,0.265,0.284,0.339,0.348,0.269,121,456,1819,86.5,5,2,27,518,5.01,121,18,47,80,0.154,0.091,38.6,7.3,6.08,1.0700000000000003,19.185185185185187,4.983816697416795
jon_gray,2800,2018,0.266,0.326,0.332,0.312,0.249,180,677,2128,90,12,9,31,743,5.12,180,27,52,183,0.246,0.07,37.9,5.8,3.84,-1.2800000000000002,23.967741935483872,4.792273372654938
kyle_freeland,3250,2018,0.24,0.288,0.292,0.307,0.244,182,757,2116,88.5,17,7,33,844,2.85,182,17,70,173,0.205,0.083,29.2,5,6.73,3.8800000000000003,25.575757575757574,3.05173733923067
german_marquez,3121,2018,0.241,0.314,0.3,0.287,0.227,179,742,2304,90,14,11,33,817,3.77,179,24,57,230,0.282,0.07,39.1,5.6,4.76,0.9899999999999998,24.757575757575758,3.748416670368187
antonio_senzatela,1529,2018,0.266,0.303,0.329,0.324,0.259,94,353,2114,89.7,6,6,23,390,4.38,94,10,30,69,0.177,0.077,38.9,4.5,6.71,2.33,16.956521739130434,4.20597093021181
jordan_zimmermann,2076,2018,0.269,0.289,0.338,0.333,0.26,140,521,2306,87.7,7,8,25,556,4.52,140,28,26,111,0.2,0.047,38.4,9.6,6.91,2.3900000000000006,22.24,4.547324219280145
francisco_liriano,2265,2018,0.252,0.285,0.337,0.36,0.266,127,503,2032,88.2,5,12,27,586,4.58,127,19,73,110,0.188,0.125,32.2,7.5,3.47,-1.1099999999999999,21.703703703703702,4.628956105855457
daniel_norris,816,2018,0.261,0.319,0.341,0.362,0.274,46,176,2369,86.5,0,5,11,200,5.68,46,8,19,51,0.255,0.095,46.1,10.9,4.49,-1.1899999999999995,18.181818181818183,5.836671693449103
justin_verlander,3427,2018,0.2,0.274,0.26,0.243,0.187,156,781,2662,90.7,16,9,34,833,2.52,156,28,37,290,0.348,0.044,32.7,6.2,2.58,0.06000000000000005,24.5,2.6713537877812077
dallas_keuchel,3310,2018,0.263,0.302,0.306,0.299,0.251,211,802,2038,85.6,12,11,34,874,3.74,211,18,58,153,0.175,0.066,33,4.5,3.75,0.009999999999999787,25.705882352941178,3.6156661063740447
charlie_morton,2688,2018,0.213,0.284,0.293,0.289,0.21,130,609,2415,90,15,3,30,695,3.13,130,18,64,201,0.289,0.092,31,5.8,3.05,-0.08000000000000007,23.166666666666668,3.2059163949186864
gerrit_cole,3257,2018,0.198,0.288,0.265,0.275,0.2,143,723,2470,91.9,15,5,32,799,2.88,143,19,64,276,0.345,0.08,39.8,6.2,2.5,-0.3799999999999999,24.96875,3.2060354671183986
framber_valdez,633,2018,0.175,0.213,0.282,0.287,0.183,22,126,2412,88.2,4,1,8,154,2.19,22,3,24,34,0.221,0.156,20.7,3.3,5.86,3.6700000000000004,19.25,2.249408322615333
ian_kennedy,2060,2018,0.265,0.302,0.334,0.346,0.261,125,471,2345,88,3,9,22,518,4.66,125,20,40,105,0.203,0.077,37.1,8.9,3.41,-1.25,23.545454545454547,4.742698909065475
danny_duffy,2785,2018,0.264,0.305,0.333,0.35,0.265,161,610,2305,88.1,8,12,28,692,4.88,161,23,70,141,0.204,0.101,37.3,7.3,4.34,-0.54,24.714285714285715,4.910723717321722
tyler_skaggs,2166,2018,0.262,0.328,0.32,0.312,0.247,127,484,2273,85.7,8,10,24,533,4.02,127,14,40,129,0.242,0.075,38.7,6.1,4.29,0.27000000000000046,22.208333333333332,4.00372848510251
andrew_heaney,2755,2018,0.248,0.296,0.31,0.316,0.247,171,689,2357,87.1,9,10,30,749,4.15,171,27,45,180,0.24,0.06,37.2,7.8,4.91,0.7599999999999998,24.966666666666665,4.249006805683033
jaime_barria,2171,2018,0.242,0.272,0.315,0.333,0.252,117,483,2113,86.5,10,9,26,537,3.41,117,17,47,98,0.182,0.088,33.2,7.3,6.42,3.01,20.653846153846153,3.6560363846205695
felix_pena,1409,2018,0.247,0.29,0.304,0.308,0.25,87,352,2322,88.2,3,5,19,389,4.18,87,12,28,85,0.219,0.072,39.3,4.8,4.58,0.40000000000000036,20.473684210526315,4.140932301648314
clayton_kershaw,2364,2018,0.227,0.276,0.272,0.285,0.24,139,612,2456,86.7,9,5,26,650,2.73,139,17,29,155,0.238,0.045,35.4,5.4,3.03,0.2999999999999998,25,3.0364546574617814
rich_hill,2104,2018,0.219,0.272,0.297,0.309,0.229,108,493,2626,83.3,11,5,25,547,3.66,108,20,41,150,0.274,0.075,36.2,7.8,2.45,-1.21,21.88,3.8737923817398787
alex_wood,2443,2018,0.247,0.295,0.288,0.295,0.244,143,579,1894,86,9,7,33,637,3.68,143,14,40,135,0.212,0.063,33.7,4.6,5.8,2.1199999999999997,19.303030303030305,3.679571417048741
wei_yin_chen,2224,2018,0.256,0.289,0.318,0.297,0.233,131,511,2056,86.9,6,12,26,572,4.79,131,19,47,111,0.194,0.082,31.5,5.6,6.59,1.7999999999999998,22,4.395493182732319
dan_straily,2136,2018,0.237,0.259,0.324,0.36,0.268,107,452,2256,86.9,5,6,23,518,4.12,107,20,52,99,0.191,0.1,41.4,7.5,9.82,5.7,22.52173913043478,4.462140874161436
caleb_smith,1393,2018,0.22,0.279,0.301,0.324,0.228,63,286,2282,88.5,5,6,16,326,4.19,63,10,33,88,0.27,0.101,34.2,9.4,4.52,0.3299999999999992,20.375,4.393239909961135
jose_urena,2776,2018,0.242,0.275,0.298,0.318,0.253,155,640,2093,92.5,9,12,31,712,3.98,155,19,51,130,0.183,0.072,36.2,6.2,5.21,1.23,22.967741935483872,4.131827498270484
pablo_lopez,950,2018,0.252,0.282,0.315,0.318,0.246,56,222,2071,88.2,2,4,10,247,4.14,56,8,18,46,0.186,0.073,29.6,7.3,5.09,0.9500000000000002,24.7,4.084035957054172
trevor_richards,2232,2018,0.253,0.314,0.324,0.327,0.25,121,479,2132,86.9,4,9,25,547,4.42,121,15,54,130,0.238,0.099,36.3,6.1,4.5,0.08000000000000007,21.88,4.370765900732578
jhoulys_chacin,3008,2018,0.22,0.254,0.287,0.327,0.251,153,697,2144,84.8,15,8,35,796,3.5,153,18,71,156,0.196,0.089,37.8,6.5,5.79,2.29,22.742857142857144,3.903490079401121
chase_anderson,2602,2018,0.228,0.242,0.317,0.338,0.251,131,575,2198,87.2,9,8,30,644,3.93,131,30,57,128,0.199,0.089,30.8,8.8,4.21,0.2799999999999998,21.466666666666665,4.0981598577958485
wade_miley,1291,2018,0.237,0.274,0.283,0.315,0.264,71,300,2214,85,5,2,16,338,2.57,71,3,27,50,0.148,0.08,28.5,3.5,3.98,1.4100000000000001,21.125,2.846156054251224
zach_davies,1124,2018,0.269,0.299,0.326,0.334,0.274,67,249,2250,85.9,2,7,13,280,4.77,67,8,21,49,0.175,0.075,39.5,3.9,3.55,-1.2199999999999998,21.53846153846154,4.537359512062063
junior_guerra,2306,2018,0.264,0.317,0.333,0.322,0.25,143,542,2080,90.7,6,9,31,611,4.09,143,19,55,136,0.223,0.09,38.8,6.7,3.55,-0.54,19.70967741935484,4.071251395532452
freddy_peralta,1382,2018,0.178,0.238,0.278,0.299,0.195,49,275,2357,87.8,6,4,16,321,4.25,49,8,40,96,0.299,0.125,36.5,7.2,5.29,1.04,20.0625,4.405937172979006
jake_odorizzi,3077,2018,0.242,0.293,0.322,0.337,0.247,151,625,2130,87.2,7,10,32,711,4.49,151,20,70,162,0.228,0.098,39,7.4,3.51,-0.9800000000000004,22.21875,4.602771221853872
kyle_gibson,3243,2018,0.241,0.286,0.306,0.324,0.253,177,733,2182,89.3,10,13,32,826,3.62,177,23,79,179,0.217,0.096,36.4,5.7,4.84,1.2199999999999998,25.8125,3.808581073774695
jose_berrios,3068,2018,0.222,0.271,0.292,0.301,0.227,159,717,2187,88.8,12,11,32,797,3.84,159,25,61,202,0.253,0.077,34.4,6,3.68,-0.1599999999999997,24.90625,3.911043102411099
masahiro_tanaka,2398,2018,0.24,0.286,0.307,0.311,0.247,141,588,2031,86.7,12,6,27,635,3.75,141,25,35,159,0.25,0.055,38.1,7.1,4.45,0.7000000000000002,23.51851851851852,3.897232940905071
lance_lynn,2942,2018,0.265,0.336,0.327,0.314,0.244,163,616,2315,91.1,7,8,20,469,5.1,105,12,62,100,0.213,0.132,37.1,4.2,3.67,-1.4299999999999997,23.45,4.66344394007821
sonny_gray,2249,2018,0.27,0.327,0.336,0.329,0.254,138,511,2533,89.1,11,9,30,582,4.9,138,14,57,123,0.211,0.098,39.5,6.3,2.87,-2.0300000000000002,19.4,4.752231678463912
domingo_german,1467,2018,0.242,0.3,0.332,0.301,0.226,81,335,2481,88.8,2,6,21,375,5.57,81,15,33,102,0.272,0.088,36.6,5.1,4.03,-1.54,17.857142857142858,5.003870294591746
jacob_de_grom,3212,2018,0.196,0.283,0.23,0.249,0.203,152,776,2292,92.6,10,9,32,835,1.7,152,10,46,269,0.322,0.055,28.9,4.1,2.43,0.7300000000000002,26.09375,2.1635358931840307
jason_vargas,1553,2018,0.276,0.313,0.351,0.337,0.26,100,362,2301,82.6,7,9,20,404,5.77,100,18,30,84,0.208,0.074,29.7,7.7,4.01,-1.7599999999999998,20.2,5.289809498733638
noah_syndergaard,2412,2018,0.25,0.323,0.286,0.272,0.232,148,592,2072,93.7,13,4,25,644,3.03,148,9,39,155,0.241,0.061,26.6,2,4.28,1.2500000000000004,25.76,2.5514278928624314
steven_matz,2693,2018,0.232,0.27,0.317,0.312,0.233,134,578,2146,89.1,5,11,30,654,3.97,134,25,58,152,0.232,0.089,36.6,7.4,4.21,0.23999999999999977,21.8,4.0111675292593025
brett_anderson,1203,2018,0.285,0.309,0.331,0.333,0.279,90,316,1975,86,4,5,17,333,4.48,90,10,13,47,0.141,0.039,38.5,7.7,3.89,-0.5900000000000003,19.58823529411765,4.5131601963995465
trevor_cahill,1791,2018,0.227,0.281,0.289,0.318,0.244,90,397,2172,87.3,7,4,21,450,3.76,90,8,41,100,0.222,0.091,37.6,5.6,5.98,2.2200000000000006,21.428571428571427,4.001479336050133
daniel_mengden,1775,2018,0.234,0.241,0.3,0.36,0.287,103,441,2146,86.8,7,6,22,476,4.05,103,18,26,72,0.151,0.055,37.6,8.5,4.83,0.7800000000000002,21.636363636363637,4.5499515424760295
chris_bassitt,807,2018,0.221,0.265,0.282,0.314,0.235,40,181,2178,87.4,2,3,11,204,3.02,40,4,19,41,0.201,0.093,32.9,6.4,3.81,0.79,18.545454545454547,3.403846308273328
frankie_montas,995,2018,0.29,0.329,0.342,0.355,0.289,74,255,2362,93.1,5,4,13,283,3.88,74,5,21,43,0.152,0.074,40.1,7.4,2.63,-1.25,21.76923076923077,4.093113742038991
jake_arrieta,2760,2018,0.254,0.289,0.315,0.321,0.254,165,649,2287,90.4,10,11,31,724,3.96,165,21,57,138,0.191,0.079,31.7,5.6,4.64,0.6799999999999997,23.35483870967742,3.925893680595051
aaron_nola,3212,2018,0.197,0.254,0.251,0.266,0.208,149,756,2115,86.4,17,6,33,831,2.37,149,17,58,224,0.27,0.07,31.2,4.6,3.87,1.5,25.181818181818183,2.690027421873776
nick_pivetta,2846,2018,0.261,0.333,0.322,0.294,0.222,163,624,2412,89.7,7,14,33,694,4.77,163,24,51,188,0.271,0.073,34.8,7.8,5.38,0.6100000000000003,21.03030303030303,4.500766282916237
zach_eflin,2040,2018,0.261,0.313,0.318,0.3,0.241,130,499,2156,90.4,11,8,24,548,4.36,130,16,37,123,0.224,0.068,33.2,5.7,4.13,-0.23000000000000043,22.833333333333332,4.11498801036842
ivan_nova,2529,2018,0.268,0.29,0.327,0.338,0.269,171,638,2207,89.5,9,9,29,683,4.19,171,26,35,114,0.167,0.051,38.7,7.9,4.72,0.5299999999999994,23.551724137931036,4.340208859288665
chris_archer,2505,2018,0.268,0.339,0.33,0.32,0.25,155,579,2284,91,3,5,17,413,4.31,102,11,31,102,0.247,0.075,38.7,6.4,5.19,0.8800000000000008,24.294117647058822,4.244345908224659
joe_musgrove,1628,2018,0.253,0.297,0.296,0.29,0.234,113,447,2305,89.5,6,9,19,486,4.06,113,12,23,100,0.206,0.047,34.1,5.1,4.44,0.3800000000000008,25.57894736842105,3.9322344093062425
jameson_taillon,2960,2018,0.246,0.3,0.294,0.296,0.243,179,727,2360,91.3,14,10,32,785,3.2,179,20,46,179,0.228,0.059,31.9,4.3,4.1,0.8999999999999995,24.53125,3.2295801063057956
trevor_williams,2723,2018,0.231,0.265,0.287,0.32,0.255,146,632,2043,87.9,14,10,31,701,3.11,146,15,55,126,0.18,0.078,31,5.8,5.38,2.27,22.612903225806452,3.4379616175068484
nick_kingham,1304,2018,0.259,0.277,0.353,0.345,0.252,79,305,2222,88.6,5,7,18,342,5.21,79,18,26,69,0.202,0.076,41.7,9.5,9.87,4.659999999999999,19,5.1533454764817925
clayton_richard,2387,2018,0.263,0.292,0.334,0.356,0.281,159,604,2164,87.1,7,11,27,682,5.33,159,19,60,108,0.158,0.088,40.5,6.2,5.96,0.6299999999999999,25.25925925925926,5.304526427270859
luis_perdomo,831,2018,0.328,0.392,0.384,0.34,0.274,62,189,1970,90.6,1,6,12,217,7.05,62,4,22,39,0.18,0.101,47.4,5.2,4,-3.05,18.083333333333332,6.293127135648292
eric_lauer,2026,2018,0.285,0.336,0.347,0.342,0.267,127,446,2195,87.8,6,7,23,504,4.34,127,15,46,100,0.198,0.091,35.2,6,4.45,0.11000000000000032,21.91304347826087,4.234195489563247
joey_lucchesi,2158,2018,0.254,0.31,0.328,0.323,0.245,125,493,2171,86.4,8,9,26,548,4.08,125,23,43,145,0.265,0.078,40.5,8.7,4.18,0.09999999999999964,21.076923076923077,4.180763982999804
jeff_samardzija,805,2018,0.27,0.289,0.343,0.37,0.267,47,174,2407,88.5,1,5,10,207,6.25,47,6,26,30,0.145,0.126,32,9.4,3.52,-2.73,20.7,6.075402853677384
madison_bumgarner,2053,2018,0.238,0.277,0.3,0.327,0.251,118,495,2098,85.3,6,7,21,551,3.26,118,14,43,109,0.198,0.078,35.5,8.4,3.9,0.6400000000000001,26.238095238095237,3.647865910362205
dereck_rodriguez,1863,2018,0.223,0.259,0.289,0.306,0.243,98,439,2120,86.6,6,4,21,487,2.81,98,9,36,89,0.183,0.074,36.1,3.9,5.64,2.8299999999999996,23.19047619047619,3.043405605670004
felix_hernandez,2565,2018,0.262,0.288,0.344,0.359,0.27,159,606,2048,85,8,14,29,685,5.55,159,27,59,125,0.182,0.086,38.5,8.4,6.4,0.8500000000000005,23.620689655172413,5.515050172575563
mike_leake,2798,2018,0.28,0.307,0.326,0.356,0.303,207,739,2116,85.4,10,10,31,784,4.36,207,23,34,119,0.152,0.043,39.6,6.7,4.27,-0.09000000000000075,25.29032258064516,4.574322300706591
james_paxton,2603,2018,0.224,0.301,0.287,0.293,0.225,134,598,2185,91.3,11,6,28,645,3.76,134,23,42,208,0.322,0.065,42.1,9.4,3.82,0.06000000000000005,23.035714285714285,4.015722663048944
wade_le_blanc,2448,2018,0.246,0.274,0.306,0.324,0.254,151,614,1840,81.7,9,5,32,662,3.72,151,24,40,130,0.196,0.06,34.6,9,5.71,1.9899999999999998,20.6875,3.9686523468775192
marco_gonzales,2564,2018,0.267,0.32,0.311,0.318,0.267,172,643,2310,85.3,13,9,29,686,4,172,17,32,145,0.211,0.047,35,5.4,3.99,-0.009999999999999787,23.655172413793103,4.004405429828139
adam_wainwright,732,2018,0.263,0.319,0.327,0.315,0.235,41,156,2370,81.9,2,4,8,181,4.46,41,5,18,40,0.221,0.099,24,6.6,4.19,-0.2699999999999996,22.625,4.0596328684534795
miles_mikolas,3004,2018,0.245,0.282,0.271,0.293,0.25,186,760,2340,88.8,18,4,32,808,2.83,186,16,29,146,0.181,0.036,29.4,5.1,4.16,1.33,25.25,3.0934681895157725
michael_wacha,1419,2018,0.221,0.253,0.286,0.356,0.282,68,308,1998,88.3,8,2,15,355,3.2,68,9,36,71,0.2,0.101,37,7.7,4.76,1.5599999999999996,23.666666666666668,3.8869469690180996
tyson_ross,2499,2018,0.237,0.272,0.309,0.33,0.254,132,556,2568,88.1,6,9,22,530,4.45,112,16,52,107,0.202,0.098,35.2,6.1,6.11,1.6600000000000001,24.09090909090909,4.501153791579461
luke_weaver,2386,2018,0.277,0.325,0.34,0.338,0.265,150,542,2153,89.6,7,11,30,609,4.95,150,19,54,121,0.199,0.089,35,6.3,2.94,-2.0100000000000002,20.3,4.759373900805572
jack_flaherty,2587,2018,0.199,0.258,0.281,0.283,0.206,108,542,2182,88,8,9,28,615,3.34,108,20,59,182,0.296,0.096,34.7,6.6,2.75,-0.5899999999999999,21.964285714285715,3.4922304978827383
blake_snell,2918,2018,0.178,0.242,0.246,0.278,0.204,112,630,2286,90.5,21,5,31,700,1.89,112,16,64,221,0.316,0.091,32.7,7.2,4.29,2.4000000000000004,22.580645161290324,2.5121095172375227
mike_minor,2552,2018,0.235,0.259,0.312,0.327,0.247,138,587,2472,88.9,12,8,28,640,4.18,138,25,38,132,0.206,0.059,35.3,10.8,3.59,-0.5899999999999999,22.857142857142858,4.377562054810309
martin_perez,1404,2018,0.329,0.345,0.39,0.369,0.299,116,353,2058,89.3,2,7,22,397,6.22,116,16,36,52,0.131,0.091,39.1,6.8,5.12,-1.0999999999999996,18.045454545454547,5.769001999723245
ariel_jurado,877,2018,0.297,0.306,0.349,0.38,0.321,66,222,1838,89,5,5,12,241,5.93,66,7,18,22,0.091,0.075,47.8,6.5,5.81,-0.1200000000000001,20.083333333333332,5.9754396392930476
marcus_stroman,1707,2018,0.283,0.328,0.33,0.33,0.267,115,406,2423,89.3,4,9,19,449,5.54,115,9,36,77,0.171,0.08,40.4,6.3,2.96,-2.58,23.63157894736842,5.338486806471728
aaron_sanchez,1794,2018,0.262,0.304,0.337,0.356,0.266,106,405,2272,90.6,4,6,20,474,4.89,106,11,58,86,0.181,0.122,39,8.4,6.07,1.1800000000000006,23.7,4.997778425045731
sam_gaviglio,2041,2018,0.281,0.316,0.344,0.338,0.271,140,498,2008,85.4,3,10,26,548,5.31,140,21,38,105,0.192,0.069,40.4,6.7,4.61,-0.6999999999999993,21.076923076923077,5.132351679494526
max_scherzer,3493,2018,0.188,0.267,0.252,0.253,0.189,150,797,2302,89.4,18,7,33,866,2.53,150,23,51,300,0.346,0.059,31.7,6.6,2.92,0.3900000000000001,26.242424242424242,2.7984305582309004
stephen_strasburg,2161,2018,0.24,0.31,0.306,0.312,0.234,118,492,2161,90.1,10,7,22,544,3.74,118,18,38,156,0.287,0.07,38.9,7.3,3.32,-0.4200000000000004,24.727272727272727,3.9161637546064068
gio_gonzalez,3022,2018,0.256,0.302,0.32,0.335,0.258,167,652,2163,85.2,7,11,27,646,4.57,153,15,70,126,0.195,0.108,34.5,5.8,3.5,-1.0700000000000003,23.925925925925927,4.5299252494305575
tanner_roark,2958,2018,0.262,0.298,0.319,0.324,0.258,181,690,2151,87.3,9,15,31,760,4.34,181,24,50,146,0.192,0.066,33.6,6,4.24,-0.09999999999999964,24.516129032258064,4.275076002877169
jeremy_hellickson,1380,2018,0.23,0.254,0.294,0.326,0.252,78,339,2220,84.3,5,3,19,370,3.45,78,11,20,65,0.176,0.054,31,8.3,6.23,2.7800000000000002,19.473684210526315,3.7776003372598748
erick_fedde,945,2018,0.286,0.336,0.361,0.371,0.285,55,192,1884,89.4,2,4,11,217,5.54,55,8,22,46,0.212,0.101,46.3,8.7,4.5,-1.04,19.727272727272727,5.584880288645429
jefry_rodriguez,916,2018,0.228,0.245,0.338,0.345,0.233,43,189,2290,91.4,3,3,14,233,5.71,43,8,37,39,0.167,0.159,34.4,6.5,4.63,-1.08,16.642857142857142,5.431705418303913
robbie_ray,3064,2019,0.234,0.315,0.323,0.327,0.232,150,642,2181,88.1,12,8,33,747,4.34,150,30,84,235,0.315,0.112,38.6,10.7,6.62,2.2800000000000002,22.636363636363637,4.481604220173431
luke_weaver,1053,2019,0.227,0.292,0.274,0.316,0.258,55,242,2105,89.5,4,3,12,260,2.94,55,6,14,69,0.265,0.054,41.4,6.3,6.58,3.64,21.666666666666668,3.482175382391365
zac_gallen,1387,2019,0.212,0.284,0.287,0.298,0.22,62,293,2227,88.1,1,3,7,151,2.72,25,3,18,43,0.285,0.119,35.9,5.6,2.75,0.029999999999999805,21.571428571428573,3.026297197553372
alex_young,1325,2019,0.229,0.252,0.298,0.323,0.252,72,315,2193,85.7,7,5,17,349,3.56,72,14,27,71,0.203,0.077,35.6,7.3,5.44,1.8800000000000003,20.529411764705884,3.856065067821142
dallas_keuchel,1864,2019,0.265,0.303,0.327,0.333,0.263,115,434,1999,85.5,8,8,19,487,3.75,115,16,39,91,0.187,0.08,38.5,6.9,1.99,-1.76,25.63157894736842,3.908144044690127
max_fried,2670,2019,0.27,0.338,0.315,0.303,0.254,174,644,2326,87.2,17,6,33,702,4.02,174,21,47,173,0.246,0.067,39.1,4.4,2.25,-1.7699999999999996,21.272727272727273,3.8682807877841294
dylan_bundy,2778,2019,0.256,0.297,0.329,0.314,0.242,161,628,2308,85.9,7,14,30,700,4.79,161,29,58,162,0.231,0.083,31.9,5.9,3.29,-1.5,23.333333333333332,4.462996386605482
asher_wojciechowski,1467,2019,0.248,0.279,0.339,0.345,0.25,80,323,2296,87.6,4,8,17,361,4.92,80,17,28,80,0.222,0.078,36.5,10.7,6.81,1.8899999999999997,21.235294117647058,4.952787409633018
rick_porcello,2960,2019,0.278,0.31,0.338,0.337,0.265,198,712,2368,86.1,14,12,32,768,5.52,198,31,45,143,0.186,0.059,37.6,9.4,5.64,0.1200000000000001,24,5.398694260874081
lucas_giolito,2814,2019,0.205,0.274,0.275,0.287,0.218,131,640,2095,88.9,14,9,29,705,3.41,131,24,57,228,0.323,0.081,34.6,9.4,3.48,0.06999999999999984,24.310344827586206,3.679350646169984
dylan_cease,1364,2019,0.271,0.326,0.353,0.329,0.247,78,288,2441,89.7,4,7,14,326,5.79,78,15,35,81,0.248,0.107,37.5,7.7,4.01,-1.7800000000000002,23.285714285714285,5.4127032421276065
jon_lester,3043,2019,0.294,0.35,0.344,0.341,0.277,205,698,2305,86.3,13,10,31,764,4.46,205,26,52,165,0.216,0.068,34.7,7.4,5.16,0.7000000000000002,24.64516129032258,4.395119380714721
yu_darvish,2848,2019,0.213,0.268,0.294,0.302,0.227,140,657,2517,88.3,6,8,31,731,3.98,140,33,56,229,0.313,0.077,37.5,7.4,2.01,-1.9700000000000002,23.580645161290324,4.11524938379399
kyle_hendricks,2698,2019,0.249,0.292,0.291,0.302,0.254,168,675,2101,83,11,10,30,730,3.46,168,19,32,150,0.205,0.044,31.5,5.4,2.88,-0.5800000000000001,24.333333333333332,3.55243254433611
trevor_bauer,3687,2019,0.23,0.29,0.316,0.315,0.228,184,800,2456,87.1,9,8,24,664,3.79,127,22,63,185,0.279,0.095,37.7,8.6,1.73,-2.06,27.666666666666668,3.929779983276121
sonny_gray,2909,2019,0.196,0.259,0.265,0.29,0.214,122,622,2676,88.4,11,8,31,708,2.87,122,17,68,205,0.29,0.096,33.3,6.8,3.7,0.8300000000000001,22.838709677419356,3.255092488196845
anthony_de_sclafani,2668,2019,0.238,0.276,0.3,0.305,0.238,151,635,2168,91.3,9,9,31,696,3.89,151,29,49,167,0.24,0.07,38.7,7.1,7.22,3.3299999999999996,22.451612903225808,4.0222060781216324
tyler_mahle,2211,2019,0.266,0.308,0.326,0.321,0.255,136,512,2214,89.3,3,12,25,556,5.14,136,25,34,129,0.232,0.061,37.6,8.3,3.59,-1.5499999999999998,22.24,5.0205817869507925
luis_castillo,3158,2019,0.202,0.265,0.277,0.283,0.21,139,688,2112,91.6,15,8,32,781,3.4,139,22,79,226,0.289,0.101,33.6,5.1,3.21,-0.18999999999999995,24.40625,3.486065205025009
mike_clevinger,2090,2019,0.209,0.306,0.261,0.27,0.209,96,459,2291,88.6,13,4,21,499,2.71,96,10,37,169,0.339,0.074,34,5.8,3.02,0.31000000000000005,23.761904761904763,2.9943571441549777
shane_bieber,3332,2019,0.23,0.298,0.28,0.303,0.244,186,810,2256,88.4,15,8,34,859,3.28,186,31,40,259,0.302,0.047,43.3,8.7,1.63,-1.65,25.264705882352942,3.714435450994566
aaron_civale,863,2019,0.216,0.252,0.269,0.282,0.236,44,204,2501,87.5,3,4,10,227,2.34,44,4,16,46,0.203,0.07,32.9,2.4,4.74,2.4000000000000004,22.7,2.464008298518705
zach_plesac,1892,2019,0.237,0.257,0.315,0.353,0.278,102,430,1974,89.1,8,6,21,475,3.81,102,19,40,88,0.185,0.084,38.7,8.1,2.28,-1.5300000000000002,22.61904761904762,4.209019124445623
jon_gray,2373,2019,0.259,0.319,0.323,0.332,0.271,147,567,2150,91.2,11,8,26,637,3.84,147,19,56,150,0.235,0.088,43.8,5.9,6.69,2.8500000000000005,24.5,4.008590511512083
german_marquez,2616,2019,0.259,0.308,0.311,0.335,0.276,174,671,2348,91,12,5,28,721,4.76,174,29,35,175,0.243,0.049,43.1,7.9,3.75,-1.0099999999999998,25.75,4.955723209696187
kyle_freeland,1780,2019,0.296,0.31,0.372,0.366,0.292,126,426,2173,89,3,11,22,473,6.73,126,25,39,79,0.167,0.082,40.1,8.8,4.33,-2.4000000000000004,21.5,6.4068642853675835
antonio_senzatela,2237,2019,0.313,0.336,0.373,0.367,0.3,161,514,2116,89.8,11,11,25,582,6.71,161,19,57,76,0.131,0.098,44,6.1,3.44,-3.27,23.28,6.3065396471971145
spencer_turnbull,2661,2019,0.267,0.333,0.329,0.335,0.258,154,576,2365,90.4,3,17,30,656,4.61,154,14,59,146,0.223,0.09,40.7,6.7,3.97,-0.6400000000000001,21.866666666666667,4.635535832705541
zack_greinke,3113,2019,0.228,0.274,0.263,0.288,0.243,175,767,2245,85.3,10,4,23,562,2.9,117,15,21,135,0.24,0.037,33.3,6.3,4.03,1.1300000000000003,24.434782608695652,3.2639675075491374
gerrit_cole,3362,2019,0.186,0.276,0.246,0.241,0.185,142,762,2559,92.4,20,5,33,817,2.5,142,29,48,326,0.399,0.059,35.5,5.9,2.84,0.33999999999999986,24.757575757575758,2.753028134691902
danny_duffy,2161,2019,0.251,0.285,0.323,0.346,0.264,125,498,2269,87.7,7,6,23,555,4.34,125,21,46,115,0.207,0.083,37.8,7.5,4.95,0.6100000000000003,24.130434782608695,4.518382139480795
brad_keller,2711,2019,0.247,0.283,0.307,0.335,0.262,154,624,2294,90.6,7,14,28,709,4.19,154,15,70,122,0.172,0.099,38.6,5.9,2.47,-1.7200000000000002,25.321428571428573,4.369119642543495
andrew_heaney,1689,2019,0.251,0.312,0.325,0.319,0.238,93,370,2448,87.8,4,6,18,409,4.91,93,20,30,118,0.289,0.073,39.4,9.8,4.46,-0.4500000000000002,22.72222222222222,4.8874926100681115
griffin_canning,1552,2019,0.235,0.281,0.312,0.306,0.223,80,341,2314,89.9,5,6,18,384,4.58,80,14,30,96,0.25,0.078,32.4,7.6,3.99,-0.5899999999999999,21.333333333333332,4.443959632576582
patrick_sandoval,714,2019,0.24,0.293,0.322,0.334,0.259,35,146,2014,87.5,0,4,10,169,5.03,35,6,19,42,0.249,0.112,34.6,5.6,5.65,0.6200000000000001,16.9,4.865700593121452
clayton_kershaw,2672,2019,0.222,0.267,0.281,0.296,0.235,145,654,2547,86.2,16,5,29,706,3.03,145,28,41,189,0.268,0.058,34.1,6.8,2.16,-0.8699999999999997,24.344827586206897,3.325155162281281
rich_hill,966,2019,0.223,0.284,0.292,0.271,0.204,48,215,2665,82.7,4,1,13,242,2.45,48,10,18,72,0.298,0.074,27.7,4.7,3.03,0.5799999999999996,18.615384615384617,2.4767979449662003
sandy_alcantara,3091,2019,0.241,0.274,0.308,0.327,0.248,179,743,2347,91.5,6,14,32,838,3.88,179,23,81,151,0.18,0.097,34.3,6.5,3,-0.8799999999999999,26.1875,4.032337833603572
pablo_lopez,1796,2019,0.261,0.303,0.318,0.327,0.26,111,425,2089,89.2,5,8,21,469,5.09,111,15,27,95,0.203,0.058,36.9,7.4,3.61,-1.48,22.333333333333332,5.028787103791025
zach_davies,2680,2019,0.256,0.276,0.31,0.348,0.284,155,606,2118,85.1,10,7,31,672,3.55,155,20,51,102,0.152,0.076,33.3,7.2,2.73,-0.8199999999999998,21.677419354838708,3.900405921948471
jordan_lyles,2456,2019,0.243,0.286,0.321,0.315,0.235,131,538,2239,87.9,5,7,17,361,5.36,88,16,33,90,0.249,0.091,41.3,8.3,7.02,1.6599999999999993,21.235294117647058,5.251830161531611
gio_gonzalez,1501,2019,0.234,0.282,0.304,0.328,0.253,76,325,2099,84.7,3,2,19,366,3.5,76,9,37,78,0.213,0.101,31.2,6.8,4.83,1.33,19.263157894736842,3.7262253055370835
brandon_woodruff,1979,2019,0.24,0.322,0.281,0.286,0.235,109,454,2181,93.1,11,3,22,493,3.62,109,12,30,143,0.29,0.061,30.2,4.1,3.05,-0.5700000000000003,22.40909090909091,3.522508556252706
kyle_gibson,2764,2019,0.275,0.333,0.333,0.338,0.273,175,637,2156,88.4,13,7,34,706,4.84,175,23,56,160,0.227,0.079,37.8,7.5,5.35,0.5099999999999998,20.764705882352942,4.8139453877044645
martin_perez,2772,2019,0.279,0.318,0.334,0.312,0.25,184,659,2114,89.7,10,7,32,737,5.12,184,23,67,135,0.183,0.091,29.7,5.3,4.5,-0.6200000000000001,23.03125,4.584247798254335
jose_berrios,3132,2019,0.251,0.301,0.3,0.31,0.248,194,774,2136,87.8,14,8,32,842,3.68,194,26,51,195,0.232,0.061,32,6.5,4,0.31999999999999984,26.3125,3.7777155894496923
masahiro_tanaka,2787,2019,0.261,0.293,0.314,0.322,0.265,186,713,2072,86.6,11,9,32,759,4.45,186,28,40,149,0.196,0.053,37.7,6,3.56,-0.8900000000000001,23.71875,4.443539362352906
jacob_de_grom,3297,2019,0.207,0.285,0.25,0.256,0.207,154,745,2302,94,11,8,32,804,2.43,154,19,44,255,0.317,0.055,30.8,5,2.38,-0.050000000000000266,25.125,2.690250160833818
tanner_roark,2992,2019,0.275,0.323,0.34,0.349,0.275,180,655,2184,87.9,6,7,21,484,4.24,119,14,38,108,0.223,0.079,37.3,8.4,6.8,2.5599999999999996,23.047619047619047,4.3623948731630104
brett_anderson,2659,2019,0.265,0.28,0.308,0.353,0.287,181,682,1941,86.9,13,9,31,743,3.89,181,20,49,90,0.121,0.066,40,7.3,4.21,0.31999999999999984,23.967741935483872,4.311880589903431
chris_bassitt,2430,2019,0.229,0.268,0.299,0.308,0.236,125,545,2183,89.1,10,5,28,612,3.81,125,21,47,141,0.23,0.077,31.7,5.1,2.29,-1.52,21.857142857142858,3.799434447813911
frankie_montas,1485,2019,0.23,0.297,0.276,0.284,0.237,84,365,2273,92.7,9,2,16,394,2.63,84,8,23,103,0.261,0.058,34.8,3.8,5.6,2.9699999999999998,24.625,2.8249673280155387
jake_arrieta,2192,2019,0.283,0.32,0.339,0.343,0.272,149,527,2209,89.6,8,8,24,594,4.64,149,21,51,110,0.185,0.086,37.6,6.8,5.08,0.4400000000000004,24.75,4.612222067886187
aaron_nola,3332,2019,0.233,0.297,0.304,0.315,0.239,176,755,2198,86.7,12,7,34,852,3.87,176,27,80,229,0.269,0.094,39.5,6.8,3.28,-0.5900000000000003,25.058823529411764,4.045586031984554
zach_eflin,2571,2019,0.268,0.295,0.325,0.313,0.251,172,642,2165,90.1,10,13,32,705,4.13,172,28,48,129,0.183,0.068,32.8,6.9,3.97,-0.1599999999999997,22.03125,4.019858647125113
trevor_williams,2327,2019,0.284,0.308,0.351,0.35,0.278,162,571,2114,88.5,7,9,26,636,5.38,162,27,44,113,0.178,0.069,35.6,8.3,6.18,0.7999999999999998,24.46153846153846,5.214562857791814
joe_musgrove,2657,2019,0.254,0.3,0.309,0.312,0.253,168,662,2397,88.3,11,12,32,718,4.44,168,21,39,157,0.219,0.054,38.7,6.4,3.86,-0.5800000000000005,22.4375,4.434392390711451
steven_brault,2001,2019,0.265,0.313,0.338,0.343,0.261,117,441,1992,88.7,4,6,25,505,5.16,117,15,53,100,0.198,0.105,38.7,6.1,3.38,-1.7800000000000002,20.2,5.023440773316541
dinelson_lamet,1233,2019,0.226,0.314,0.308,0.304,0.221,62,274,2516,91.4,3,5,14,313,4.07,62,12,30,105,0.335,0.096,34.1,8.1,2.09,-1.9800000000000004,22.357142857142858,4.085953238701517
chris_paddack,2280,2019,0.204,0.239,0.268,0.285,0.222,107,524,2072,89.3,9,7,26,568,3.33,107,23,31,153,0.269,0.055,32.5,7.1,4.73,1.4000000000000004,21.846153846153847,3.572768231751037
madison_bumgarner,3244,2019,0.245,0.292,0.3,0.325,0.258,191,780,2435,87.3,9,9,34,844,3.9,191,30,43,203,0.241,0.051,41.8,9,6.48,2.5800000000000005,24.823529411764707,4.250338200307767
logan_webb,676,2019,0.278,0.333,0.336,0.354,0.298,44,158,2186,88.7,2,3,8,174,5.22,44,5,14,37,0.213,0.08,36.9,5.7,5.47,0.25,21.75,5.10467917397494
yusei_kikuchi,2721,2019,0.295,0.31,0.368,0.352,0.283,195,660,2172,87.3,6,11,32,721,5.46,195,36,50,116,0.161,0.069,39.1,7.7,5.17,-0.29000000000000004,22.53125,5.214717464801257
marco_gonzales,3232,2019,0.264,0.295,0.311,0.315,0.257,210,794,2246,84.3,16,13,34,866,3.99,210,23,56,147,0.17,0.065,35.2,4.9,3.1,-0.8900000000000001,25.470588235294116,3.946343500864536
justus_sheffield,673,2019,0.303,0.379,0.376,0.328,0.246,44,145,1982,88.9,0,1,8,168,5.5,44,5,18,37,0.22,0.107,43.1,5.5,3.58,-1.92,21,4.9640811457150935
adam_wainwright,2876,2019,0.273,0.323,0.33,0.335,0.269,181,662,2418,83.1,14,10,31,745,4.19,181,22,64,153,0.205,0.086,39.2,6.5,3.15,-1.0400000000000005,24.032258064516128,4.253569117923539
michael_wacha,2199,2019,0.29,0.318,0.36,0.363,0.281,143,493,1944,88.9,6,7,29,562,4.76,143,26,55,104,0.185,0.098,35.5,7.8,6.62,1.8600000000000003,19.379310344827587,4.710567502623708
jack_flaherty,3179,2019,0.192,0.244,0.254,0.281,0.217,135,704,2257,89.3,11,8,33,772,2.75,135,25,55,231,0.299,0.071,30.3,6.9,4.91,2.16,23.393939393939394,3.1372539958899175
dakota_hudson,2848,2019,0.245,0.275,0.316,0.34,0.264,160,652,2202,90.7,16,7,33,757,3.35,160,22,86,136,0.18,0.114,38.8,6.8,2.77,-0.5800000000000001,22.939393939393938,3.6969474414404253
charlie_morton,3139,2019,0.215,0.299,0.27,0.281,0.222,154,717,2477,87.3,16,6,33,790,3.05,154,15,57,240,0.304,0.072,32.8,5,4.74,1.6900000000000004,23.939393939393938,3.2287370010859697
blake_snell,1891,2019,0.241,0.343,0.301,0.27,0.207,96,399,2273,89.5,6,8,23,441,4.29,96,14,40,147,0.333,0.091,32,4.7,3.24,-1.0499999999999998,19.17391304347826,3.8800968434831797
trevor_richards,2290,2019,0.249,0.293,0.316,0.319,0.241,127,510,2231,86.5,3,12,23,483,4.5,104,16,51,103,0.213,0.106,34.7,6.4,5.91,1.4100000000000001,21,4.4263829496145615
tyler_glasnow,903,2019,0.186,0.265,0.222,0.235,0.181,40,215,2445,92.8,6,1,12,230,1.78,40,4,14,76,0.33,0.061,32.1,5.7,4.08,2.3,19.166666666666668,2.266406544628956
ryan_yarbrough,2057,2019,0.228,0.264,0.273,0.299,0.256,121,530,2148,82.4,11,6,28,563,4.13,121,15,20,117,0.208,0.036,26.2,7,3.56,-0.5699999999999998,20.107142857142858,4.139933359229115
mike_minor,3358,2019,0.244,0.288,0.301,0.303,0.233,190,779,2563,88.4,14,10,32,863,3.59,190,30,68,200,0.232,0.079,30.4,7,5.56,1.9699999999999998,26.96875,3.645233700255138
lance_lynn,3553,2019,0.243,0.322,0.294,0.292,0.231,195,801,2436,91.9,16,11,33,875,3.67,195,21,59,246,0.281,0.067,33.8,5.9,3.32,-0.3500000000000001,26.515151515151516,3.688695451609044
kolby_allard,837,2019,0.281,0.327,0.322,0.331,0.282,52,185,2042,88.4,4,2,9,208,4.96,52,3,19,33,0.159,0.091,35.9,2.6,7.75,2.79,23.11111111111111,4.357582776313593
max_scherzer,2770,2019,0.222,0.322,0.269,0.258,0.206,144,650,2337,89.6,11,7,27,693,2.92,144,18,33,243,0.351,0.048,35.5,6.6,3.74,0.8200000000000003,25.666666666666668,3.073937216659993
patrick_corbin,3299,2019,0.227,0.295,0.285,0.308,0.229,169,746,2245,86.7,14,7,33,835,3.25,169,24,70,238,0.285,0.084,38.7,9.4,4.66,1.4100000000000001,25.303030303030305,3.664044990816957
anibal_sanchez,2690,2019,0.236,0.266,0.296,0.316,0.254,153,647,2081,86.4,11,8,30,712,3.85,153,22,58,134,0.188,0.081,28.3,6.6,6.62,2.77,23.733333333333334,3.9170377808308077
austin_voth,684,2019,0.213,0.259,0.282,0.281,0.217,33,155,2343,88.8,2,1,9,174,3.3,33,5,13,44,0.253,0.075,29.8,4.4,6.34,3.04,19.333333333333332,3.2600264942178163
