mlb_id,salary,yearID,player_name
545332,507500,2016,Jake Barrett
611093,509300,2016,Silvino Bracho
605177,519700,2016,Andrew Chafin
461325,6100000,2016,Tyler Clippard
571578,2525000,2016,Patrick Corbin
523989,2350000,2016,Rubby De La Rosa
517414,1275000,2016,Randall Delgado
425844,31799030,2016,Zack Greinke
543339,2700000,2016,Daniel Hudson
571946,4350000,2016,Shelby Miller
592662,521000,2016,Robbie Ray
446899,5500000,2016,Brad Ziegler
544365,507500,2016,Manny Banuelos
607231,507500,2016,John Gant
462382,2500000,2016,Jim Johnson
605374,511750,2016,Andrew McKirahan
502032,2500000,2016,Bud Norris
447714,1750000,2016,Eric O'Flaherty
468396,2000000,2016,Alexi Ogando
554234,511250,2016,Williams Perez
542432,507500,2016,Jose Ramirez
572089,520500,2016,Paco Rodriguez
623406,508000,2016,Shae Simmons
527054,3466666,2016,Julio Teheran
527055,897500,2016,Arodys Vizcaino
595465,508500,2016,Dan Winkler
605538,507500,2016,Matt Wisler
542960,1250000,2016,Brad Brach
502154,6750000,2016,Zack Britton
605164,1800000,2016,Dylan Bundy
451596,8728776,2016,Yovani Gallardo
592332,532000,2016,Kevin Gausman
571710,511500,2016,Mychal Givens
434622,12673102,2016,Ubaldo Jimenez
451085,3900000,2016,Brian Matusz
519008,523500,2016,T.J. McFarland
489119,16329674,2016,Wade Miley
503285,5854712,2016,Darren O'Day
501957,6225000,2016,Chris Tillman
592869,511500,2016,Tyler Wilson
474699,2600000,2016,Vance Worley
605541,510500,2016,Mike Wright
598264,511000,2016,Matthew Barnes
453329,13000000,2016,Clay Buchholz
523260,2600000,2016,Joe Kelly
518886,11000000,2016,Craig Kimbrel
518927,563750,2016,Tommy Layne
519144,20125000,2016,Rick Porcello
456034,30000000,2016,David Price
598287,509500,2016,Noe Ramirez
593958,521000,2016,Eduardo Rodriguez
543726,1250000,2016,Robbie Ross Jr.
605476,529000,2016,Carson Smith
547749,3375000,2016,Junichi Tazawa
493157,9000000,2016,Koji Uehara
519443,539500,2016,Brandon Workman
453214,514500,2016,Steven Wright
453562,10700000,2016,Jake Arrieta
542923,508500,2016,Dallas Beeler
605156,510000,2016,Aaron Brooks
502239,4250000,2016,Trevor Cahill
518748,1275000,2016,Justin Grimm
543294,541000,2016,Kyle Hendricks
452657,25000000,2016,Jon Lester
519166,524500,2016,Neil Ramirez
453385,2000000,2016,Clayton Richard
444468,4200000,2016,Hector Rondon
573127,524500,2016,Zac Rosscup
467008,4400000,2016,Pedro Strop
476589,1700000,2016,Adam Warren
475243,6170000,2016,Travis Wood
458006,2000000,2016,Matt Albers
433579,15750000,2016,John Danks
435043,5000000,2016,Zach Duke
543359,810000,2016,Dan Jennings
518858,900000,2016,Nate Jones
502593,535000,2016,Jake Petricka
474029,975000,2016,Zach Putnam
500779,5400000,2016,Jose Quintana
502085,11000000,2016,David Robertson
607074,518000,2016,Carlos Rodon
519242,9150000,2016,Chris Sale
456701,18000000,2016,Homer Bailey
571561,530000,2016,Tony Cingrani
571584,509675,2016,Caleb Cotham
543101,540000,2016,Anthony DeSclafani
471822,525000,2016,Jumbo Diaz
605232,511500,2016,Brandon Finnegan
543331,1400000,2016,J.J. Hoover
628452,3214285,2016,Raisel Iglesias
543424,507500,2016,John Lamb
547179,516500,2016,Michael Lorenzen
621209,508000,2016,Jon Moscot
456027,800000,2016,Ross Ohlendorf
572102,507500,2016,Keyvius Sampson
430580,2000000,2016,Alfredo Simon
573185,512100,2016,Dan Straily
502028,600000,2016,Blake Wood
592102,4150000,2016,Cody Allen
594736,511400,2016,Cody Anderson
545333,1697500,2016,Trevor Bauer
471911,4500000,2016,Carlos Carrasco
446321,1000000,2016,Ross Detwiler
488984,2000000,2016,Tommy Hunter
446372,4700000,2016,Corey Kluber
453249,765000,2016,Jeff Manship
502083,1300000,2016,Zach McAllister
519096,520000,2016,Dan Otero
517593,536200,2016,Danny Salazar
543766,2750000,2016,Bryan Shaw
458708,2250000,2016,Josh Tomlin
542881,509500,2016,Tyler Anderson
548357,512500,2016,Christian Bergman
518452,512500,2016,Chad Bettis
612434,509500,2016,Miguel Castro
543022,1000000,2016,Tyler Chatwood
545064,509500,2016,Jairo Diaz
592351,509500,2016,Jon Gray
543261,660000,2016,Jason Gurka
543475,2975000,2016,Jordan Lyles
554431,509500,2016,Tyler Matzek
459429,4800000,2016,Jake McGee
502522,509500,2016,Justin Miller
435400,5000000,2016,Jason Motte
493603,1300000,2016,Adam Ottavino
543734,512500,2016,Chris Rusin
571656,509500,2016,Buck Farmer
594815,507500,2016,Jeff Ferrell
543238,525000,2016,Anthony Gose
572888,517000,2016,Shane Greene
543278,520500,2016,Blaine Hardy
450275,5500000,2016,Mark Lowe
553970,508500,2016,Angel Nesbitt
596057,514500,2016,Daniel Norris
460059,8000000,2016,Mike Pelfrey
408061,7383481,2016,Francisco Rodriguez
594986,509500,2016,Kyle Ryan
434671,16800000,2016,Anibal Sanchez
572403,509500,2016,Drew VerHagen
434378,28000000,2016,Justin Verlander
543935,522500,2016,Alex Wilson
458677,1525000,2016,Justin Wilson
519455,18000000,2016,Jordan Zimmermann
593140,508200,2016,Michael Feliz
451661,900000,2016,Josh Fields
571666,524100,2016,Mike Fiers
450729,7000000,2016,Doug Fister
571704,528200,2016,Ken Giles
502381,6750000,2016,Luke Gregerson
501789,525500,2016,Will Harris
572971,7250000,2016,Dallas Keuchel
621121,516700,2016,Lance McCullers Jr.
543521,529000,2016,Collin McHugh
450212,6500000,2016,Pat Neshek
448609,6000000,2016,Tony Sipp
525768,1475000,2016,Tim Collins
451584,8000000,2016,Wade Davis
518633,4225000,2016,Danny Duffy
518716,2000000,2016,Dillon Gee
516969,2550000,2016,Kelvin Herrera
460024,5500000,2016,Luke Hochevar
453178,7500000,2016,Ian Kennedy
450665,5500000,2016,Kris Medlen
501985,2000000,2016,Mike Minor
465657,7000000,2016,Joakim Soria
450306,8500000,2016,Jason Vargas
570649,1200000,2016,Yordano Ventura
450172,9500000,2016,Edinson Volquez
501625,507500,2016,Jose Alvarez
592135,510500,2016,Cam Bedrosian
571760,515000,2016,Andrew Heaney
573046,520000,2016,Mike Morin
474284,514500,2016,Cory Rasmus
572070,6425000,2016,Garrett Richards
477569,2400000,2016,Fernando Salas
502327,5000000,2016,Hector Santiago
533167,530000,2016,Matt Shoemaker
501925,5250000,2016,Joe Smith
450308,20200000,2016,Jered Weaver
474463,15800000,2016,Brett Anderson
520980,520000,2016,Pedro Baez
502211,515000,2016,Mike Bolsinger
488786,725000,2016,Louis Coleman
554340,517500,2016,Yimi Garcia
501822,1065000,2016,Chris Hatcher
445276,10650000,2016,Kenley Jansen
477132,33000000,2016,Clayton Kershaw
628317,3125000,2016,Kenta Maeda
593423,510000,2016,Frankie Montas
502051,515000,2016,Josh Ravin
547943,7833333,2016,Hyun Jin Ryu
548389,507500,2016,Ross Stripling
622072,530000,2016,Alex Wood
605169,987500,2016,Carter Capps
612672,12500000,2016,Wei-Yin Chen
543045,512500,2016,Adam Conley
543054,550000,2016,Jarred Cosart
445197,3450000,2016,Mike Dunn
429719,507500,2016,Edwin Jackson
543408,3500000,2016,Tom Koehler
612272,508500,2016,Raudel Lazo
457768,1350000,2016,Bryan Morris
429780,1200000,2016,Chris Narveson
475479,2500000,2016,David Phelps
573109,3400000,2016,AJ Ramos
502624,520200,2016,Chase Anderson
553872,509200,2016,Yhonathan Barrios
518468,514200,2016,Michael Blazek
490063,12209424,2016,Matt Garza
502026,519100,2016,Jeremy Jeffress
543380,518500,2016,Taylor Jungmann
608349,513000,2016,Corey Knebel
519076,522300,2016,Jimmy Nelson
543594,509700,2016,Sean Nolin
516414,510000,2016,Ariel Pena
503449,2800000,2016,Wily Peralta
519293,1475000,2016,Will Smith
592804,513900,2016,Tyler Thornburg
448614,1050000,2016,Carlos Torres
472551,1250000,2016,Fernando Abad
502272,2275000,2016,Casey Fien
502043,587500,2016,Kyle Gibson
461833,9200000,2016,Phil Hughes
448178,5312000,2016,Kevin Jepsen
554431,545000,2016,Tyler Matzek
543548,4500000,2016,Tommy Milone
450282,6300000,2016,Glen Perkins
519151,520000,2016,Ryan Pressly
429722,13500000,2016,Ervin Santana
543859,515000,2016,Michael Tonkin
455374,5375000,2016,Antonio Bastardo
460283,4000000,2016,Jerry Blevins
112526,7250000,2016,Bartolo Colon
594798,607000,2016,Jacob deGrom
572831,625000,2016,Josh Edgin
544727,4100000,2016,Jeurys Familia
518774,4325000,2016,Matt Harvey
449104,600000,2016,Jim Henderson
571927,515750,2016,Steven Matz
592665,5300000,2016,Addison Reed
570663,516500,2016,Hansel Robles
592789,535375,2016,Noah Syndergaard
548337,514875,2016,Logan Verrett
554430,546250,2016,Zack Wheeler
592127,507500,2016,Johnny Barbato
476454,507500,2016,Dellin Betances
570666,507500,2016,Luis Cessa
547973,9468443,2016,Aroldis Chapman
543135,5600000,2016,Nathan Eovaldi
453192,9000000,2016,Andrew Miller
571951,516650,2016,Bryan Mitchell
467100,4100000,2016,Ivan Nova
501381,4300000,2016,Michael Pineda
622663,521300,2016,Luis Severino
592741,533400,2016,Chasen Shreve
547888,22000000,2016,Masahiro Tanaka
489446,511900,2016,Kirby Yates
506693,4250000,2016,Henderson Alvarez III
571439,510000,2016,R.J. Alvarez
446099,4500000,2016,John Axford
605135,510000,2016,Chris Bassitt
448281,1580000,2016,Sean Doolittle
467094,2000000,2016,Felix Doubront
623430,507500,2016,Ryan Dull
608665,512500,2016,Kendall Graveman
543243,527500,2016,Sonny Gray
521230,523400,2016,Liam Hendriks
448179,6000000,2016,Rich Hill
519105,850000,2016,Jarrod Parker
451775,1050000,2016,Fernando Rodriguez Jr.
519240,2950000,2016,Marc Rzepczynski
595191,516000,2016,Jerad Eickhoff
491646,1400000,2016,Jeanmar Gomez
457448,13000000,2016,Matt Harrison
476451,7000000,2016,Jeremy Hellickson
456696,3900000,2016,David Hernandez
648737,514000,2016,Dalier Hinojosa
571786,512500,2016,Mario Hollands
450203,8000000,2016,Charlie Morton
593576,515000,2016,Hector Neris
605400,517500,2016,Aaron Nola
519085,518000,2016,Brett Oberholtzer
460701,1500000,2016,James Russell
621385,507500,2016,Daniel Stumpf
592826,516000,2016,Vince Velasquez
491708,532500,2016,Arquimedes Caminero
543037,548000,2016,Gerrit Cole
491703,3900000,2016,Neftali Feliz
453172,2175000,2016,Jared Hughes
434538,13666667,2016,Francisco Liriano
543456,520000,2016,Kyle Lobstein
502046,3025000,2016,Jeff Locke
458537,1000000,2016,Cory Luebke
453343,9650000,2016,Mark Melancon
504379,3000000,2016,Juan Nicasio
477003,9000000,2016,Jonathon Niese
453265,3450000,2016,Tony Watson
571473,520000,2016,Buddy Baumann
488748,520000,2016,Ryan Buchter
488768,7150000,2016,Andrew Cashner
457754,509600,2016,Jon Edwards
543506,526400,2016,Brandon Maurer
606131,507500,2016,Luis Perdomo
519141,1350000,2016,Drew Pomeranz
534812,521200,2016,Kevin Quackenbush
607067,510200,2016,Colin Rea
407845,1600000,2016,Fernando Rodney
475115,9625000,2016,Tyson Ross
448306,21000000,2016,James Shields
518553,4000000,2016,Steve Cishek
475857,1100000,2016,Ryan Cook
518703,1600000,2016,Charlie Furbush
433587,25857143,2016,Felix Hernandez
547874,10976096,2016,Hisashi Iwakuma
501992,523700,2016,Nate Karns
543557,515000,2016,Mike Montgomery
573064,532900,2016,Vidal Nuno
519267,807500,2016,Evan Scribner
543883,525500,2016,Nick Vincent
592836,528600,2016,Taijuan Walker
543964,511000,2016,Tony Zych
518516,9916667,2016,Madison Bumgarner
456501,17500000,2016,Johnny Cueto
518715,550000,2016,Cory Gearrin
518790,530000,2016,Chris Heston
502004,1150000,2016,George Kontos
592612,512500,2016,Josh Osich
489265,9000000,2016,Sergio Romo
502188,10800000,2016,Jeff Samardzija
519326,517500,2016,Hunter Strickland
621199,507500,2016,Matt Bowman
448802,11500000,2016,Jaime Garcia
518771,509000,2016,Mitch Harris
502190,12000000,2016,Mike Leake
458681,7500000,2016,Lance Lynn
544928,512500,2016,Tyler Lyons
595307,1400000,2016,Seth Maness
593372,539000,2016,Carlos Martinez
493200,2500000,2016,Seunghwan Oh
572096,5600000,2016,Trevor Rosenthal
543779,539000,2016,Kevin Siegrist
608379,539000,2016,Michael Wacha
425794,19500000,2016,Adam Wainwright
477229,3675000,2016,Jordan Walden
502042,2916667,2016,Chris Archer
502202,519200,2016,Brad Boxberger
458584,524100,2016,Xavier Cedeno
502171,4000000,2016,Alex Cobb
517008,521700,2016,Alex Colome
543144,527000,2016,Danny Farquhar
544993,519300,2016,Steve Geltz
519043,5100000,2016,Matt Moore
543606,520700,2016,Jake Odorizzi
541640,2375000,2016,Erasmo Ramirez
544836,510000,2016,Enny Romero
592767,3750000,2016,Drew Smyly
444436,1000000,2016,Ryan Webb
595032,524525,2016,Chase Whitley
501817,1500000,2016,Tony Barnette
506433,10000000,2016,Yu Darvish
518617,1255000,2016,Jake Diekman
473879,525270,2016,Sam Dyson
605226,508500,2016,Andrew Faulkner
430935,22500000,2016,Cole Hamels
592426,508500,2016,Luke Jackson
605309,518000,2016,Keone Kela
607309,509500,2016,Phil Klein
527048,3150000,2016,Martin Perez
489294,900000,2016,Tanner Scheppers
474521,3275000,2016,Shawn Tolleson
452666,3100000,2016,Tom Wilhelmsen
607352,507500,2016,Joe Biagini
446399,3800000,2016,Brett Cecil
445926,4000000,2016,Jesse Chavez
462136,11500000,2016,Marco Estrada
457918,10000000,2016,J.A. Happ
504186,510500,2016,Arnold Leon
571901,1050000,2016,Aaron Loup
462985,2000000,2016,Franklin Morales
532077,516100,2016,Roberto Osuna
592717,517800,2016,Aaron Sanchez
544759,513300,2016,Bo Schultz
519322,8375000,2016,Drew Storen
573186,515900,2016,Marcus Stroman
502578,519400,2016,Aaron Barrett
461829,12100000,2016,Gio Gonzalez
518875,4000000,2016,Shawn Kelley
424144,3000000,2016,Oliver Perez
433589,2500000,2016,Yusmeiro Petit
553878,516100,2016,Felipe Vazquez
543699,543400,2016,Tanner Roark
605452,514400,2016,Joe Ross
453286,22142857,2016,Max Scherzer
544931,10400000,2016,Stephen Strasburg
595014,524900,2016,Blake Treinen
